web-scraper-order,web-scraper-start-url,blogs,blogs-href,nextpage,content
1744287928-1,https://kpmg.com/in/en/insights.html,"India CX Report'25: Commercial Real Estate
        
        Findings across the process of leasing properties for business purposes, including office buildings, retail spaces, and industrial warehouses
        
          Read morechevron_right",https://kpmg.com/in/en/insights/2025/03/india-cx-report-2025/real-estate/commercial-real-estate.html,,"India CX Report'25: Commercial Real Estate close contact_mail Contact us India (EN) close Search cancel menu close Insights Back Our Insights Our Perspectives Artificial Intelligence Supply chain Energy and Renewables Cyber Security Economy and Growth Environmental, Social and Governance (ESG) Technology Risk and Regulation Workforce Transformation Global Capability Centres Assurance Industries Back All industries Aerospace, Defence & Space Energy, Natural Resources and Chemicals Media Building and Construction Financial Services Sports Consumer Markets Government Technology Education and Skills Development Emerging Giants Program Telecommunications Life Sciences Transport and Logistics Services Back What we do Advisory Environmental, Social and Governance (ESG) Tax The KPMG Learning Academy Board Leadership Transformation Powered Connected Elevate Trusted Managed Services Artificial Intelligence You can with AI Trusted AI Artificial Intelligence Insights Who we are Back About us Leadership Media Offices Alumni How we work Alliances KPMG. Make the Difference. Client Stories Analyst Relations Our Impact Plan Corporate Citizenship Working with us Back Careers Experienced Professionals Life at KPMG in India Culture and values Students KPMG Global Services Back KGS Leadership Our people Corporate Social Responsibility Consulting Deal Advisory & Strategy Tax Capability Hubs close contact_mail Contact us India (EN) close search Search search Your search term was too short. Search terms must include 3 or more characters. Previous search terms close Cancel Insights Mastering intentional experiences: India CX report' 25 India CX Report'25: Real Estate India CX Report'25: Commercial Real Estate India CX Report'25: Commercial Real Estate Findings across the process of leasing properties for business purposes, including office buildings, retail spaces, and industrial warehouses Share Differentiating at the right journey touchpoints is the key to value creation Pre - leasing Key customer considerations Did the brand offer enough help for me to assess the property? Importance of the stage 43 percent of the customers consider property  assessment experience as most impactful in defining their overall impression of the brand Top rated experience parameters A) Property details and offerings B) Location visit and accessibility C) Accuracy of risk assessment Hygiene parameters A) Fair costing and market estimate B) Future potential of development in the area Leasing Key customer considerations Did the brand make leasing informative and seamless? Importance of the stage 50 percent of the customers consider the leasing experience as most impactful in defining their overall impression of the brand Top rated experience parameters A) Regular stakeholder communication B) Support on financing and payments C) Stringent legal and regulatory compliance Hygiene parameters A) Thorough due diligence B) Fair negotiation and pricing Leasing period and renewals Key customer considerations Did the brand meet the commitments? Importance of the stage 7 percent of the customers consider utilizing the property for day-to-day operations as most impactful in defining their overall impression of the brand Top rated experience parameters A) Timely renovation B) Regular compliance and reporting Hygiene parameters A) Vendor relationship B) Efficient crisis management and risk mitigation C) Easy lease renewal Government regulation, brand image of the builder and location are top customer considerations while assessing property Q1 - Did the brand offer enough help for me to assess the property? Voice of Customer insights Location visit and accessibility are crucial parameters for customers when assessing a property – “The location is very important; I need a property connected by a main road and metro“ “I saw a lot of properties; some were good, but there were problems like it is not near any road or food shops.” “If I don't like the location, I don't go for that property.” Customers cited that they evaluate properties based on zoning and regulations – “The government regulations are very strict near schools, petrol pumps, hospitals, and liquor shops, so I avoid leasing property near these places."" Clear communication on payment terms, taxes and revealing any legal compliances ensures customer conversions Q2 - Did the brand make leasing informative and seamless? Voice of Customer insights Customers stated that support on financing increases the ease of leasing the property – ""If the payment terms are flexible, it becomes easier to lease a property.“ Customisations and fit-outs facilitated by builders are prioritised for leasing commercial properties – “I approached the builder for customisation, they provided the contact for another person. I would have preferred full support from them to make the changes.” Customers value good project management and transparent communication – “A few builders don’t reveal the entire information. There is some water issue on the property or there is no power backup. They might also hide penalties or unpaid taxes in order to make the sale.” Post- leasing, builders must ensure sustainability and timely renovations for renewals Q3 - Did the brand meet the commitments? Voice of Customer insights Post leasing, builders are maintaining a good relationship with the customers – Efficient property management and maintenance is another area where customer ratings are high For continuous engagement with the customer and ensuring regular renewals – Buiders should match local competitors in infrastructure upgrades. Builders must incorporate energy-efficient systems, like solar panels, LED lighting, and smart thermostats, that can significantly reduce energy consumption. Consistently showcasing a history of completed projects can demonstrate the builder's reliability and success. Striking the right balance between delighting the customer and the cost of servicing them is key to maximising value Performance of the segment on the prioritised experience attributes Companies are expanding to tier 2 and tier 3 cities as part of post-pandemic movement of the talent pool With rising costs and saturation in tier 1 cities, builders are expanding their portfolio in tier 2 and tier 3 cities. With high demand for GCCs in tier 1 and tier 2 cities, selecting a location is increasingly influenced by the availability of the right talent pool. Rising demand for green energy compliant office spaces Tenants recognise the long-term benefits of energy-efficient, eco-friendly buildings and are willing to pay a premium for socially responsible builders. Renovations and upgrades to address the return-to-office shift Flexible workforce has driven businesses seeking cost-effective and adaptable solutions, such as renovation and redevelopment of existing properties versus newer development. Builders must align their strategy with customer trends for effective short-term investment plans Customer retention is driven by transparent communication, trusted brand name and reliable customer support Customer segmentation based on Satisfaction and Loyalty (percentage share of respondents) Customer retention is dependent on their satisfaction with the brand and their tendency to explore alternatives. ‘Ambassador’ are highly satisfied customers who will keep contributing to the brand’s success. ‘Switchers’ on the other hand, are always seeking better options. ‘Critics’ as the third segment, actively convey negative feedback about the brand, if not satisfied. Finally, ‘Dependents’ are customers who remain loyal despite low satisfaction due to lack of alternatives in the market. Perceived overpricing and hidden costs directly impact a developer’s credibility 11 percent of customers seek more transparent and cost-effective alternatives when there are unexpected expenses and lower than expected returns Unresponsive support and post-sales neglect leads to customer churn 7 percent of customers value a personalised approach that addresses their specific needs. A generic, one-size-fits-all service can push them away Negative word-of-mouth or online reviews can significantly impact a developer's credibility. On the other hand, A broad portfolio signals that the builder has a wealth of experience and a range of successful projects, which instills confidence and trust ‘Expectation’ and ‘Integrity’ pillars hold high weightage in defining the overall experience, with a need for improvement on ‘Empathy’ Performance across the KPMG Six pillars of Customer Experience (Weightage of the pillars to the overall experience requirements) ‘Expectation’ (23 percent) is the key pillar in defining the overall experience with any commercial real estate builder, followed by ‘Integrity’ (22 percent) Builders can meet customer expectations by – Keeping the lines of communication open Offering virtual tours, 3D renderings, and interactive floor plans can provide a more immersive experience for potential customers Being responsive to inquiries and providing prompt customer support Offering flexible lease terms and payment plans particularly appealing to startups and small businesses. Builders are failing to meet customer expectations on ‘Empathy’. Small initiatives can go a long way – Take the time to understand the challenges and pain points your customers are facing Offer customised solutions that cater to the specific needs and preferences of each customer Build a personal connection with customers by showing genuine interest in their success. Managing customer expectations throughout project management will translate into high rates driven by trusted operations Top experience attributes influencing the customer’s willingness to pay Meeting customer expectations on the range of facilities as well as the look and feel of the property at possession Superior quality of construction and maintenance of amenities High level of trust between customer and brand Transparent communication on all legal compliances, government regulations and contract terms High quality service across all interactions with sales staff, in alignment with property cost An individual’s willingness to pay a premium is driven by immediate needs. As today’s customer evolves, the focal aspects of premiumisation has shifted from functionality to experience. This aspect may translate as personalised convenience, focus on wellbeing or even exclusive amenities. Ensuring customers’ peace of mind can help builders claim a premium on the property 31 percent of customers have a greater propensity to pay if the builder meets their expectations on facilities, construction quality, premise maintenance, etc. 28 percent of customers would pay more to the builders they trust and who seem reliable 25 percent of customers will have a greater propensity to pay if the builder – Communicates actual timelines Encourages customer feedback Offers regular updates on renovations and lease terms Personalised attention from a broker and in-depth knowledge of the market will offer better turnaround on offer negotiations Key Contacts Nikhil Sethi National Leader Consumer Goods and Co-Lead Customer & Operations KPMG in India mail Chintan Patel Partner, Deal Advisory & Head - Building, Construction and Real Estate KPMG in India mail Disclaimers This content sets forth the views of KPMG based on the completeness and accuracy of responses received from the participants and any assumptions that were included. If any of the responses is not complete or accurate, it could have a material effect on our conclusions. In accordance with its policy, KPMG advises that neither it nor any partner, director or employee undertakes any responsibility arising in any way whatsoever, to any person in respect of the matters dealt with in this content, including any errors or omissions therein, arising through negligence or otherwise, howsoever caused. While preparing the content, we have assumed the authenticity of all the responses or information referred or provided. We have not independently verified the accuracy, completeness, correctness or authenticity of the same. We assume no responsibility for content or any responses or information referred or provided. We have not performed an audit and do not express an opinion or any other form of assurance. Further, content is not intended, nor should it be interpreted to be legal advice or opinion. In connection with the content or any part thereof, KPMG does not owe duty of care (whether in contract or in tort or under statute or otherwise) to any person or party to whom the content is circulated to and KPMG shall not be liable to any party who uses or relies on this content. KPMG hereby disclaims all responsibility or liability for any costs, damages, losses, liabilities, expenses incurred by such third party arising out of or in connection with the content or any part thereof. The content contained herein is of a general nature and is not intended to address the circumstances of any particular individual or entity. Although we endeavor to provide accurate and timely information, there can be no guarantee that such information is accurate as of the date it is received or that it will continue to be accurate in the future. No one should act on such information without appropriate professional advice after a thorough examination of the particular situation. By reading the content the reader shall be deemed to have accepted the terms mentioned hereinabove. KPMG Assurance and Consulting Services LLP, Lodha Excelus, Apollo Mills Compound, NM Joshi Marg, Mahalaxmi, Mumbai – 400 011 Phone: +91 22 3989 6000, Fax: +91 22 3983 6000. © 2025 KPMG Assurance and Consulting Services LLP, an Indian Limited Liability Partnership and a member firm of the KPMG global organization of independent member firms affiliated with KPMG International Limited, a private English company limited by guarantee. All rights reserved. Contact Contact Us Submit RFP Contact Contact Us Submit RFP Media Press Releases Media Press Releases Company Careers About Us Company Careers About Us Legal Privacy Accessibility Help © 2025 KPMG Assurance and Consulting Services LLP, an Indian Limited Liability Partnership and a member firm of the KPMG global organization of independent member firms affiliated with KPMG International Limited, a private English company limited by guarantee. All rights reserved. For more detail about the structure of the KPMG global organization please visit https://kpmg.com/governance . north Back to top"
1744287928-2,https://kpmg.com/in/en/insights.html,"India CX Report'25: Residential Real Estate
        
        Findings across the process of selling residential properties to individuals and families
        
          Read morechevron_right",https://kpmg.com/in/en/insights/2025/03/india-cx-report-2025/real-estate/residential-real-estate.html,,"India CX Report'25: Residential Real Estate close contact_mail Contact us India (EN) close Search cancel menu close Insights Back Our Insights Our Perspectives Artificial Intelligence Supply chain Energy and Renewables Cyber Security Economy and Growth Environmental, Social and Governance (ESG) Technology Risk and Regulation Workforce Transformation Global Capability Centres Assurance Industries Back All industries Aerospace, Defence & Space Energy, Natural Resources and Chemicals Media Building and Construction Financial Services Sports Consumer Markets Government Technology Education and Skills Development Emerging Giants Program Telecommunications Life Sciences Transport and Logistics Services Back What we do Advisory Environmental, Social and Governance (ESG) Tax The KPMG Learning Academy Board Leadership Transformation Powered Connected Elevate Trusted Managed Services Artificial Intelligence You can with AI Trusted AI Artificial Intelligence Insights Who we are Back About us Leadership Media Offices Alumni How we work Alliances KPMG. Make the Difference. Client Stories Analyst Relations Our Impact Plan Corporate Citizenship Working with us Back Careers Experienced Professionals Life at KPMG in India Culture and values Students KPMG Global Services Back KGS Leadership Our people Corporate Social Responsibility Consulting Deal Advisory & Strategy Tax Capability Hubs close contact_mail Contact us India (EN) close search Search search Your search term was too short. Search terms must include 3 or more characters. Previous search terms close Cancel Insights Mastering intentional experiences: India CX report' 25 India CX Report'25: Real Estate India CX Report'25: Residential Real Estate India CX Report'25: Residential Real Estate Findings across the process of selling residential properties to individuals and families Share Differentiating at the right journey touchpoints is the key to value creation Pre - Purchase Key customer considerations Did the builder offer enough help for me to assess the property? Importance of the stage 44 percent of customers consider property assessment experience as most impactful in defining the overall perception of the brand Top rated experience parameters A) Location visit and accessibility B) Positive environmental impact and sustainability C) Accuracy of property specifications Hygiene parameters A) Reputation of the builder or contractor B) Fair pricing and payment schedule During Purchase Key customer considerations Did the builder make the purchase process informative and seamless? Importance of the stage 46 percent of customers consider property registration-to-possession experience as most impactful in defining the overall perception of the brand Top rated experience parameters A) Efficient project management B) Support on financing and payment structures C) Option of customisations and fit-outs Hygiene parameters A) Supplier and contractor coordination Post - Purchase Key customer considerations Did the brand meet its commitments? Importance of the stage 10 percent of customers consider the ownership experience as most impactful in defining the overall perception of the brand Top rated experience parameters A) Timely renovation and upgrades Hygiene parameters A) Ease of reselling B) Sustainability practice maintenance When customers are exploring options, credentials of builder plays a crucial role in impacting customer experience Q1 - Did the brand offer enough help for me to assess the property? Voice of Customer insights Location visit and accessibility are crucial for customers when assessing a property – “We had many options but opted for this one because the location and interiors were good.“ Customers stated that they evaluate properties based on zoning and regulations – “I prefer buying from big names because they make sure they follow all government regulations.“ Customers also factor in the reputation of builders and contractors during the pre-purchase stage – ""In Delhi, I'm aware of two prominent builders, brand A and brand B."" “We are more comfortable and have peace of mind when we buy a property from a big name. Operations will run seamlessly and there will not be any problems in the future.” Transparent and proactive communication on the contractual terms as well as about the progress status of the project helps improve the overall experience Q2 - Did the brand make the purchase process informative and seamless? Voice of Customer insights Transparent communication builds brand trust – “Difficulty is that proper information is lacking. Nobody will tell you the full truth. They hide construction issues and delays in order to sell the property.“ ""If a brand provides good service, it builds trust.“ Contractual terms and conditions should be easy to understand to enable a seamless process for the customer – “Builder A had very tall buildings, and the lower floors were already booked. The process was very detailed, with a lot of scrutiny and formalities, which felt a bit overwhelming. The material used was good, but the process and height of the buildings were not suitable for us."" Ease of reselling and ongoing efforts on sustainability require improvement at a sector level Q3 - Did the brand meet its commitments? Voice of Customer insights Poor property management and maintenance can significantly impact ownership experience and tenant satisfaction – “Brand C always has some issues. I lived in one of their projects, and there were many plumbing problems due to saline water. Every three to four months, we had to get plumbing work done. There was also no Narmada water connection, which is available in my current building."" ""I checked out Brand D’s construction too, but their work was not fully complete. There were some patchworks and cracks on the walls, so I cancelled it.“ “First, I spent so much to buy the house, now I am paying towards maintenance every month. If regular upkeep is not there in the society, then all that extra amount is a waste. I expect basic maintenance and management from the society.” Striking the right balance between delighting the customer and the cost of servicing them is key to maximising value Performance of the segment on the prioritised experience attributes Customers are increasingly seeking homes equipped with  smart technology features and proximity to basic facilities Customers are keen on properties in gated colonies at prime locations, which ensures proximity to necessities such as schools and hospitals. In a time of constant surveillance and regular visits from delivery agents, security is another attribute sought by residential customers. High demand for the mid and high-end segment: Builder portfolio should contain a good mix of affordable, mid-range, and luxury properties, as the purpose of investment may differ from customer to customer. Complementary facilities such as concierge or club memberships are good to have but are not actively sought by the customers. Low performance of the segment across prioritised experience attributes can be mapped to low customer retention Customer segmentation based on Satisfaction and Loyalty (percentage share of respondents) Customer retention is dependent on their satisfaction with the brand and their tendency to explore alternatives. ‘Ambassadors’ are highly satisfied customers who will keep contributing to the brand’s success. ‘Switchers’ on the other hand, are always seeking better options. ‘Critics’ as the third segment, actively convey negative feedback about the brand, if not satisfied. Finally, ‘Dependents’ are customers who remain loyal despite low satisfaction due to lack of alternatives in the market. Attributes that build strong ambassadors for the segment: 15 percent of customers actively recommend builders with high top of the mind recall built via social circle and brand visibility. 8 percent of customers trust builders due to the high number of projects emerging in the locality, reflecting the builder's strong financial standing. Attributes leading to customer churn: High-value purchases are under customer scrutiny from the first connect. Hence, builders must reveal all details on the website or during in-person discussions. For 8 percent of customers, this reinforces trust in the brand. ‘Expectation’, ‘Integrity’ and ‘Personalisation’ pillars hold high weightage in defining customer experience for the residential segment Performance across the KPMG Six pillars of Customer Experience (Weightage of the pillars to the overall experience requirements) Attributes under ‘Expectation’ pillar, driving customer experience are – Higher the purchase value, higher the customer expectations. Real Estate builders must ensure developments meet the promises made to the customers on paper Customers should be offered multiple options to consider Construction quality should be in line with the brand image The development should be present in the preferred area of your target segment. Attributes under ‘Integrity’ pillar, driving customer experience are – Clear communication on prices, which are not altered at a later period Builders must put an equal emphasis on instilling trust within the local community. Word-of-mouth is still a prominent channel for advocacy as opposed to the online channels. Attributes under ‘Personalisation’ pillar, driving customer experience are – Omnichannel communication, follow-up leading to customer acquisitions, and a shared browsing experience with 3D renderings will drive sales. Ensuring customer peace of mind delivered via excellent service can help drive  prices of the property Top experience attributes influencing the customer’s willingness to pay Meeting customer expectations on the range of facilities available as well as the look and feel of the property at possession Superior quality of construction and maintenance of property High levels of trust between customer and brand Good location with proximity to schools, hospitals, markets and other essential services High quality service across all interactions with sales staff, in alignment with property cost An individual’s willingness to pay a premium is driven by immediate needs. As today’s customer evolves, the focal aspect of premiumisation has shifted from functionality to experience. This aspect may translate as personalised convenience, focus on wellbeing or even exclusive amenities. Ensuring customers’ peace of mind can help builders claim a premium on the property 32 percent of customers have a greater propensity to pay if the builder meets their expectations on amenities, construction quality, maintenance of the premises, etc. 28 percent of customers would pay more to builders they trust Value of residential property rises with strong community endorsements For the residential segment, 24 percent would pay more for a property with a great community or positive word-of-mouth from existing residents. 24 percent of customers are willing to pay more if they feel the sales staff reflects the property's value in service. Key Contacts Nikhil Sethi National Leader Consumer Goods and Co-Lead Customer & Operations KPMG in India mail Chintan Patel Partner, Deal Advisory & Head - Building, Construction and Real Estate KPMG in India mail Disclaimers This content sets forth the views of KPMG based on the completeness and accuracy of responses received from the participants and any assumptions that were included. If any of the responses is not complete or accurate, it could have a material effect on our conclusions. In accordance with its policy, KPMG advises that neither it nor any partner, director or employee undertakes any responsibility arising in any way whatsoever, to any person in respect of the matters dealt with in this content, including any errors or omissions therein, arising through negligence or otherwise, howsoever caused. While preparing the content, we have assumed the authenticity of all the responses or information referred or provided. We have not independently verified the accuracy, completeness, correctness or authenticity of the same. We assume no responsibility for content or any responses or information referred or provided. We have not performed an audit and do not express an opinion or any other form of assurance. Further, content is not intended, nor should it be interpreted to be legal advice or opinion. In connection with the content or any part thereof, KPMG does not owe duty of care (whether in contract or in tort or under statute or otherwise) to any person or party to whom the content is circulated to and KPMG shall not be liable to any party who uses or relies on this content. KPMG hereby disclaims all responsibility or liability for any costs, damages, losses, liabilities, expenses incurred by such third party arising out of or in connection with the content or any part thereof. The content contained herein is of a general nature and is not intended to address the circumstances of any particular individual or entity. Although we endeavor to provide accurate and timely information, there can be no guarantee that such information is accurate as of the date it is received or that it will continue to be accurate in the future. No one should act on such information without appropriate professional advice after a thorough examination of the particular situation. By reading the content the reader shall be deemed to have accepted the terms mentioned hereinabove. KPMG Assurance and Consulting Services LLP, Lodha Excelus, Apollo Mills Compound, NM Joshi Marg, Mahalaxmi, Mumbai – 400 011 Phone: +91 22 3989 6000, Fax: +91 22 3983 6000. © 2025 KPMG Assurance and Consulting Services LLP, an Indian Limited Liability Partnership and a member firm of the KPMG global organization of independent member firms affiliated with KPMG International Limited, a private English company limited by guarantee. All rights reserved. Contact Contact Us Submit RFP Contact Contact Us Submit RFP Media Press Releases Media Press Releases Company Careers About Us Company Careers About Us Legal Privacy Accessibility Help © 2025 KPMG Assurance and Consulting Services LLP, an Indian Limited Liability Partnership and a member firm of the KPMG global organization of independent member firms affiliated with KPMG International Limited, a private English company limited by guarantee. All rights reserved. For more detail about the structure of the KPMG global organization please visit https://kpmg.com/governance . north Back to top"
1744287928-3,https://kpmg.com/in/en/insights.html,"India CX Report'25: Real Estate
        
        The real estate landscape is more dynamic than ever, propelled by innovation, a focus on sustainability, and the evolving needs of modern communities
        
          Read morechevron_right",https://kpmg.com/in/en/insights/2025/03/india-cx-report-2025/real-estate.html,,"India CX Report'25: Real Estate close contact_mail Contact us India (EN) close Search cancel menu close Insights Back Our Insights Our Perspectives Artificial Intelligence Supply chain Energy and Renewables Cyber Security Economy and Growth Environmental, Social and Governance (ESG) Technology Risk and Regulation Workforce Transformation Global Capability Centres Assurance Industries Back All industries Aerospace, Defence & Space Energy, Natural Resources and Chemicals Media Building and Construction Financial Services Sports Consumer Markets Government Technology Education and Skills Development Emerging Giants Program Telecommunications Life Sciences Transport and Logistics Services Back What we do Advisory Environmental, Social and Governance (ESG) Tax The KPMG Learning Academy Board Leadership Transformation Powered Connected Elevate Trusted Managed Services Artificial Intelligence You can with AI Trusted AI Artificial Intelligence Insights Who we are Back About us Leadership Media Offices Alumni How we work Alliances KPMG. Make the Difference. Client Stories Analyst Relations Our Impact Plan Corporate Citizenship Working with us Back Careers Experienced Professionals Life at KPMG in India Culture and values Students KPMG Global Services Back KGS Leadership Our people Corporate Social Responsibility Consulting Deal Advisory & Strategy Tax Capability Hubs close contact_mail Contact us India (EN) close search Search search Your search term was too short. Search terms must include 3 or more characters. Previous search terms close Cancel Insights Mastering intentional experiences: India CX report' 25 India CX Report'25: Real Estate India CX Report'25: Real Estate The real estate landscape is more dynamic than ever, propelled by innovation, a focus on sustainability, and the evolving needs of modern communities Share Did you know? chevron_left Residential Real Estate Commercial Real Estate chevron_right groups When customers are exploring options, credentials of builder plays a crucial role in impacting customer experience real_estate_agent Transparent and proactive communication on the contractual terms as well as on the progress status of the project helps improve the overall experience support_agent 15 percent of customers actively recommend builders with high top of the mind recall built via social circle and brand visibility data_thresholding ‘Expectation’, ‘Integrity’ and ‘Personalisation’ pillars hold high weightage in defining customer experience for the residential segment business 50 percent of customers consider point-of-sale as most impactful in defining their overall experience in the commercial real estate segment add_ic_call Clear communication on payment terms, taxes and revealing any legal compliances ensures customer conversions account_balance_wallet 31 percent of customers have greater  propensity to pay if builders meet their expectations on amenities, construction quality, premise maintenance etc assignment_returned Unexpected expenses and lower than expected returns can erode trust and lead to at least 11 percent of customers seeking more transparent and cost-effective alternatives India CX Report'25: Residential Real Estate Findings across the process of selling residential properties to individuals and families Read more India CX Report'25: Commercial Real Estate Findings across the process of leasing properties for business purposes, including office buildings, retail spaces, and industrial warehouses Read more For real estate customers, trust in the developer's brand is crucial. Customers look for reliability, quality, and adherence to timelines, often relying on word-of-mouth recommendations and market reviews. Project location, community-centric developments, sustainability, and smart technology are shaping expectations, making it essential for brands to adapt and innovate. Chintan Patel Partner, Deal Advisory & Head - Building, Construction and Real Estate KPMG in India Key Contacts Nikhil Sethi National Leader Consumer Goods and Co-Lead Customer & Operations KPMG in India mail Chintan Patel Partner, Deal Advisory & Head - Building, Construction and Real Estate KPMG in India mail Disclaimers This content sets forth the views of KPMG based on the completeness and accuracy of responses received from the participants and any assumptions that were included. If any of the responses is not complete or accurate, it could have a material effect on our conclusions. In accordance with its policy, KPMG advises that neither it nor any partner, director or employee undertakes any responsibility arising in any way whatsoever, to any person in respect of the matters dealt with in this content, including any errors or omissions therein, arising through negligence or otherwise, howsoever caused. While preparing the content, we have assumed the authenticity of all the responses or information referred or provided. We have not independently verified the accuracy, completeness, correctness or authenticity of the same. We assume no responsibility for content or any responses or information referred or provided. We have not performed an audit and do not express an opinion or any other form of assurance. Further, content is not intended, nor should it be interpreted to be legal advice or opinion. In connection with the content or any part thereof, KPMG does not owe duty of care (whether in contract or in tort or under statute or otherwise) to any person or party to whom the content is circulated to and KPMG shall not be liable to any party who uses or relies on this content. KPMG hereby disclaims all responsibility or liability for any costs, damages, losses, liabilities, expenses incurred by such third party arising out of or in connection with the content or any part thereof. The content contained herein is of a general nature and is not intended to address the circumstances of any particular individual or entity. Although we endeavor to provide accurate and timely information, there can be no guarantee that such information is accurate as of the date it is received or that it will continue to be accurate in the future. No one should act on such information without appropriate professional advice after a thorough examination of the particular situation. By reading the content the reader shall be deemed to have accepted the terms mentioned hereinabove. KPMG Assurance and Consulting Services LLP, Lodha Excelus, Apollo Mills Compound, NM Joshi Marg, Mahalaxmi, Mumbai – 400 011 Phone: +91 22 3989 6000, Fax: +91 22 3983 6000. © 2025 KPMG Assurance and Consulting Services LLP, an Indian Limited Liability Partnership and a member firm of the KPMG global organization of independent member firms affiliated with KPMG International Limited, a private English company limited by guarantee. All rights reserved. Contact Contact Us Submit RFP Contact Contact Us Submit RFP Media Press Releases Media Press Releases Company Careers About Us Company Careers About Us Legal Privacy Accessibility Help © 2025 KPMG Assurance and Consulting Services LLP, an Indian Limited Liability Partnership and a member firm of the KPMG global organization of independent member firms affiliated with KPMG International Limited, a private English company limited by guarantee. All rights reserved. For more detail about the structure of the KPMG global organization please visit https://kpmg.com/governance . north Back to top"
1744287928-4,https://kpmg.com/in/en/insights.html,"You can with AI
        
        Discover endless opportunities with AI – unlock untapped value, innovation, and strategy, underpinned by trust and guided expertise
        
          Read morechevron_right",https://kpmg.com/in/en/insights/2025/04/you-can-with-ai.html,,
1744287928-5,https://kpmg.com/in/en/insights.html,"Powering the Future: How AI is Driving the Next Wave of Energy Innovation
        
        Energy sector faces challenges and opportunities, evidence-based decisions crucial for responsible AI scaling amidst hype
        
          Read morechevron_right",https://kpmg.com/in/en/blogs/2025/04/powering-the-future-how-ai-is-driving-the-next-wave-of-energy-innovation.html,,
1744287928-6,https://kpmg.com/in/en/insights.html,"India CX Report'25: Premium Hotels
        
        Findings across hotels operating at a high price point offering a wide range of facilities and high-quality services
        
          Read morechevron_right",https://kpmg.com/in/en/insights/2025/03/india-cx-report-2025/hotels/premium-hotels.html,,"India CX Report'25: Premium Hotels close contact_mail Contact us India (EN) close Search cancel menu close Insights Back Our Insights Our Perspectives Artificial Intelligence Supply chain Energy and Renewables Cyber Security Economy and Growth Environmental, Social and Governance (ESG) Technology Risk and Regulation Workforce Transformation Global Capability Centres Assurance Industries Back All industries Aerospace, Defence & Space Energy, Natural Resources and Chemicals Media Building and Construction Financial Services Sports Consumer Markets Government Technology Education and Skills Development Emerging Giants Program Telecommunications Life Sciences Transport and Logistics Services Back What we do Advisory Environmental, Social and Governance (ESG) Tax The KPMG Learning Academy Board Leadership Transformation Powered Connected Elevate Trusted Managed Services Artificial Intelligence You can with AI Trusted AI Artificial Intelligence Insights Who we are Back About us Leadership Media Offices Alumni How we work Alliances KPMG. Make the Difference. Client Stories Analyst Relations Our Impact Plan Corporate Citizenship Working with us Back Careers Experienced Professionals Life at KPMG in India Culture and values Students KPMG Global Services Back KGS Leadership Our people Corporate Social Responsibility Consulting Deal Advisory & Strategy Tax Capability Hubs close contact_mail Contact us India (EN) close search Search search Your search term was too short. Search terms must include 3 or more characters. Previous search terms close Cancel Home Insights Mastering intentional experiences: India CX report' 25 India CX Report'25: Hotels India CX Report'25: Premium Hotels India CX Report'25: Premium Hotels Findings across hotels operating at a high price point offering a wide range of facilities and high-quality services Share Differentiating at the right journey touchpoints is the key to value creation Pre - stay Key customer considerations Was it easy for me to assess the property and make the booking? Importance of the stage 30 percent of the consumers consider their pre - stay experience as the most impactful stage in defining the overall experience with the brand Top rated experience parameters A) Reviews and testimonials B) Privacy, exclusivity, and security features Hygiene parameters A) Proximity to local attractions & landmarks B) Seamless booking process and communication of hotel rules and policy On - premise stay Key customer considerations Did the hotel meet my expectations? Importance of the stage 65 percent of the consumers consider their on - premise stay as the most impactful in defining the overall experience with the brand Top rated experience parameters A) Check-in experience, professional and empathetic staff B) Room quality, facilities, housekeeping and toiletries Hygiene parameters A) Childcare services B) Management of events and activities C) On-site security personnel Post - stay Key customer considerations Was my experience impactful enough for me to revisit or recommend the hotel to others? Importance of the stage Only 5 percent of the consumers consider post - stay stage as the most impactful in defining the overall experience with the brand Top rated experience parameters A) Post-stay support and query resolution B) Follow-up communication Hygiene parameters A) Smooth & efficient check out process Beyond facilities, clear communication on hotel policies and meeting privacy need, leads to customer conversion Q1 - Was it easy for me to assess the property and make the booking? Voice of Customer insights Presence of facilities – like pool, gym, spa services – is a crucial factor for customers while assessing a property – “Hotel A has everything, like a gym, steam bath, conference rooms, and all the facilities you expect from a branded hotel. Boutique resorts don't have all these facilities."" “The location is important, but the food, swimming pool, and room service are also crucial” “If there is a swimming pool, I would be more than happy to book a room there.” Customers expect hotels to provide recreational facilities catering to all age groups – “They will provide smart TV facilities with a subscription to OTT channels. Additionally, every hotel must have a play station, indoor and outdoor game areas, a swimming pool, and a garden with plenty of activities for children.” Managing customer expectations around services during their stay, defines their overall experience Q2 - Did the hotel meet my expectations? Voice of Customer insights A good check-in experience, professional and empathetic staff can significantly improve customer experience – “ The whole property infrastructure and its overall quality are important. The second factor is the staff. The property can be massive with great services and facilities, but if the staff are not equally humble and nice towards their guests, it won't make a good combination. These two together will make the experience good .” “ Hotel B is a professional-level hotel with trained staff who know how to treat customers. ” Customers expect delivery on what was promised – “ When we booked the room, it was supposed to be a double bed with AC. However, there was no AC in the entire hotel, even though they offered the option and charged for it .” Most brands performed well on the post-stay experience parameters; Potential to differentiate on check-out process and luggage assistance Q3 - Was my experience impactful enough for me to revisit or recommend the hotel to others? Voice of Customer insights Customers value a smooth and efficient check out process – “ I think it's important for hotels to maintain their standard of service and improve in areas such as staff behavior and the check-in and check-out process, making it more guest-friendly. They should try to understand different aspects of guests in a much better way. It would be great if hotels could accommodate late check-outs or midnight check-ins, around 2 or 3 AM, and manage everything well ” “ If they also offer pick-up and drop-off services, that would be helpful for me. These things would incline me towards picking a property with these facilities. “ Overall, the segment demonstrates good customer ratings on all the parameters Striking the right balance between delighting customer and the cost of servicing them is key to maximising value Performance of the segment on the prioritized experience attributes Customers are expecting integration of technology to existing facilities around premium hotels Facilitation of customer support via AI or mobile app can streamline their stay• Customized room settings can be better operationalised in smart rooms with automated lighting and temperature control Leisure travelers want wellness packages as part of their stays Premium hotels are incorporating wellness-focused facilities and services, such as spa treatments, fitness programs, and healthy dining options, to cater to the health-conscious traveler Customers are less focused on the website experience, since majority of the bookings are coming from OTA (online travel agency) platforms. Customer retention is high for premium hotels with 55 percent guests re - booking their stay citing great customer support and value for money as the top reasons Customer segmentation based on satisfaction and loyalty (percentage share of respondents) Customer retention is dependent on their satisfaction with the brand and their tendency to explore alternatives. ‘Ambassador’ are highly satisfied customers who will keep contributing to the brand’s success. ‘Switchers’ on the other hand, are always seeking better options. ‘Critics’ as the third segment, actively convey negative feedback about the brand, if not satisfied. Finally, ‘Dependents’ are customers who remain loyal despite low satisfaction due to lack of alternatives in the market. Maintaining and exceeding committed expectations is a key attribute to customer loyalty Failing to provide assurance of facilities and a positive experience, may result in churning of 11% of the customers 10% guests are likely to never return to the premium hotels if the sense of luxury is undermined 10% guests won't rebook a premium hotel if customer support fails to meet their high expectations because it diminishes the perceived value of the premium price. The ‘Expectation’ pillar has the highest weightage in defining customer experience; Need for improvement on ‘Resolution’ pillar Performance across the KPMG Six pillars of Customer Experience (Weightage of the pillars to the overall experience requirements) Expectation (23 percent) is the key pillar in defining the overall experience with any premium hotel brand, followed by Integrity (18 percent) Premium hotels can meet customer expectations by – Gather feedback to understand what guests expect. Continuously enhancing facilities to exceed guest expectations. Premium hotels are failing to meet customer needs on ‘Resolution’. Small initiatives can go a long way – Offer round-the-clock customer support to address issues promptly. Ensure staff are well-trained in conflict resolution and empathetic communication. Provide multiple, clear channels for guests to voice their concerns, such as phone, email, and in-person. Customize solutions to fit the unique needs of each guest, showing attentiveness and dedication. Anticipate common issues and have proactive measures in place to prevent them. The customer’s willingness to pay more is high across the leading pillars  of experience - ‘Expectation’  and  ‘Integrity’ The top 5 experience attributes influencing the customer’s willingness to pay a premium Prompt and quality support from staff across online/ offline channels High-end facilities and services offered across the hotel premises Complete delivery on promised brand experience, for the money paid Widespread availability of the hotel-chain across locations Relevant program structure and personalised benefits, keeping the customer coming back for more An individual’s willingness to pay a premium is driven by immediate needs. As today’s customer evolves, the focal aspects of premiumisation has shifted from functionality to experience. These aspect may as well translate as personalised convenience, omnichannel communication or even exclusivity in customer support High-paying guests expect exceptional service 35 percent guest feel quality customer support is crucial for premium hotel brands as it goes hand-in-hand with brand reputation In premium hotels, facilities contribute more to creating a luxurious experience than the level of service provided. 32 percent would pay more for better room comfort as well as overall ambience around the hotel premises. However, only 21 percent would pay more for better service Location drives rates for premium hotels 28 percent would pay more for a hotel located centrally or near airport, tourist attractions, based on their purpose of stay Key Contacts Nikhil Sethi National Leader Consumer Goods and Co-Lead Customer & Operations KPMG in India mail Chintan Patel Partner, Deal Advisory & Head - Building, Construction and Real Estate KPMG in India mail Disclaimers This content sets forth the views of KPMG based on the completeness and accuracy of responses received from the participants and any assumptions that were included. If any of the responses is not complete or accurate, it could have a material effect on our conclusions. In accordance with its policy, KPMG advises that neither it nor any partner, director or employee undertakes any responsibility arising in any way whatsoever, to any person in respect of the matters dealt with in this content, including any errors or omissions therein, arising through negligence or otherwise, howsoever caused. While preparing the content, we have assumed the authenticity of all the responses or information referred or provided. We have not independently verified the accuracy, completeness, correctness or authenticity of the same. We assume no responsibility for content or any responses or information referred or provided. We have not performed an audit and do not express an opinion or any other form of assurance. Further, content is not intended, nor should it be interpreted to be legal advice or opinion. In connection with the content or any part thereof, KPMG does not owe duty of care (whether in contract or in tort or under statute or otherwise) to any person or party to whom the content is circulated to and KPMG shall not be liable to any party who uses or relies on this content. KPMG hereby disclaims all responsibility or liability for any costs, damages, losses, liabilities, expenses incurred by such third party arising out of or in connection with the content or any part thereof. The content contained herein is of a general nature and is not intended to address the circumstances of any particular individual or entity. Although we endeavor to provide accurate and timely information, there can be no guarantee that such information is accurate as of the date it is received or that it will continue to be accurate in the future. No one should act on such information without appropriate professional advice after a thorough examination of the particular situation. By reading the content the reader shall be deemed to have accepted the terms mentioned hereinabove. KPMG Assurance and Consulting Services LLP, Lodha Excelus, Apollo Mills Compound, NM Joshi Marg, Mahalaxmi, Mumbai – 400 011 Phone: +91 22 3989 6000, Fax: +91 22 3983 6000. © 2025 KPMG Assurance and Consulting Services LLP, an Indian Limited Liability Partnership and a member firm of the KPMG global organization of independent member firms affiliated with KPMG International Limited, a private English company limited by guarantee. All rights reserved. Contact Contact Us Submit RFP Contact Contact Us Submit RFP Media Press Releases Media Press Releases Company Careers About Us Company Careers About Us Legal Privacy Accessibility Help © 2025 KPMG Assurance and Consulting Services LLP, an Indian Limited Liability Partnership and a member firm of the KPMG global organization of independent member firms affiliated with KPMG International Limited, a private English company limited by guarantee. All rights reserved. For more detail about the structure of the KPMG global organization please visit https://kpmg.com/governance . north Back to top"
1744287928-7,https://kpmg.com/in/en/insights.html,"India CX Report'25: Hotels
        
        Hoteliers must assess the role of facilities and service levels in delivering the right Customer Experience across different establishments
        
          Read morechevron_right",https://kpmg.com/in/en/insights/2025/03/india-cx-report-2025/hotels.html,,"India CX Report'25: Hotels close contact_mail Contact us India (EN) close Search cancel menu close Insights Back Our Insights Our Perspectives Artificial Intelligence Supply chain Energy and Renewables Cyber Security Economy and Growth Environmental, Social and Governance (ESG) Technology Risk and Regulation Workforce Transformation Global Capability Centres Assurance Industries Back All industries Aerospace, Defence & Space Energy, Natural Resources and Chemicals Media Building and Construction Financial Services Sports Consumer Markets Government Technology Education and Skills Development Emerging Giants Program Telecommunications Life Sciences Transport and Logistics Services Back What we do Advisory Environmental, Social and Governance (ESG) Tax The KPMG Learning Academy Board Leadership Transformation Powered Connected Elevate Trusted Managed Services Artificial Intelligence You can with AI Trusted AI Artificial Intelligence Insights Who we are Back About us Leadership Media Offices Alumni How we work Alliances KPMG. Make the Difference. Client Stories Analyst Relations Our Impact Plan Corporate Citizenship Working with us Back Careers Experienced Professionals Life at KPMG in India Culture and values Students KPMG Global Services Back KGS Leadership Our people Corporate Social Responsibility Consulting Deal Advisory & Strategy Tax Capability Hubs close contact_mail Contact us India (EN) close search Search search Your search term was too short. Search terms must include 3 or more characters. Previous search terms close Cancel Home Insights Mastering intentional experiences: India CX report' 25 India CX Report'25: Hotels India CX Report'25: Hotels Hoteliers must assess the role of facilities and service levels in delivering the right Customer Experience across different establishments Share Did you know? chevron_left Premium Hotels Budget Hotels chevron_right workspace_premium Premium hotel segment has an opportunity to differentiate on the booking process, communication on policy, and childcare services drive_file_rename_outline Segment is performing well on the prioritised attributes such as on-site experience, customer support, and quality of rooms and facilities gpp_good Good performance of the segment across prioritised experience attributes can be mapped to high customer retention wth 55 percent of customers being brand ambassadors attach_money The customer’s willingness to pay more is high across the leading pillars  of experience - ‘Expectation’  and  ‘Integrity’ support_agent 57 percent of the consumers consider their on-premise stay as the most impactful in defining the overall experience with the brand thumb_up_alt Despite good performance in the pre-stay and on-premise stay, the segment is performing poorly on the post-visit touchpoints, particularly Transparent billing Option of luggage assistance key The key attribute driving both ambassadors and switchers is ‘Value for money’ insights Although customers prioritize the ‘Expectation’ pillar, their willingness to pay more is higher for the ‘Empathy’ pillar India CX Report'25: Premium Hotels Findings across hotels operating at a high price point offering a wide range of facilities and high-quality services Read more India CX Report'25: Budget Hotels Findings across hotels offering essential facilities at an affordable price point Read more In premium hotel segment, along with service levels, facilities play a crucial role in making or breaking the customer experience. Brands can hence differentiate themselves by offering wellness focused facilities such as gyms, spas and healthy dining options. Providing childcare options for families on leisure trips, ensuring personalised guest experiences, and seamless digital check-ins can also help brands in the segment stand out from their peers. The segment also sees high levels of repeat customers with 55 percent of customers being strong ambassadors. Customer's strong willingness to pay more is high across the experience pillars of ‘Expectation’ and ‘Integrity’ and hence, improving on these pillars will drive further brand advocacy and market growth Chintan Patel Partner, Deal Advisory & Head - Building, Construction and Real Estate Key Contacts Nikhil Sethi National Leader Consumer Goods and Co-Lead Customer & Operations KPMG in India mail Chintan Patel Partner, Deal Advisory & Head - Building, Construction and Real Estate KPMG in India mail Disclaimers This content sets forth the views of KPMG based on the completeness and accuracy of responses received from the participants and any assumptions that were included. If any of the responses is not complete or accurate, it could have a material effect on our conclusions. In accordance with its policy, KPMG advises that neither it nor any partner, director or employee undertakes any responsibility arising in any way whatsoever, to any person in respect of the matters dealt with in this content, including any errors or omissions therein, arising through negligence or otherwise, howsoever caused. While preparing the content, we have assumed the authenticity of all the responses or information referred or provided. We have not independently verified the accuracy, completeness, correctness or authenticity of the same. We assume no responsibility for content or any responses or information referred or provided. We have not performed an audit and do not express an opinion or any other form of assurance. Further, content is not intended, nor should it be interpreted to be legal advice or opinion. In connection with the content or any part thereof, KPMG does not owe duty of care (whether in contract or in tort or under statute or otherwise) to any person or party to whom the content is circulated to and KPMG shall not be liable to any party who uses or relies on this content. KPMG hereby disclaims all responsibility or liability for any costs, damages, losses, liabilities, expenses incurred by such third party arising out of or in connection with the content or any part thereof. The content contained herein is of a general nature and is not intended to address the circumstances of any particular individual or entity. Although we endeavor to provide accurate and timely information, there can be no guarantee that such information is accurate as of the date it is received or that it will continue to be accurate in the future. No one should act on such information without appropriate professional advice after a thorough examination of the particular situation. By reading the content the reader shall be deemed to have accepted the terms mentioned hereinabove. KPMG Assurance and Consulting Services LLP, Lodha Excelus, Apollo Mills Compound, NM Joshi Marg, Mahalaxmi, Mumbai – 400 011 Phone: +91 22 3989 6000, Fax: +91 22 3983 6000. © 2025 KPMG Assurance and Consulting Services LLP, an Indian Limited Liability Partnership and a member firm of the KPMG global organization of independent member firms affiliated with KPMG International Limited, a private English company limited by guarantee. All rights reserved. Contact Contact Us Submit RFP Contact Contact Us Submit RFP Media Press Releases Media Press Releases Company Careers About Us Company Careers About Us Legal Privacy Accessibility Help © 2025 KPMG Assurance and Consulting Services LLP, an Indian Limited Liability Partnership and a member firm of the KPMG global organization of independent member firms affiliated with KPMG International Limited, a private English company limited by guarantee. All rights reserved. For more detail about the structure of the KPMG global organization please visit https://kpmg.com/governance . north Back to top"
1744287928-8,https://kpmg.com/in/en/insights.html,"India CX Report'25: Budget Hotels
        
        Findings across hotels offering essential facilities at an affordable price point
        
          Read morechevron_right",https://kpmg.com/in/en/insights/2025/03/india-cx-report-2025/hotels/budget-hotels.html,,"India CX Report'25: Budget Hotels close contact_mail Contact us India (EN) close Search cancel menu close Insights Back Our Insights Our Perspectives Artificial Intelligence Supply chain Energy and Renewables Cyber Security Economy and Growth Environmental, Social and Governance (ESG) Technology Risk and Regulation Workforce Transformation Global Capability Centres Assurance Industries Back All industries Aerospace, Defence & Space Energy, Natural Resources and Chemicals Media Building and Construction Financial Services Sports Consumer Markets Government Technology Education and Skills Development Emerging Giants Program Telecommunications Life Sciences Transport and Logistics Services Back What we do Advisory Environmental, Social and Governance (ESG) Tax The KPMG Learning Academy Board Leadership Transformation Powered Connected Elevate Trusted Managed Services Artificial Intelligence You can with AI Trusted AI Artificial Intelligence Insights Who we are Back About us Leadership Media Offices Alumni How we work Alliances KPMG. Make the Difference. Client Stories Analyst Relations Our Impact Plan Corporate Citizenship Working with us Back Careers Experienced Professionals Life at KPMG in India Culture and values Students KPMG Global Services Back KGS Leadership Our people Corporate Social Responsibility Consulting Deal Advisory & Strategy Tax Capability Hubs close contact_mail Contact us India (EN) close search Search search Your search term was too short. Search terms must include 3 or more characters. Previous search terms close Cancel Home Insights Mastering intentional experiences: India CX report' 25 India CX Report'25: Hotels India CX Report'25: Budget Hotels India CX Report'25: Budget Hotels Findings across hotels offering essential facilities at an affordable price point Share Differentiating at the right journey touchpoints is the key to value creation Pre - stay Key customer considerations Was it easy for me to assess the property and make the booking? Importance of the stage 35 percent of the customers put emphasis on the pre - stay booking experience while defining their overall experience with the hotel Top rated experience parameters A) Reviews and testimonials B) Responsiveness to requests like early check in, pick and drop facility C) Overall impression on - value for money Hygiene parameters A) Proximity to local attractions and landmarks B) Seamlessness of the booking process C) Discounts, deals and offers On - premise stay Key customer considerations Did the hotel meet my expectations? Importance of the stage 57 percent of the customers put emphasis on the on - premise stay experience while defining their overall experience with the hotel Top rated experience parameters A) Delivery on what was promised B) Professional and empathetic staff C) Check-in experience Hygiene parameters A) Dining and beverage options B) Daily housekeeping C) Complimentary toiletries Post - stay Key customer considerations Was my experience impactful enough for me to revisit or recommend the hotel to others? Importance of the stage 8 percent of the customers put emphasis on the post - stay experience in defining their overall experience with the hotel Top rated experience parameters A) Smooth and efficient check out process B) Post-stay support and query resolution Hygiene parameters A) Luggage assistance Segment performance is strong; Rate card and customer reviews are the deciding factor for bookings Q1 - Was it easy for me to assess the property and make the booking? Voice of Customer insights Overall impression on value for money is an important factor for customers while assessing the property and making the booking – “ Our budget is usually around 5,500 to 6,000 rupees per day, including breakfast. If a high rated hotel fits that budget, we would try it .“ “ The location should be interesting, and the rates should be reasonable .“ Customers rely on accessible and unbiased reviews and testimonials to make a booking decision – "" The people who write reviews, as far as I have seen, pay a lot of attention to cleanliness. No one would prefer to live in dirty rooms if they are paying for it .“ Despite good overall performance in the on - premise stay, differentiation is possible in check-in, dining and housekeeping services Q2 - Did the hotel meet my expectations? Voice of Customer insights Customers look for appealing dining and beverage options during their stay – "" The food must be good, especially when traveling with children. If the food isn't good, we have to go far to find something suitable.” ""The food was good, we had breakfast there every day, and it was a holistic or complete breakfast with the option of choosing from two or three cuisines. There  was South Indian, North Indian Punjabi food, a bit of Chinese, and some continental options. “ Customer’s perception of ‘value for money’ is reinforced if hotels provid e – Daily housekeeping Complimentary toiletries. Striking the right balance between delighting customer and the cost of servicing them is key to maximising value Performance of the segment on the prioritised experience attributes Programs like the Swadesh Darshan Scheme and PRASAD are boosting tourism infrastructure and promoting domestic travel, hence brands should rationalise investments in the right areas - Since majority of the bookings are coming from OTA platforms, the customer is less focused on the website experience Customers have limited expectations from budget hotels on the range of facilities. With high market saturation and increasing competition from boutique hotels, the budget hotel segment should explore differentiation on- Loyalty programs should reward repeat bookings. These programs should include discounts on future stays, complimentary upgrades, or exclusive access to facilities This data can help identify trends and preferences, allowing hotels to offer targeted promotions and services that appeal to their loyal customers, ultimately driving revenue growth. Performance of the segment across prioritised experience attributes can be mapped to low customer retention Customer segmentation based on satisfaction and loyalty (percentage share of respondents) Customer retention is dependent on their satisfaction with the brand and their tendency to explore alternatives. ‘Ambassador’ are highly satisfied customers who will keep contributing to the brand’s success. ‘Switchers’ on the other hand, are always seeking better options. ‘Critics’ as the third segment, actively convey negative feedback about the brand, if not satisfied. Finally, ‘Dependents’ are customers who remain loyal despite low satisfaction due to lack of alternatives in the market. 11 percent guests are more likely to remain loyal to budget hotels that offer - Personalised customer services, creating a positive guest experience Engage in community outreach programs or environmental sustainability efforts 26 percent guests who felt they didn’t receive good value for money are likely to switch to an alternate hotel brand 24 percent will not return to the same hotel if the service experience is bad 18 percent of the guest, prefer staying with Hotels with credibility, and failing to provide assurance of facilities and a positive experience, may result in low customer retention Despite highest weightage of ‘Expectation’ pillar in defining customer experience, fulfilment on the requirement is low Performance across the KPMG Six pillars of Customer Experience (Weightage of the pillars to the overall experience requirements) ‘Expectation’ (24 percent) is the key pillar of experience while assessing experience with a brand, followed by ‘Integrity’ (20 percent) and ‘Empathy’ (20 percent) Budget hotels are failing to meet customer needs on ‘Personalisation’. Small initiatives can go a long way – Acknowledge and offer complimentary services on occasions like birthdays, anniversaries Allow guests to choose their room preferences, such as bed type, floor level, view, or even pillow type, in advance Provide personalised recommendations for local attractions, dining, and activities based on the guest's interests. Budget hotels also need to reinforce empathy while providing services. Train staff to actively listen and understand the needs and concerns of guests Recognise and respect the diverse backgrounds and cultures of guests Ensure that employees are well-trained, supported, and appreciated. Customers are willing to pay more from same services, if their expectations are consistently met on facilities and services The top 5 experience attributes influencing the customer’s willing to pay a premium Complete delivery on the promises made on the experience provided by the service for the money paid Helping, respectful, and empathetic service from staff across online/ offline channels The brand is well known and preferred amongst social circle - family, peers, and influencers Widespread availability of the hotel-chain across locations Relevant program structure and personalised benefits, keeping the customer coming back for more An individual’s willingness to pay a premium is driven by immediate needs. As today’s customer evolves, the focal aspects of premiumisation has shifted from functionality to experience. These aspect may as well translate as personalised convenience, omnichannel communication, or even exclusivity in customer support. Meeting customer expectations drives a sense of premiumisation 35 percent of the customers would feel the price is justified, if the facilities and services exceed the pictures or even the value promised while booking Beyond facilities in the room, service is the only dynamic factor, which makes or breaks good customer experience 30 percent would pay more for the same room, in a hotel that is perceived to provide or has provided better services in the past. In newer locations, a known, trusted brand, wins the hand. 24 percent would pay more for a brand that is well known and trusted by their family. Hence, positive word-of-mouth plays a key role in justifying high prices. Key Contacts Nikhil Sethi National Leader Consumer Goods and Co-Lead Customer & Operations KPMG in India mail Chintan Patel Partner, Deal Advisory & Head - Building, Construction and Real Estate KPMG in India mail Disclaimers This content sets forth the views of KPMG based on the completeness and accuracy of responses received from the participants and any assumptions that were included. If any of the responses is not complete or accurate, it could have a material effect on our conclusions. In accordance with its policy, KPMG advises that neither it nor any partner, director or employee undertakes any responsibility arising in any way whatsoever, to any person in respect of the matters dealt with in this content, including any errors or omissions therein, arising through negligence or otherwise, howsoever caused. While preparing the content, we have assumed the authenticity of all the responses or information referred or provided. We have not independently verified the accuracy, completeness, correctness or authenticity of the same. We assume no responsibility for content or any responses or information referred or provided. We have not performed an audit and do not express an opinion or any other form of assurance. Further, content is not intended, nor should it be interpreted to be legal advice or opinion. In connection with the content or any part thereof, KPMG does not owe duty of care (whether in contract or in tort or under statute or otherwise) to any person or party to whom the content is circulated to and KPMG shall not be liable to any party who uses or relies on this content. KPMG hereby disclaims all responsibility or liability for any costs, damages, losses, liabilities, expenses incurred by such third party arising out of or in connection with the content or any part thereof. The content contained herein is of a general nature and is not intended to address the circumstances of any particular individual or entity. Although we endeavor to provide accurate and timely information, there can be no guarantee that such information is accurate as of the date it is received or that it will continue to be accurate in the future. No one should act on such information without appropriate professional advice after a thorough examination of the particular situation. By reading the content the reader shall be deemed to have accepted the terms mentioned hereinabove. KPMG Assurance and Consulting Services LLP, Lodha Excelus, Apollo Mills Compound, NM Joshi Marg, Mahalaxmi, Mumbai – 400 011 Phone: +91 22 3989 6000, Fax: +91 22 3983 6000. © 2025 KPMG Assurance and Consulting Services LLP, an Indian Limited Liability Partnership and a member firm of the KPMG global organization of independent member firms affiliated with KPMG International Limited, a private English company limited by guarantee. All rights reserved. Contact Contact Us Submit RFP Contact Contact Us Submit RFP Media Press Releases Media Press Releases Company Careers About Us Company Careers About Us Legal Privacy Accessibility Help © 2025 KPMG Assurance and Consulting Services LLP, an Indian Limited Liability Partnership and a member firm of the KPMG global organization of independent member firms affiliated with KPMG International Limited, a private English company limited by guarantee. All rights reserved. For more detail about the structure of the KPMG global organization please visit https://kpmg.com/governance . north Back to top"
1744287928-9,https://kpmg.com/in/en/insights.html,"KPMG global tech report: Healthcare insights
        
        Explore healthcare trends, challenges, and investments in key markets, focusing on digital transformation
        
          Read morechevron_right",https://kpmg.com/in/en/insights/2025/04/kpmg-global-tech-report-healthcare-insights.html,,
1744287928-10,https://kpmg.com/in/en/insights.html,"India CX Report'25: Consumer Durables
        
        Appliances have evolved beyond functionality. They now embody the essence of smart living
        
          Read morechevron_right",https://kpmg.com/in/en/insights/2025/03/india-cx-report-2025/consumer-durables.html,,"India CX Report'25: Consumer Durables close contact_mail Contact us India (EN) close Search cancel menu close Insights Back Our Insights Our Perspectives Artificial Intelligence Supply chain Energy and Renewables Cyber Security Economy and Growth Environmental, Social and Governance (ESG) Technology Risk and Regulation Workforce Transformation Global Capability Centres Assurance Industries Back All industries Aerospace, Defence & Space Energy, Natural Resources and Chemicals Media Building and Construction Financial Services Sports Consumer Markets Government Technology Education and Skills Development Emerging Giants Program Telecommunications Life Sciences Transport and Logistics Services Back What we do Advisory Environmental, Social and Governance (ESG) Tax The KPMG Learning Academy Board Leadership Transformation Powered Connected Elevate Trusted Managed Services Artificial Intelligence You can with AI Trusted AI Artificial Intelligence Insights Who we are Back About us Leadership Media Offices Alumni How we work Alliances KPMG. Make the Difference. Client Stories Analyst Relations Our Impact Plan Corporate Citizenship Working with us Back Careers Experienced Professionals Life at KPMG in India Culture and values Students KPMG Global Services Back KGS Leadership Our people Corporate Social Responsibility Consulting Deal Advisory & Strategy Tax Capability Hubs close contact_mail Contact us India (EN) close search Search search Your search term was too short. Search terms must include 3 or more characters. Previous search terms close Cancel Home Insights Mastering intentional experiences: India CX report' 25 India CX Report'25: Consumer Durables India CX Report'25: Consumer Durables Appliances have evolved beyond functionality. They now embody the essence of smart living Share Did you know? chevron_left Large Appliances Small Appliances chevron_right support_agent Customer retention is low for large appliances, with 43 percent switchers seeking newer aspects and better deals thumb_up_alt Effective customer support and fostering trust in the brand are essential for building loyalty in the durable goods sector key Product quality and swift complaint resolution play a crucial role in shaping a customer's willingness to pay insights The segment is meeting only 79 percent of the customer’s experience requirement with low performance across ‘Personalisation’ pillar support_agent Customer stickiness is driven by trusted and reliable operations, translating into justified price-point, prompt support and preserved brand image category Customers are facing friction during assessment if the category is highly dependent on technical parameters vs functionality key 52 percent customers put more emphasis on POS (point-of-sale) experience. Warranties are a key differentiator, while online product testing remains a critical customer need donut_small Seamless ownership and trust drives premiumisation for small appliances India CX Report'25: Large Appliances Findings across electrical and electronic durables with limited portability and infrequent purchase cycle Read more India CX Report'25: Small Appliances Findings across electrical and electronic durables with high portability and frequent purchase cycles Read more Consumer durable brands must prioritise personalisation through technology. By leveraging data-driven insights, brands can tailor their offerings to meet individual customer preferences and build stronger emotional connections. Additionally, brands must focus on creating seamless omnichannel journeys, integrating physical and digital touchpoints to ensure a cohesive customer experience. This holistic approach builds trust and loyalty across multiple channels. By fostering long-term customer relationships and ensuring consistent engagement, brands can transform one-time transactions into recurring revenues, bolstering sustainable growth in the market. Nikhil Sethi National Leader Consumer Goods and Co-Lead Customer & Operations Key Contact Nikhil Sethi National Leader Consumer Goods and Co-Lead Customer & Operations KPMG in India mail Disclaimers This content sets forth the views of KPMG based on the completeness and accuracy of responses received from the participants and any assumptions that were included. If any of the responses is not complete or accurate, it could have a material effect on our conclusions. In accordance with its policy, KPMG advises that neither it nor any partner, director or employee undertakes any responsibility arising in any way whatsoever, to any person in respect of the matters dealt with in this content, including any errors or omissions therein, arising through negligence or otherwise, howsoever caused. While preparing the content, we have assumed the authenticity of all the responses or information referred or provided. We have not independently verified the accuracy, completeness, correctness or authenticity of the same. We assume no responsibility for content or any responses or information referred or provided. We have not performed an audit and do not express an opinion or any other form of assurance. Further, content is not intended, nor should it be interpreted to be legal advice or opinion. In connection with the content or any part thereof, KPMG does not owe duty of care (whether in contract or in tort or under statute or otherwise) to any person or party to whom the content is circulated to and KPMG shall not be liable to any party who uses or relies on this content. KPMG hereby disclaims all responsibility or liability for any costs, damages, losses, liabilities, expenses incurred by such third party arising out of or in connection with the content or any part thereof. The content contained herein is of a general nature and is not intended to address the circumstances of any particular individual or entity. Although we endeavor to provide accurate and timely information, there can be no guarantee that such information is accurate as of the date it is received or that it will continue to be accurate in the future. No one should act on such information without appropriate professional advice after a thorough examination of the particular situation. By reading the content the reader shall be deemed to have accepted the terms mentioned hereinabove. KPMG Assurance and Consulting Services LLP, Lodha Excelus, Apollo Mills Compound, NM Joshi Marg, Mahalaxmi, Mumbai – 400 011 Phone: +91 22 3989 6000, Fax: +91 22 3983 6000. © 2025 KPMG Assurance and Consulting Services LLP, an Indian Limited Liability Partnership and a member firm of the KPMG global organization of independent member firms affiliated with KPMG International Limited, a private English company limited by guarantee. All rights reserved. Contact Contact Us Submit RFP Contact Contact Us Submit RFP Media Press Releases Media Press Releases Company Careers About Us Company Careers About Us Legal Privacy Accessibility Help © 2025 KPMG Assurance and Consulting Services LLP, an Indian Limited Liability Partnership and a member firm of the KPMG global organization of independent member firms affiliated with KPMG International Limited, a private English company limited by guarantee. All rights reserved. For more detail about the structure of the KPMG global organization please visit https://kpmg.com/governance . north Back to top"
1744287928-11,https://kpmg.com/in/en/insights.html,"India CX Report'25: Small Appliances
        
        Findings across electrical and electronic durables with high portability and frequent purchase cycles
        
          Read morechevron_right",https://kpmg.com/in/en/insights/2025/03/india-cx-report-2025/consumer-durables/small-appliances.html,,"India CX Report'25: Small Appliances close contact_mail Contact us India (EN) close Search cancel menu close Insights Back Our Insights Our Perspectives Artificial Intelligence Supply chain Energy and Renewables Cyber Security Economy and Growth Environmental, Social and Governance (ESG) Technology Risk and Regulation Workforce Transformation Global Capability Centres Assurance Industries Back All industries Aerospace, Defence & Space Energy, Natural Resources and Chemicals Media Building and Construction Financial Services Sports Consumer Markets Government Technology Education and Skills Development Emerging Giants Program Telecommunications Life Sciences Transport and Logistics Services Back What we do Advisory Environmental, Social and Governance (ESG) Tax The KPMG Learning Academy Board Leadership Transformation Powered Connected Elevate Trusted Managed Services Artificial Intelligence You can with AI Trusted AI Artificial Intelligence Insights Who we are Back About us Leadership Media Offices Alumni How we work Alliances KPMG. Make the Difference. Client Stories Analyst Relations Our Impact Plan Corporate Citizenship Working with us Back Careers Experienced Professionals Life at KPMG in India Culture and values Students KPMG Global Services Back KGS Leadership Our people Corporate Social Responsibility Consulting Deal Advisory & Strategy Tax Capability Hubs close contact_mail Contact us India (EN) close search Search search Your search term was too short. Search terms must include 3 or more characters. Previous search terms close Cancel Home Insights Mastering intentional experiences: India CX report' 25 India CX Report'25: Consumer Durables India CX Report'25: Small Appliances India CX Report'25: Small Appliances Findings across electrical and electronic durables with high portability and frequent purchase cycles Share Differentiating at the right journey touchpoints is the key to value creation Pre - purchase Key customer considerations Did the store/ website make it easy for me to assess the product and make the decision? Importance of the stage 36 percent of the consumers consider the pre - purchase experience as most impactful across all journey touchpoints Top rated experience parameters A) Website UX/UI and ease of understanding technical requirements B) Expert reviews and customer testimonials Hygiene parameters A) Offline demo and sales support Purchase Key customer considerations Was my POS (point-of-sale) experience good/ bad vs expected? Importance of the stage 52 percent of the consumers consider the purchase experience as most impactful across all journey touchpoints Top rated experience parameters A) Accuracy of product suggestions online or from salesman based on your requirement B) Warranty coverage Hygiene parameters A) Money saver offerings and special discounts B) Appliance testing Post - purchase Key customer considerations Did the product delivery and usage, meet the committed expectations? Importance of the stage 12 percent of the consumers consider the post - purchase experience as most impactful across all journey touchpoints Top rated experience parameters A) Ease of warranty extension B) Ease of product exchange in case of damage Hygiene parameters A) Convenience of availing customer support B) Online demo Customers encounter challenges in evaluating categories which are technical rather than functional Q1 - Did the store/ website make it easy for me to assess the product and make the decision? Voice of Customer insights Brand visibility and price range are the key customer considerations for small appliances “The SEO of native brands are better. I was researching different brands online to understand which one is under my budget, what are the features and functionality they offer, etc. This one brand which I was not aware of before, kept popping up in my searches ” “When looking for options it’s all about features – whether a certain product offers more or better features. Price is also very important, in a similar price range, I would go ahead and buy the better product (feature wise)” Three out of the six parameters, have a high variance between the ratings– website UX/UI, stock availability, and sales support at the store, specially while assessing water purifiers and invertors. Warranties are a key POS differentiator, while online product testing remains a critical customer need Q2 - Was my POS (point-of-sale) experience good/ bad vs expected? Voice of Customer insights Customer considers warranty, hidden service charges and customer reviews while making a purchase decision - “In other brands, I have pay some or the other charges (service, warranty etc.) almost on a monthly basis. I don’t like that tactic. Service means everything and it should be all inclusive. ” “Initially, I was confused on which one to buy but the two-year warranty was extremely crucial.” “When I am assessing a brand, I would consider customer reviews which are negative towards the brand and not any particular product feature. In the end if the brand has a positive image in the market the service would be good.” Appliance testing is the lowest performing parameter, specially being difficult to enable for online purchases. Post-purchase customer engagement is low, with most brands showing uniform performance Q3 - Did the product delivery and usage, meet the committed expectations? Voice of Customer insights Quality of resolution and reliable delivery with installation, supports in closing on a great purchase experience “ I mean, the entire delivery and installation process went so smooth. They installed within 15-20 minutes, and it was good .” “We have been using it regularly since the purchase and so far we have not faced any issues, hence haven't availed customer support . ” Overall, the segment excels in post-sales engagement, with average ratings ranging from 4.0 to 5.0, reflecting that the product largely meets customer expectations. Striking the right balance between delighting the customer and the cost of servicing them is key to maximising value Performance of the segment on the expected experience attributes Customers prefer compact and versatile products With space constraints and busy lifestyles, compact appliances that serve multiple purposes, are gaining popularity. While ‘product quality and range’ is high on priority, the segment is still low on meeting customer needs. Increased adoption in semi-urban and rural areas Awareness and accessibility are boosting demand for small appliances in these regions, supported by rising incomes and lifestyle changes due to hybrid working. Hence, better execution on delivery, returns, customer support, and in-store support, is essential for new customer acquisition. Customers are becoming more tech-savvy by the day The convenience of online shopping, coupled with detailed product reviews and competitive pricing, is driving more customers to purchase small appliances online. Customers are increasingly opting for IoT and AI-enabled appliances that offer energy efficiency and advanced controls. Customer stickiness is driven by trusted and reliable operations, translating into justified price-point, prompt support and preserved brand image Customer segmentation based on Satisfaction and Loyalty (percentage share of respondents) Customer retention is dependent on their satisfaction with the brand and their tendency to explore alternatives. ‘Ambassador’ are highly satisfied customers who will keep contributing to the brand’s success. ‘Switchers’ on the other hand, are always seeking better options. ‘Critics’ as the third segment, actively convey negative feedback about the brand, if not satisfied. Finally, ‘Dependents’ are customers who remain loyal despite low satisfaction due to lack of alternatives in the market. High-quality products and exceptional customer support is driving loyalty for 48 percent of the customers, serving as brand ambassadors Potential for brand switching due to unmet expectations Failure to meet brand promise makes ten percent of customers feel their investment was wasted, prompting them to explore other brands. If a brand’s reliability and reputation falter due to inconsistent performance or negative experiences, eight percent of customers may lose confidence and switch to more dependable alternatives. Unhelpful staff or lack of product demonstrations, can frustrate eight percent of customers and lead them to seek brands with better engagement and support. The segment is fulfilling 79/100 of the CX requirements, with a need for improvement on ‘Expectation’,’ Time and Effort’, and  ‘Empathy’  pillars Performance across the KPMG Six pillars of Customer Experience (Weightage of the pillars to the overall experience requirements) Expectation (22 percent), and Empathy (18 percent) are the key pillars of experience driving purchase decision Brands can also improve performance on 'Empathy’ pillar by a few of the following interventions – Simplify buying through user-friendly websites, mobile apps, and efficient in-store experiences. Offer appliances with pre-programmed settings and smart features (e.g., voice control, automatic adjustments) to minimise customer intervention. Create clear and concise user manuals, video tutorials, and maintenance tips to help customers use and care for their appliances. Brands can also improve performance on ‘Empathy’ pillar by - Developing products that cater to diverse customer groups, including those with specific physical or technological needs. Acknowledging customer loyalty by celebrating milestones like anniversaries of purchases. Addressing potential issues promptly, updating customers on delays or changes. Meeting customer expectations and saving time and effort on their part is impacting their willingness to pay Top experience attributes influencing the customer's willingness to pay Promised delivery of expectations from brand and product or the price paid Hassle-free delivery of product along with easy tracking and timely updates Ease of use, quality, and responsiveness of customer service High brand credibility driven in part by positive communication from social circles Consistent delivery of high-quality products with a range of engaging offerings An individual’s willingness to pay a premium is driven by immediate needs. As the today’s customer evolves, the focal aspects of premiumisation has shifted from functionality to experience. This aspect may translate as seamless ownership, omnichannel browsing or even exclusivity in customer support. Seamless ownership and trust drives premiumisation for small appliances 23 percent customers value timely and secure delivery, ensuring their appliance arrives in perfect condition without delays or damages, which justifies paying a premium for. 23 percent customers are willing to invest more on the brand which consistently delivers on its promises—such as quality, durability, or energy efficiency. Quick and effective support for queries, repairs, or installation issues enhances convenience and satisfaction. Thereby, 18 percent customers pay more for a seamless ownership experience 17 percent customers are willing to pay more for a trusted brand name. Key Contact Nikhil Sethi National Leader Consumer Goods and Co-Lead Customer & Operations KPMG in India mail Contact Contact Us Submit RFP Contact Contact Us Submit RFP Media Press Releases Media Press Releases Company Careers About Us Company Careers About Us Legal Privacy Accessibility Help © 2025 KPMG Assurance and Consulting Services LLP, an Indian Limited Liability Partnership and a member firm of the KPMG global organization of independent member firms affiliated with KPMG International Limited, a private English company limited by guarantee. All rights reserved. For more detail about the structure of the KPMG global organization please visit https://kpmg.com/governance . north Back to top"
1744287928-12,https://kpmg.com/in/en/insights.html,"India CX Report'25: Large Appliances
        
        Findings across electrical and electronic durables with limited portability and infrequent purchase cycle
        
          Read morechevron_right",https://kpmg.com/in/en/insights/2025/03/india-cx-report-2025/consumer-durables/large-appliances.html,,"India CX Report'25: Large Appliances close contact_mail Contact us India (EN) close Search cancel menu close Insights Back Our Insights Our Perspectives Artificial Intelligence Supply chain Energy and Renewables Cyber Security Economy and Growth Environmental, Social and Governance (ESG) Technology Risk and Regulation Workforce Transformation Global Capability Centres Assurance Industries Back All industries Aerospace, Defence & Space Energy, Natural Resources and Chemicals Media Building and Construction Financial Services Sports Consumer Markets Government Technology Education and Skills Development Emerging Giants Program Telecommunications Life Sciences Transport and Logistics Services Back What we do Advisory Environmental, Social and Governance (ESG) Tax The KPMG Learning Academy Board Leadership Transformation Powered Connected Elevate Trusted Managed Services Artificial Intelligence You can with AI Trusted AI Artificial Intelligence Insights Who we are Back About us Leadership Media Offices Alumni How we work Alliances KPMG. Make the Difference. Client Stories Analyst Relations Our Impact Plan Corporate Citizenship Working with us Back Careers Experienced Professionals Life at KPMG in India Culture and values Students KPMG Global Services Back KGS Leadership Our people Corporate Social Responsibility Consulting Deal Advisory & Strategy Tax Capability Hubs close contact_mail Contact us India (EN) close search Search search Your search term was too short. Search terms must include 3 or more characters. Previous search terms close Cancel Home Insights Mastering intentional experiences: India CX report' 25 India CX Report'25: Consumer Durables India CX Report'25: Large Appliances India CX Report'25: Large Appliances Findings across electrical and electronic durables with limited portability and infrequent purchase cycle Share Differentiating at the right journey touchpoints is the key to value creation Pre - purchase Key customer considerations Did the store/ website make it easy for me to assess the product and make the decision? Importance of the stage 41 percent of the consumers put emphasis on pre - purchase stage in defining the overall experience with the brand as most impactful across all journey touchpoints Top rated experience parameters A) Ease of comparing options/ features B)  Relevance of customer reviews Hygiene parameters A) Ease of understanding technical requirements B) Ease of visualising aspects of the appliance Purchase Key customer considerations Was my POS (point-of-sale) experience good/ bad vs expected? Importance of the stage 46 percent of the consumers consider the purchase experience as most impactful across all journey touchpoint Top rated experience parameters A) Appliance testing and demo B) Variety of payment options - EMI, COD C) Warranty coverage Hygiene parameters A) Ease of comparing price across platform B) Money saver offerings C) Accuracy of product suggestion Post - purchase Key customer considerations Did the product delivery and usage, meet the committed expectations? Importance of the stage 13 percentof the consumers consider the post - purchase experience as most impactful across all journey touchpoint Top rated experience parameters A) Ease of warranty extension B) Quality of resolution C) Remove point Hygiene parameters A) Troubleshooting support B) Ease of product exchange in case of damage Global brands have better performance vs Indian brands during pre - purchase; Need for improvement across product comparison Q1 - Did the store/ website make it easy for me to assess the product and make the decision? Voice of Customer insights Low stock availability at the store was cited as a factor influencing customer decision at the pre-purchase stage – “I went to nearby shop and I saw there was brand A, Since brand B was not available, I purchased brand A, despite being a regular customer of brand B” “ I generally purchase ACs from two specific Japanese brands. However, when I went to the store, a two-tom AC was not available in my preferred brand. Hence, I had to go with brand X, one which I had not considered originally” Customers also cited that reviews were crucial in assessing the purchase “If a brand I like is launching a new product, I'll definitely purchase it. However, the product should have great customer reviews online” Better service at store and managing transparency on price, can significantly improve customer conversions Q2 - Was my POS (point-of-sale) experience good/ bad vs expected? Voice of Customer insights Accuracy of product suggestions can significantly impact customer experience during purchase “I didn't like the service at the store. Their intention was only to sell the product. Ma'am, this model is good. You can take this. But they were not giving the solution I needed. So, I didn't like that.” Customers compare price across platforms and want money saver offerings and special discounts “In showroom, they said there is no offer on the product. The same product, was there on e-commerce with offer. So Rs.38,000 washing machine in store was Rs.33,000 on marketplaces.” “Also, at the store, they did not have any offers on my preferred credit card. So, that was the reason behind my decision to not make the purchase. They must at least provide offers on 2-3 cards, which are commonly owned by people” Customer interaction with the brand is low beyond warranty extension and product exchange during post-purchase Q3 - Did the product delivery and usage, meet the committed expectations? Voice of Customer insights At a segment level, the ease of product exchange is a friction area for the customers. Brands which provide great deals and special discounts especially for loyal and regular customers have received a better rating. A notable variance in customer ratings was observed regarding the ease of warranty extension. The initial step—warranty registration—is currently manual and heavily reliant on customer effort. By automating this process and utilizing previously shared customer information for timely reminders, brands can streamline warranty extensions and significantly enhance the overall experience. Striking the right balance between delighting the customer and the cost of servicing them is key to maximising value Performance of the segment on the prioritised experience attributes Consumers are increasingly opting for opting for feature rich products – Instilling brand trust and offering high-quality products are the key attributes brands are performing well on. Products that offer multiple functions are gaining popularity Artificial intelligence and smart connectivity are playing a bigger role in consumer decision-making, as it is easier to maintain or reach out for customer support on those products Despite the trend towards premiumisation, affordability remains important – Many consumers are willing to try new products if they are budget-friendly and offer good value Customer retention is low for large appliances, with  43 percent switchers seeking newer aspects and better deals Customer segmentation based on Satisfaction and Loyalty (percentage share of respondents) Customer retention is dependent on their satisfaction with the brand and their tendency to explore alternatives. ‘Ambassador’ are highly satisfied customers who will keep contributing to the brand’s success. ‘Switchers’ on the other hand, are always seeking better options. ‘Critics’ as the third segment, actively convey negative feedback about the brand, if not satisfied. Finally, ‘Dependents’ are customers who remain loyal despite low satisfaction due to lack of alternatives in the market. Customer loyalty driven by high product quality and exceptional customer support A substantial 55 percent of the customer base serves as brand ambassadors, consistently choosing their preferred brand based on the reliability and performance of the products and efficient and helpful customer service Potential for brand switching due to unmet expectations If the product does not live up to these expectations, nine percent consumers may seek alternatives. Timely and hassle-free delivery is crucial. Any delays, damages, or inconvenience during the delivery process can lead to customer dissatisfaction and potential brand switching. The ability of the segment to perform on CX requirements is 79/100, with a need for improvement on the ‘Personalisation’ pillar Performance across the KPMG Six pillars of Customer Experience (Weightage of the pillars to the overall experience requirements) ‘Expectation’ (22 percent) and ‘Empathy’ (18 percent) are the key pillars of experience while making a purchase decision Within expectation, the top two attributes driving decisions are – Promised value for the money paid Appliance quality with a wide range of features. Within Empathy, the top two attributes driving decisions are Service by staff across all channels Store experience. On average, brands are fulfilling 79 percent on the experience requirements. The most underperforming pillar being ‘Personalisation’ Brands must provide an omnichannel browsing experience and product customisations. The segment is driving profitability from its loyal customers, with high willingness to pay for product quality and trusted brand name Top experience attributes influencing the customer’s willing to pay Consistent delivery of high-quality products with a range of engaging offerings Ease of use, quality, and responsiveness of customer service Helping, respectful and empathetic service from staff across online/ offline channels High brand credibility driven in part by positive communication from social circles Simplicity of the buying process, including a smooth, fast, and secure checkout An individual’s willingness to pay a premium is driven by immediate needs. As the today’s customer evolves, the focal aspects of premiumisation has shifted from functionality to experience. This aspect may translate as seamless ownership, omnichannel browsing or even exclusivity in customer support. 32 percent consumers are more willing to pay a premium for high-quality appliances due to the assurance of durability, performance, and long-term value. 31 percent customers will pay more for easy to use customer support and satisfactory resolution 27 percent of the customers can be influenced to pay a premium on – Trusted brand names offers assurance of quality, reliability, and after-sales service. Customers are willing to pay more for a seamless checkout process because it saves them time, reduces stress, and ensures a smooth and hassle-free purchase experience. Key Contact Nikhil Sethi National Leader Consumer Goods and Co-Lead Customer & Operations KPMG in India mail Contact Contact Us Submit RFP Contact Contact Us Submit RFP Media Press Releases Media Press Releases Company Careers About Us Company Careers About Us Legal Privacy Accessibility Help © 2025 KPMG Assurance and Consulting Services LLP, an Indian Limited Liability Partnership and a member firm of the KPMG global organization of independent member firms affiliated with KPMG International Limited, a private English company limited by guarantee. All rights reserved. For more detail about the structure of the KPMG global organization please visit https://kpmg.com/governance . north Back to top"
1744287928-13,https://kpmg.com/in/en/insights.html,"2025 Emerging Trends in Infrastructure and Transport: The Great Reset
        2025 Emerging Trends in Infrastructure and Transport: The Great Reset
        Hear about the latest trends in infrastructure and transport in 2025
        Explore infrastructure and transport trends in 2025, urging visionary leadership, collaboration, and bold decision-making amid global shifts
        
          Read morechevron_right",https://kpmg.com/in/en/insights/2025/04/emerging-trends-in-infrastructure-and-transport-2025.html,,
1744287928-14,https://kpmg.com/in/en/insights.html,"Key financial reporting updates for the quarter ended 31 March 2025
        
        In this session of the Voices on Reporting webinar, we have discussed key financial updates for the quarter ended 31 March 2025
        
          Read morechevron_right",https://kpmg.com/in/en/insights/2025/04/vor-key-financial-reporting-updates-for-the-quarter-ended-31-march-2025.html,,
1744287928-15,https://kpmg.com/in/en/insights.html,"Navigating digital realm: strategic foresight and governance in social media communication
        
        Effective social media communication requires strategic foresight and governance to navigate its transformative power and mitigate reputational risks
        
          Read morechevron_right",https://kpmg.com/in/en/blogs/2025/04/navigating-digital-realm-strategic-foresight-and-governance-in-social-media-communication.html,,
1744287928-16,https://kpmg.com/in/en/insights.html,"Microscopic lens on Secured Micro-Lending
        
        Secured micro-lending offers loans to undeserved segments against collateral, including microfinance, MSME, and housing loans
        
          Read morechevron_right",https://kpmg.com/in/en/blogs/2025/04/microscopic-lens-on-secured-micro-lending.html,,
1744287928-17,https://kpmg.com/in/en/insights.html,"Evolving third party landscape in India's media and entertainment industry
        
        Addressing third-party risks for ensuring the sustainable growth, compliance, and resilience of the media and entertainment sector
        
          Read morechevron_right",https://kpmg.com/in/en/insights/2025/03/evolving-third-party-landscape-in-indias-media-and-entertainment-industry.html,,"Evolving third party landscape in India's media and entertainment industry close contact_mail Contact us India (EN) close Search cancel menu close Insights Back Our Insights Our Perspectives Artificial Intelligence Supply chain Energy and Renewables Cyber Security Economy and Growth Environmental, Social and Governance (ESG) Technology Risk and Regulation Workforce Transformation Global Capability Centres Assurance Industries Back All industries Aerospace, Defence & Space Energy, Natural Resources and Chemicals Media Building and Construction Financial Services Sports Consumer Markets Government Technology Education and Skills Development Emerging Giants Program Telecommunications Life Sciences Transport and Logistics Services Back What we do Advisory Environmental, Social and Governance (ESG) Tax The KPMG Learning Academy Board Leadership Transformation Powered Connected Elevate Trusted Managed Services Artificial Intelligence You can with AI Trusted AI Artificial Intelligence Insights Who we are Back About us Leadership Media Offices Alumni How we work Alliances KPMG. Make the Difference. Client Stories Analyst Relations Our Impact Plan Corporate Citizenship Working with us Back Careers Experienced Professionals Life at KPMG in India Culture and values Students KPMG Global Services Back KGS Leadership Our people Corporate Social Responsibility Consulting Deal Advisory & Strategy Tax Capability Hubs close contact_mail Contact us India (EN) close search Search search Your search term was too short. Search terms must include 3 or more characters. Previous search terms close Cancel Home Insights Evolving third party landscape in India's media and entertainment industry Evolving third party landscape in India's media and entertainment industry Addressing third-party risks for ensuring the sustainable growth, compliance, and resilience of the media and entertainment sector event 28 Mar, 2025 Share “Evolving third party landscape in India's media and entertainment industry"" provides an in-depth analysis of the dynamic media and entertainment (M&E) sector in India. It highlights the transition from traditional formats to digital platforms, emphasising the opportunities and risks associated with this evolution. The report underscores the importance of third-party risk management, focusing on the diverse range of third parties such as content creators, distributors, digital platforms, advertising agencies, and production houses. Key risks identified include intellectual property violations, data privacy issues, regulatory non-compliances, and reputational damage. The global M&E industry size is estimated at USD32.21 billion in 2025 and is expected to reach USD 46.89 billion by 2030, with the Indian market expected to grow at a CAGR of 10.2%, reaching USD 30.8 billion by 2024 and USD3.08 trillion by 2026. The report also discusses past, present, and future trends, including the decline of print media, the rise of influencer partnerships, and the transformative impact of AI and data analytics on content production and distribution. Regulatory compliance is a significant focus, with detailed insights into data protection laws, content licensing, and ethical practices. The report identifies key compliance areas and regulatory bodies in India, such as the Ministry of Information and Broadcasting, Central Board of Film Certification, and Telecom Regulatory Authority of India. It also outlines typical risks associated with third parties, including reputational, legal, regulatory, and financial risks. The analysis is supported by data from KPMG in India's evaluation of over 1,000 third parties, highlighting the prevalence of compliance issues, litigation, insolvency, and fraudulent activities. The report concludes with a demonstration of KPMG in India's expertise in managing third-party risks, emphasising the need for robust due diligence processes to navigate the complex M&E landscape effectively. This comprehensive overview provides valuable insights for stakeholders aiming to mitigate risks and ensure sustainable growth in India's evolving media and entertainment industry. Evolving third party landscape in India's media and entertainment industry Addressing third-party risks for ensuring the sustainable growth, compliance, and resilience of the media and entertainment sector Download the report (1.08 MB) Key Contacts Maneesha Garg Partner & Head – Managed Services, Forensic, F&A, HR, Learning, Insight Led sales, Digital business operations and Sourcing KPMG in India mail Ummehaani Partner – Third party due diligence; ESG Supply chain diligence KPMG in India mail Access our latest insights on Apple or Android devices Click here for Google play Click here for App Store Contact Contact Us Submit RFP Contact Contact Us Submit RFP Media Press Releases Media Press Releases Company Careers About Us Company Careers About Us Legal Privacy Accessibility Help © 2025 KPMG Assurance and Consulting Services LLP, an Indian Limited Liability Partnership and a member firm of the KPMG global organization of independent member firms affiliated with KPMG International Limited, a private English company limited by guarantee. All rights reserved. For more detail about the structure of the KPMG global organization please visit https://kpmg.com/governance . north Back to top"
1744287928-18,https://kpmg.com/in/en/insights.html,"Issue no. 104 | March 2025
        
        This edition discusses topics such as optional concentration test in business combination, auto PLI scheme and regulatory updates
        
          Read morechevron_right",https://kpmg.com/in/en/insights/2025/03/aau-accounting-and-auditing-update-march-2025.html,,"Issue no. 104 | March 2025 close contact_mail Contact us India (EN) close Search cancel menu close Insights Back Our Insights Our Perspectives Artificial Intelligence Supply chain Energy and Renewables Cyber Security Economy and Growth Environmental, Social and Governance (ESG) Technology Risk and Regulation Workforce Transformation Global Capability Centres Assurance Industries Back All industries Aerospace, Defence & Space Energy, Natural Resources and Chemicals Media Building and Construction Financial Services Sports Consumer Markets Government Technology Education and Skills Development Emerging Giants Program Telecommunications Life Sciences Transport and Logistics Services Back What we do Advisory Environmental, Social and Governance (ESG) Tax The KPMG Learning Academy Board Leadership Transformation Powered Connected Elevate Trusted Managed Services Artificial Intelligence You can with AI Trusted AI Artificial Intelligence Insights Who we are Back About us Leadership Media Offices Alumni How we work Alliances KPMG. Make the Difference. Client Stories Analyst Relations Our Impact Plan Corporate Citizenship Working with us Back Careers Experienced Professionals Life at KPMG in India Culture and values Students KPMG Global Services Back KGS Leadership Our people Corporate Social Responsibility Consulting Deal Advisory & Strategy Tax Capability Hubs close contact_mail Contact us India (EN) close search Search search Your search term was too short. Search terms must include 3 or more characters. Previous search terms close Cancel Home Insights Issue no. 104 | March 2025 Issue no. 104 | March 2025 This edition discusses topics such as optional concentration test in business combination, auto PLI scheme and regulatory updates event 28 Mar, 2025 Share Ind AS 103, Business Combinations provides a structured framework for accounting of business combinations including guidance related to topics such as assessing whether the acquired set of activities and assets constitute a business, identification of acquirer and acquisition date, measuring consideration, measuring non-controlling interests, etc. A critical consideration in accounting for business acquisitions is the classification of the acquired set of activities and assets as either a business or a group of assets. This classification impacts how the transaction is reported in financial statements. Given the complexities involved, Ind AS 103 provides an acquirer with a choice of using a simplified approach, referred to as the ‘concentration test’, to determine whether the acquired set of assets and activities constitute a business or not. This edition of Accounting and Auditing Update (AAU) includes an article that discusses the key principles while using the optional concentration test. In September 2021, the Government of India had introduced the Production Linked Incentive Scheme for Automobile and Auto Component Industry (auto sector) (PLI Scheme). The PLI Scheme provides financial incentives to boost the domestic capability of manufacturing of Advanced Automotive Technology (AAT) products and attract investments in the automotive manufacturing value chain. This publication features an article that provides an overview of the PLI scheme. The article, inter-alia, discusses the basic eligibility criteria and annual performance conditions for being eligible to claim the incentive under the scheme, the claim application process and key accounting considerations for applicants. As always, we have included a regular round-up of recent regulatory updates in India and internationally. As always, we have included a regular round-up of recent regulatory updates in India and internationally. We would be delighted to receive feedback and suggestions from you on the topics we should cover in forthcoming editions of AAU. For more information on this update, please write to aaupdate@kpmg.com . Issue no. 104 | March 2025 Accounting and Auditing Update March 2025 Read more Chapter 1 The optional concentration test in business combination Read more Chapter 2 Auto PLI scheme Read more Chapter 3 Regulatory updates Read more Access our latest insights on Apple or Android devices Click here for Google play Click here for App Store Contact Contact Us Submit RFP Contact Contact Us Submit RFP Media Press Releases Media Press Releases Company Careers About Us Company Careers About Us Legal Privacy Accessibility Help © 2025 KPMG Assurance and Consulting Services LLP, an Indian Limited Liability Partnership and a member firm of the KPMG global organization of independent member firms affiliated with KPMG International Limited, a private English company limited by guarantee. All rights reserved. For more detail about the structure of the KPMG global organization please visit https://kpmg.com/governance . north Back to top"
1744287928-19,https://kpmg.com/in/en/insights.html,"Related party transactions – Minimum information for review
        
        This issue of the First Notes provides an overview of the Industry Standards issued for minimum information for review of related party transactions
        
          Read morechevron_right",https://kpmg.com/in/en/insights/2025/03/firstnotes-related-party-transactions-minimum-information-for-review.html,,"Related party transactions – Minimum information for review close contact_mail Contact us India (EN) close Search cancel menu close Insights Back Our Insights Our Perspectives Artificial Intelligence Supply chain Energy and Renewables Cyber Security Economy and Growth Environmental, Social and Governance (ESG) Technology Risk and Regulation Workforce Transformation Global Capability Centres Assurance Industries Back All industries Aerospace, Defence & Space Energy, Natural Resources and Chemicals Media Building and Construction Financial Services Sports Consumer Markets Government Technology Education and Skills Development Emerging Giants Program Telecommunications Life Sciences Transport and Logistics Services Back What we do Advisory Environmental, Social and Governance (ESG) Tax The KPMG Learning Academy Board Leadership Transformation Powered Connected Elevate Trusted Managed Services Artificial Intelligence You can with AI Trusted AI Artificial Intelligence Insights Who we are Back About us Leadership Media Offices Alumni How we work Alliances KPMG. Make the Difference. Client Stories Analyst Relations Our Impact Plan Corporate Citizenship Working with us Back Careers Experienced Professionals Life at KPMG in India Culture and values Students KPMG Global Services Back KGS Leadership Our people Corporate Social Responsibility Consulting Deal Advisory & Strategy Tax Capability Hubs close contact_mail Contact us India (EN) close search Search search Your search term was too short. Search terms must include 3 or more characters. Previous search terms close Cancel Home Insights Related party transactions – Minimum information for review Related party transactions – Minimum information for review This issue of the First Notes provides an overview of the Industry Standards issued for minimum information for review of related party transactions event 25 Mar, 2025 Share Introduction The Securities and Exchange Board of India (SEBI) (Listing Obligations and Disclosure Requirements) Regulations, 2015 (LODR Regulations) requires Related Party Transactions (RPTs) to be approved by the Audit Committee and, where applicable, by the shareholders. The (SEBI) issued a Master Circular on 11 November 2024, providing broad requirements on the information to be placed before the Audit Committee and shareholders for approval of RPTs under Section III-B of the said SEBI Circular. However, no specific format for such information was provided. New development To facilitate a uniform approach and assist listed entities in complying with these requirements, SEBI issued a circular on 14 February 2025, specifying that listed entities should comply with the Industry Standards on ‘Minimum information to be provided for Review of the Audit Committee and Shareholders for approval of an RPT’ (RPT Industry Standards). The RPT Industry Standards have been formulated by the Industry Standards Forum (ISF), comprising representatives from three industry associations: Associated Chambers of Commerce and Industry of India (ASSOCHAM), Confederation of Indian Industry (CII), and Federation of Indian Chambers of Commerce and Industry (FICCI) in consultation with SEBI. This issue of First Notes aims to provide an overview of the Industry Standards issued for minimum requirements for the approval of RPTs. The RPT Industry Standards will be applicable effective 1 July 2025. Related party transactions – Minimum information for review This issue of the First Notes provides an overview of the Industry Standards issued for minimum information for review of related party transactions Download Access our latest insights on Apple or Android devices Click here for Google play Click here for App Store Contact Contact Us Submit RFP Contact Contact Us Submit RFP Media Press Releases Media Press Releases Company Careers About Us Company Careers About Us Legal Privacy Accessibility Help © 2025 KPMG Assurance and Consulting Services LLP, an Indian Limited Liability Partnership and a member firm of the KPMG global organization of independent member firms affiliated with KPMG International Limited, a private English company limited by guarantee. All rights reserved. For more detail about the structure of the KPMG global organization please visit https://kpmg.com/governance . north Back to top"
1744287928-20,https://kpmg.com/in/en/insights.html,"Third-party risks in the pharmaceutical supply chain
        
        Mitigating risks in pharmaceutical supply chain - bribery, counterfeit drugs and fraud. Offering PoV on risk mitigation and regulatory insights
        
          Read morechevron_right",https://kpmg.com/in/en/insights/2025/03/third-party-risks-in-the-pharmaceutical-supply-chain.html,,"Third-party risks in the pharmaceutical supply chain close contact_mail Contact us India (EN) close Search cancel menu close Insights Back Our Insights Our Perspectives Artificial Intelligence Supply chain Energy and Renewables Cyber Security Economy and Growth Environmental, Social and Governance (ESG) Technology Risk and Regulation Workforce Transformation Global Capability Centres Assurance Industries Back All industries Aerospace, Defence & Space Energy, Natural Resources and Chemicals Media Building and Construction Financial Services Sports Consumer Markets Government Technology Education and Skills Development Emerging Giants Program Telecommunications Life Sciences Transport and Logistics Services Back What we do Advisory Environmental, Social and Governance (ESG) Tax The KPMG Learning Academy Board Leadership Transformation Powered Connected Elevate Trusted Managed Services Artificial Intelligence You can with AI Trusted AI Artificial Intelligence Insights Who we are Back About us Leadership Media Offices Alumni How we work Alliances KPMG. Make the Difference. Client Stories Analyst Relations Our Impact Plan Corporate Citizenship Working with us Back Careers Experienced Professionals Life at KPMG in India Culture and values Students KPMG Global Services Back KGS Leadership Our people Corporate Social Responsibility Consulting Deal Advisory & Strategy Tax Capability Hubs close contact_mail Contact us India (EN) close search Search search Your search term was too short. Search terms must include 3 or more characters. Previous search terms close Cancel Home Insights Third-party risks in the pharmaceutical supply chain Third-party risks in the pharmaceutical supply chain Mitigating risks in pharmaceutical supply chain - bribery, counterfeit drugs and fraud. Offering PoV on risk mitigation and regulatory insights event 24 Mar, 2025 Share The pharmaceutical supply chain is confronted with various risks that can significantly affect both operational efficiency and public health outcomes. Our Point of View (PoV) provides information on key issues such as bribery and corruption, emergence of counterfeit medications, environmental factors and damages, supply chain manipulation characterised by fraud or misrepresentation of products and theft, and diversion of pharmaceutical products, whether occurring during manufacturing, transit, or at distribution points, demonstrated through our experience in conducting risk assessments for clients and outlines the regulatory requirements of the industry. How can pharmaceutical companies mitigate risks in their supply chain? In order to manage the risks within supply chain, pharmaceutical companies must put appropriate measures in place to monitor and control the supply chain’s operational activities. Due diligence plays a major role in mitigating these supply chain risks – financial, operational, ESG (Environmental, Social and Governance), reputational, quality control, legal and compliance, regulatory, concentration, among other risks. Regulatory compliance: a mandatory requirement to mitigate supply chain risks in pharmaceutical industry In recent years, the healthcare and pharmaceutical industry has undergone significant changes driven by stringent regulatory requirements in disclosures, technological progress, the growth of remote care, shifting consumer habits towards innovative products, the effects of the COVID-19 pandemic, and the emergence of new competitors in the market. Acknowledging the opportunity for expansion, governments across the world have initiated efforts to regulate the pharmaceutical industry. The pharmaceutical industry is heavily regulated by country-specific regulatory authorities. Considering the potential risks such as legal, financial, operational, and environmental risks, it is imperative for pharmaceutical manufacturers to have a thorough understanding of the regulatory authorities that oversee their operations in order to mitigate the risks associated with non-compliance. Regulatory approvals are mandatory in the U.S., Europe, and other regions across the globe for the introduction of new pharmaceuticals and medical devices into the market, as well as at each stage of the supply chain including raw material supply, manufacturing, distribution, and marketing, etc. Pharmaceutical companies are increasingly depending on supply chains to tap into specialised expertise, cut costs, speed up product delivery, and manage logistics more effectively. However, throughout the supply chain stages, the third-parties have violated several regulations set by regulatory authorities. This reliance on supply chains exposes them to various risks, including regulatory, reputational, and operational risks. Pharmaceutical companies depend on third-parties for various reasons, including gaining specialised knowledge and resources, reducing costs, and managing logistics. Adhering to regulatory standards is essential and cannot be compromised in the pharmaceutical industry. Regulatory agencies formulate guidelines and regulations governing all aspects of the pharmaceutical process, including research and development, manufacturing, distribution, and marketing. Regulatory risks within the pharmaceutical supply chain may encompass instances of non-compliance with established regulations, potentially resulting in delays in shipments or rejection by customs authorities. Due diligence on their supply chains can help to identify and assess potential risks, which can assist pharmaceutical companies in effectively mitigating these risks. Third-party risks in the pharmaceutical supply chain Mitigating risks in pharmaceutical supply chain - bribery, counterfeit drugs and fraud. Offering PoV on risk mitigation and regulatory insights Download the report (1.22 MB) Key Contacts Maneesha Garg Partner & Head – Managed Services, Forensic, F&A, HR, Learning, Insight Led sales, Digital business operations and Sourcing KPMG in India mail Ummehaani Partner – Third party due diligence; ESG Supply chain diligence KPMG in India mail Access our latest insights on Apple or Android devices Click here for Google play Click here for App Store Contact Contact Us Submit RFP Contact Contact Us Submit RFP Media Press Releases Media Press Releases Company Careers About Us Company Careers About Us Legal Privacy Accessibility Help © 2025 KPMG Assurance and Consulting Services LLP, an Indian Limited Liability Partnership and a member firm of the KPMG global organization of independent member firms affiliated with KPMG International Limited, a private English company limited by guarantee. All rights reserved. For more detail about the structure of the KPMG global organization please visit https://kpmg.com/governance . north Back to top"
1744287928-21,https://kpmg.com/in/en/insights.html,"Establishing and operationalising the revenue augmentation and analytics cell
        
        The revenue augmentation and analytics cell boosts state revenue through advanced analytics, policy updates, and process improvements for efficient governance
        
          Read morechevron_right",https://kpmg.com/in/en/insights/2024/11/kpmg-make-the-difference/case-study-establishing-and-operationalising-the-revenue-augmentation-analytics-cell.html,,
1744287928-22,https://kpmg.com/in/en/insights.html,"Enhancing efficiency and effectiveness in policing with the crime and criminal tracking network and systems (CCTNS)
        
        The CCTNS project enhances policing efficiency through an integrated e-Governance system, improving operations at all police levels
        
          Read morechevron_right",https://kpmg.com/in/en/insights/2024/11/kpmg-make-the-difference/case-study-enhancing-efficiency-and-effectiveness-in-policing-with-the-crime-and-criminal-tracking-network-systems-cctns.html,,
1744287928-23,https://kpmg.com/in/en/insights.html,"Intelligent retail
        
        Exploring transformative AI impact in retail, unlocking value through integration of advanced systems. Framework for effective AI solutions in retail
        
          Read morechevron_right",https://kpmg.com/in/en/insights/2025/03/intelligent-retail.html,,"Intelligent retail close contact_mail Contact us India (EN) close Search cancel menu close Insights Back Our Insights Our Perspectives Artificial Intelligence Supply chain Energy and Renewables Cyber Security Economy and Growth Environmental, Social and Governance (ESG) Technology Risk and Regulation Workforce Transformation Global Capability Centres Assurance Industries Back All industries Aerospace, Defence & Space Energy, Natural Resources and Chemicals Media Building and Construction Financial Services Sports Consumer Markets Government Technology Education and Skills Development Emerging Giants Program Telecommunications Life Sciences Transport and Logistics Services Back What we do Advisory Environmental, Social and Governance (ESG) Tax The KPMG Learning Academy Board Leadership Transformation Powered Connected Elevate Trusted Managed Services Artificial Intelligence You can with AI Trusted AI Artificial Intelligence Insights Who we are Back About us Leadership Media Offices Alumni How we work Alliances KPMG. Make the Difference. Client Stories Analyst Relations Our Impact Plan Corporate Citizenship Working with us Back Careers Experienced Professionals Life at KPMG in India Culture and values Students KPMG Global Services Back KGS Leadership Our people Corporate Social Responsibility Consulting Deal Advisory & Strategy Tax Capability Hubs close contact_mail Contact us India (EN) close search Search search Your search term was too short. Search terms must include 3 or more characters. Previous search terms close Cancel Home Insights Intelligent retail Intelligent retail Exploring transformative AI impact in retail, unlocking value through integration of advanced systems. Framework for effective AI solutions in retail event 24 Mar, 2025 Share AI is rewriting the rules of Retail. Are you ready? We explore the transformative impact of AI on the retail sector, highlighting how it can unlock significant value. The integration of AI and advanced autonomous systems is paving the way for unprecedented innovation and operational efficiency within the sector. Our findings offer a strategic framework for organizations to effectively leverage AI solutions for retail and enhance customer experiences. At-a-glance insights: AI experience is greater than in other sectors 0% have been using AI for over 3 years 47% of retailers state that AI has become core to their business The benefits are flowing through 0% have seen efficiency improvements 55% have seen a moderate to very high ROI from their investments so far The pressure is on to prove ROI 0% face significant pressure from shareholders to show immediate ROI on AI investment 71% anticipate an ROI of more than 10 percent from AI in the next year Retail is seeing strong impact of AI across business functions and budgets are continuing to increase 64% say their organization has experienced a moderate to high impact from AI on many functions 7 in 10 say the percentage of their organization’s technology budget that goes towards AI will increase over the next year Improving customer experience and decision making comes out top for AI goals How to realize value from your AI transformation journey To address these challenges, KPMG introduces the three phases of AI value — a framework designed to guide retailers through the AI adoption journey. This phased approach provides a structured roadmap, helping retail prioritize investments, align initiatives with business goals, and position themselves effectively in the age of AI in retail. Enable The Enable phase focuses on enabling people and building AI foundations. Organisations appoint a responsible executive, create an AI strategy, identify high-value use cases, boost AI literacy, align with regulations and establish ethical guardrails. AI pilots are launched across functions, while cloud platforms and pre-trained models are leveraged with minimal customisation. Embed The Embed phase integrates AI into workflows, products, services, value streams, robotics, and wearables, delivering greater value. A senior leader drives enterprise-wide workforce redesign, re-skilling and change, embedding AI into operating models with a focus on ethics, trust and security. AI agents and diverse models are deployed, supported by cloud and legacy tech modernisation, while enterprise-wide data enhances operations. Evolve The Evolve phase evolves business models and ecosystems, using AI and frontier technologies like quantum computing and blockchain to solve large sector-wide challenges. AI orchestrates seamless value across enterprises and partners. Emphasizing ethics and trust with real-time security, this phase uplifts human potential with broad and deep workforce training, fostering a creative, innovative and value-driven future. Intelligent retail Exploring transformative AI impact in retail, unlocking value through integration of advanced systems. Framework for effective AI solutions in retail Download the report Key Contact Dr. Puneet Mansukhani Partner TE-Retail I Sector Head Retail I Head Global Retail - Digital and Technology Transformation KPMG in India mail Access our latest insights on Apple or Android devices Click here for Google play Click here for App Store Contact Contact Us Submit RFP Contact Contact Us Submit RFP Media Press Releases Media Press Releases Company Careers About Us Company Careers About Us Legal Privacy Accessibility Help © 2025 KPMG Assurance and Consulting Services LLP, an Indian Limited Liability Partnership and a member firm of the KPMG global organization of independent member firms affiliated with KPMG International Limited, a private English company limited by guarantee. All rights reserved. For more detail about the structure of the KPMG global organization please visit https://kpmg.com/governance . north Back to top"
1744287928-24,https://kpmg.com/in/en/insights.html,"Revolutionising traffic management and road safety with AI-powered intelligent traffic management system (ITMS)
        
        The AI-powered ITMS addresses traffic congestion, reduces accidents, and enhances road safety and compliance on expressways
        
          Read morechevron_right",https://kpmg.com/in/en/insights/2024/11/kpmg-make-the-difference/case-study-revolutionising-traffic-management-and-road-safety-with-ai-powered-intelligent-traffic-management-system-itms.html,,
1744287928-25,https://kpmg.com/in/en/insights.html,"India’s digital transformation provides a blueprint for growth amidst a global polycrisis
        
        The World Economic Forum in Davos highlighted India’s opportunity to emerge as a global digital leader amidst the ‘polycrisis’
        
          Read morechevron_right",https://kpmg.com/in/en/blogs/2025/03/indias-digital-transformation-provides-a-blueprint-for-growth-amidst-a-global-polycrisis.html,,"India’s digital transformation provides a blueprint for growth amidst a global polycrisis close contact_mail Contact us India (EN) close Search cancel menu close Insights Back Our Insights Our Perspectives Artificial Intelligence Supply chain Energy and Renewables Cyber Security Economy and Growth Environmental, Social and Governance (ESG) Technology Risk and Regulation Workforce Transformation Global Capability Centres Assurance Industries Back All industries Aerospace, Defence & Space Energy, Natural Resources and Chemicals Media Building and Construction Financial Services Sports Consumer Markets Government Technology Education and Skills Development Emerging Giants Program Telecommunications Life Sciences Transport and Logistics Services Back What we do Advisory Environmental, Social and Governance (ESG) Tax The KPMG Learning Academy Board Leadership Transformation Powered Connected Elevate Trusted Managed Services Artificial Intelligence You can with AI Trusted AI Artificial Intelligence Insights Who we are Back About us Leadership Media Offices Alumni How we work Alliances KPMG. Make the Difference. Client Stories Analyst Relations Our Impact Plan Corporate Citizenship Working with us Back Careers Experienced Professionals Life at KPMG in India Culture and values Students KPMG Global Services Back KGS Leadership Our people Corporate Social Responsibility Consulting Deal Advisory & Strategy Tax Capability Hubs close contact_mail Contact us India (EN) close search Search search Your search term was too short. Search terms must include 3 or more characters. Previous search terms close Cancel Home Blogs India’s digital transformation provides a blueprint for growth amidst a global polycrisis India’s digital transformation provides a blueprint for growth amidst a global polycrisis The World Economic Forum in Davos highlighted India’s opportunity to emerge as a global digital leader amidst the ‘polycrisis’ event 19 Mar, 2025 Share The recently concluded World Economic Forum meet in Davos highlighted India’s opportunity to emerge as a global digital leader amidst the ‘polycrisis’—a combination of geopolitical risk, climate change effects, and tech disruptions, facing the world today. What stood out was the critical role of technology, in navigating these crises. Interesting views were shared on leveraging digital transformation for resilience and growth. India I believe, is already on a solid footing and strategically placed to lead the ‘intelligent age’ with its youthful and tech savvy population and track record of leveraging technology for inclusive growth. Technology will be key for thriving in the intelligent era and navigating uncertainty. It provides a means for organisations to be resilient, create new growth avenues and move with agility in the face of these challenges.  Artificial Intelligence as we all know continues to revolutionize industries with advanced data analysis and predictive capabilities. Today India is leading with pioneering innovations, setting global benchmarks in sectors like space exploration, biotechnology, AI, and quantum technology. These advancements could pave the way for addressing challenges we are confronted with and contribute to our progress and our  commitment to leveraging technology for sustainable growth and development. India’s digital transformation blueprint India’s implementation of projects as Aadhaar, Digital India, and BharatNet exemplify its digital prowess. The unique identification project, Aadhaar, is one of the largest globally, with 1.38 billion enrolments. Nonetheless, we must pause and ask ourselves -Where does India stand on AI? Have significant strides been made? The answer to all these questions is – Yes, but there exists a pressing need for the government to invest in AI at levels comparable to the private sector. The government's vision for Digital Public Infrastructure aims to create a robust, inclusive, and secure digital ecosystem. This is indeed commendable, considering our story provides a unique case of an indigenous, open-sourced, public-private-led and impactful digitalisation story with limited resources. The fact that India’s DPI is conceived domestically as a DPG combined with the mission to make it exportable to other countries needs to be given the necessary attention across the world. To this effect, government data shows Digital India has helped to increase the country’s internet subscriber base multi-fold -- from around 250 million subscribers in 2014 to 950 million subscribers in 2024.  BharatNet has connected around 200,000 villages to broadband. Coupled with these initiatives, the country has also taken steps to harness its human capital by upskilling and re-skilling its workforce to be future ready. Initiatives such as the Pradhan Mantri Gramin Digital Saksharta Abhiyan (PMGDISHA) are taking digital literacy to rural India, while others such as the Skill India Mission and FutureSkills PRIME are making youth employable and training them in new technologies such as AI, Blockchain, IoT and Cybersecurity. Here we must also recognize the India AI Mission which aims to establish a comprehensive AI ecosystem through public-private partnerships. The mission could help in democratizing computing access, improving data quality, developing indigenous AI capabilities, and fostering industry collaboration while ensuring ethical and socially impactful AI projects being undertaken aligns with the government's broader vision of leveraging AI for sustainable growth and development, positioning India as a global leader in AI innovation. These efforts have earned the country a place among the top five in the Stanford Institute for Human-Centered AI’s Global AI Vibrancy Tool, alongside the U.S., the UK and China. As we move forward, the importance of continuous learning and making the workforce future-ready would also be a critical component of the digital transformation journey. With the rapid diffusion of technology, 35 per cent of skillsets are projected to become redundant or transform between now and 2030, according to World Economic Forum's Future of Jobs Report 2025. Collaboration and strategic leveraging of PPPs have played an important role in advancing the country’s digital economy.  The open innovation model exemplifies and bakes in this collaborative approach, bringing the best from diverse stakeholders to solve complex problems. India's UPI platform, with over a billion and a half transactions, is testimony to how open innovation reduces costs, speeds up problem-solving, and promotes inclusivity for a diverse audience. Possible pathways for india to progress from a digital frontrunner to a global digital leader According to a report by the NITI Aayog report titled ""India's Booming Gig and Platform Economy” by 2030, India is projected to have 23.5 million gig workers – up from merely 7.7 million in 2020.  To build on its early successes in digital transformation, India will have to consider this sizable segment, which will play crucial roles in technology, creative services and more.  It will have to build frameworks for continuous upskilling of this mobile labour force and provide safeguards for minimum financial security and well-being. And while the country continues to build on the pillars of collaboration and innovation for digital transformation, it will also have to be mindful of the new risks these technological advances bring.  This may involve a trade-off, balancing risk and innovation to ensure progress on digital transformation is not stalled. Strong governance, ethical AI guidelines, and data privacy frameworks are vital for India's digital leadership. Initiatives like the Digital Personal Data Protection Act and Cyber Surakshit Bharat are foundational for a secure digital economy. Transparency and accountability in organizational digital policies are essential for building trust. As the country progresses towards a Viksit Bharat by 2047, it must build on its successes and accelerate digital transformation to become a global leader. With a robust foundation and an ambitious vision, India can redefine the digital landscape, leading the world in innovation and inclusion. A version of this article was published by CEOInsightsIndia.com on February 28 2025- The same can be read here Author Akhilesh Tuteja Partner & National Leader, Clients and Markets KPMG in India mail Access our latest insights on Apple or Android devices Click here for Google play Click here for App Store Contact Contact Us Submit RFP Contact Contact Us Submit RFP Media Press Releases Media Press Releases Company Careers About Us Company Careers About Us Legal Privacy Accessibility Help © 2025 KPMG Assurance and Consulting Services LLP, an Indian Limited Liability Partnership and a member firm of the KPMG global organization of independent member firms affiliated with KPMG International Limited, a private English company limited by guarantee. All rights reserved. For more detail about the structure of the KPMG global organization please visit https://kpmg.com/governance ."
1744287928-26,https://kpmg.com/in/en/insights.html,"Cybersecurity considerations 2025
        
        In an AI-dominated business environment, the foundational principles of cybersecurity are even more critical
        
          Read morechevron_right",https://kpmg.com/in/en/insights/2025/03/cybersecurity-considerations-2025.html,,"Cybersecurity considerations 2025 close contact_mail Contact us India (EN) close Search cancel menu close Insights Back Our Insights Our Perspectives Artificial Intelligence Supply chain Energy and Renewables Cyber Security Economy and Growth Environmental, Social and Governance (ESG) Technology Risk and Regulation Workforce Transformation Global Capability Centres Assurance Industries Back All industries Aerospace, Defence & Space Energy, Natural Resources and Chemicals Media Building and Construction Financial Services Sports Consumer Markets Government Technology Education and Skills Development Emerging Giants Program Telecommunications Life Sciences Transport and Logistics Services Back What we do Advisory Environmental, Social and Governance (ESG) Tax The KPMG Learning Academy Board Leadership Transformation Powered Connected Elevate Trusted Managed Services Artificial Intelligence You can with AI Trusted AI Artificial Intelligence Insights Who we are Back About us Leadership Media Offices Alumni How we work Alliances KPMG. Make the Difference. Client Stories Analyst Relations Our Impact Plan Corporate Citizenship Working with us Back Careers Experienced Professionals Life at KPMG in India Culture and values Students KPMG Global Services Back KGS Leadership Our people Corporate Social Responsibility Consulting Deal Advisory & Strategy Tax Capability Hubs close contact_mail Contact us India (EN) close search Search search Your search term was too short. Search terms must include 3 or more characters. Previous search terms close Cancel Home Insights Cybersecurity considerations 2025 Cybersecurity considerations 2025 In an AI-dominated business environment, the foundational principles of cybersecurity are even more critical event 18 Mar, 2025 Share The digital landscape continues to evolve at pace – unleashing significant challenges and a sense of urgency amid the need for robust cybersecurity measures. Ubiquitous digital connections and fast-emerging technologies such as AI appear to be redefining almost every facet of our professional and personal lives, making cybersecurity not just a business concern but a universal issue that affects all aspects of society. The KPMG 2024 India CEO Outlook reveals that CEOs view cybersecurity as the top threat to businesses over the last decade. The sixth global installment of KPMG’s annual Cybersecurity Considerations report examines current and emerging obstacles that organisations are facing across various industries – and eight key cybersecurity considerations they should focus on as the rapid pace of change accelerates in today’s dynamic environment.The KPMG annual Cybersecurity considerations report identifies eight key considerations that CISOs should prioritise in 2024 to help mitigate risk, drive business growth and build resilience. Explore the eight key cyber considerations and uncover the key actions organisations can take as they seek to accelerate recovery times, reduce the impact of incidents on employees, customers, and partners and aim to ensure their security plans enable — rather than expose — the business. Cybersecurity considerations 2025 Modern, robust cybersecurity has become a key requirement for success as threats and costly attacks proliferate. Today’s CISOs should embrace modern digital capabilities that can help them navigate emerging complexities and maintain a resilient future. Cybersecurity considerations 2025 In an AI-dominated business environment, the foundational principles of cybersecurity are even more critical. Download the report Explore the eight key cybersecurity considerations for 2025 The ever-evolving role of the CISO What CISOs and their teams focus on, and how they interact with the rest of the organisation is fluid, as the cybersecurity function becomes more broadly embedded within and better understood across the organisation. The power of the people As organisations continue to transform their business models in the face of new digital disruptions, many are experiencing real challenges around workload, which is exacerbating the long-discussed cyber skills gap. AI and automation can help, but there is an underlying risk of talent attrition as many teams struggle to cope. Embed trust as AI proliferates AI is here to stay and has a place in virtually every organisational function, but there are a number of key cyber and privacy challenges that have the potential to affect the adoption and deployment of AI. Harness AI for cyber: Racing ahead vs racing safely Many factors appear to be contributing to the buzz around AI adoption, from a lack of training to the fear of missing out and possibly falling behind. A key challenge is weighing the potential benefits of integrating AI into cyber and privacy functions against the potential risks. Platform consolidation: Embrace the potential but recognise the risks Increasingly, many global organisations are looking to reduce the complexity and cost of their technology. Organisations that choose to do so by consolidating tools and services on to a single, or a limited number of platforms should seek to identify and navigate the inherent risks. The digital identity imperative Although there are several initiatives around digital identity sprouting up worldwide, interoperability between systems and enhanced authentication due to the emergence of deepfakes remain challenging, whether because of regulations, risk appetite, and/or public opinion regarding the processing of personal and biometric data. Smart security for smart ecosystems The rise of smart devices and products worldwide is challenging and changing traditional views and approaches toward security, prompting many regulators to introduce new regimes to ensure these products meet basic security requirements. Resilience by design: Cybersecurity for businesses and society Organisations should find a way, from the CISO on down, to create a broad, holistic culture of resilient security throughout their enterprise and with the aim of ensuring all stakeholders are on the same page. Key Contacts Akhilesh Tuteja Partner & National Leader, Clients and Markets KPMG in India mail Atul Gupta Partner and Head - Digital Trust and Cyber KPMG in India mail Access our latest insights on Apple or Android devices Click here for Google play Click here for App Store Contact Contact Us Submit RFP Contact Contact Us Submit RFP Media Press Releases Media Press Releases Company Careers About Us Company Careers About Us Legal Privacy Accessibility Help © 2025 KPMG Assurance and Consulting Services LLP, an Indian Limited Liability Partnership and a member firm of the KPMG global organization of independent member firms affiliated with KPMG International Limited, a private English company limited by guarantee. All rights reserved. For more detail about the structure of the KPMG global organization please visit https://kpmg.com/governance . north Back to top"
1744287928-27,https://kpmg.com/in/en/insights.html,"India CX Report'25: Airlines
        
        Findings across passenger air carriers with Pan-India presence serving leisure as well as business travelers
        
          Read morechevron_right",https://kpmg.com/in/en/insights/2025/03/india-cx-report-2025/airlines.html,,"India CX Report'25: Airlines close contact_mail Contact us India (EN) close Search cancel menu close Insights Back Our Insights Our Perspectives Artificial Intelligence Supply chain Energy and Renewables Cyber Security Economy and Growth Environmental, Social and Governance (ESG) Technology Risk and Regulation Workforce Transformation Global Capability Centres Assurance Industries Back All industries Aerospace, Defence & Space Energy, Natural Resources and Chemicals Media Building and Construction Financial Services Sports Consumer Markets Government Technology Education and Skills Development Emerging Giants Program Telecommunications Life Sciences Transport and Logistics Services Back What we do Advisory Environmental, Social and Governance (ESG) Tax The KPMG Learning Academy Board Leadership Transformation Powered Connected Elevate Trusted Managed Services Artificial Intelligence You can with AI Trusted AI Artificial Intelligence Insights Who we are Back About us Leadership Media Offices Alumni How we work Alliances KPMG. Make the Difference. Client Stories Analyst Relations Our Impact Plan Corporate Citizenship Working with us Back Careers Experienced Professionals Life at KPMG in India Culture and values Students KPMG Global Services Back KGS Leadership Our people Corporate Social Responsibility Consulting Deal Advisory & Strategy Tax Capability Hubs close contact_mail Contact us India (EN) close search Search search Your search term was too short. Search terms must include 3 or more characters. Previous search terms close Cancel Home Insights Mastering intentional experiences: India CX report' 25 India CX Report'25: Airlines India CX Report'25: Airlines Findings across passenger air carriers with Pan-India presence serving leisure as well as business travelers Share Did you know? support_agent During consideration, there is an opportunity to differentiate across monetary parameters – frequent flyer program and money saver offerings assessment In-flight, customer values timely communication on delays and entertainment services at-par with the international carriers airlines Customer requirements across post-flight experience have been consistent over time, resulting in undifferentiated delivery of CX across carriers Airlines must go beyond just fares and network - seamless customer experience, digital engagement, innovation, trust building and operational excellence are the true differentiators. Airlines need to master the art of making the choice effortless before the journey even begins Girish Nair Partner and Head, Aviation Sector Differentiating at the right journey touchpoints is the key to value creation Pre - flight Key customer considerations Was my booking and check-in experience with the airline seamless? Importance of the stage 36 per cent of the consumers put emphasis on pre-flight stage in defining the overall experience with the brand Top rated experience parameters A) Onboarding experience B) Seamless check-in C) Transparency of information. Hygiene parameters A) Frequent flyer programs B) Value for money offerings In - flight Key customer considerations Did the in - flight experience meet my expectation? Importance of the stage 58 per cent of the consumers put emphasis on in - flight stage in defining the overall experience with the brand Top rated experience parameters A) In - flight service and support by staff B) Cabin comfort C) Safety compliance Hygiene parameters A) In - flight entertainment B) Announcements and information Post - flight Key customer considerations Was my post-flight experience hassle-free? Importance of the stage 7 per cent of the consumers put emphasis on post-flight stage in defining the overall experience with the brand Top rated experience parameters A) Baggage handling B) Customer support and response Hygiene parameters A) Deboarding The segment demonstrates an average performance with a potential for differentiation across FFP and money saver offerings Q1 - Was my booking and check-in experience with the airline seamless? Key Insights Customers value on-time performance There is considerable variability in ratings across brands, particularly across Frequent Flyer Program (FFP) and value for money offerings. Therefore, brands should focus on differentiating their customer experience in these areas “ I just want points to be reimbursed against my bookings or airline specific privileges. I will never remember to avail any rewards on clothes and shopping ” “ The app should have my history of seat bookings and pick automatically book that seat using points ” “ I already pay for lounge access through my credit cards, so I will not be willing to pay again as membership ”. In-flight, customer values timely communication on delays and entertainment services at-par with the international carriers Q2 - Did the inflight experience meet my expectation? Key Insights Domestic airlines have been rated low on In-flight entertainment vs foreign airlines. This might be an indicative of Indian travelers preferring foreign airlines when opting for overseas travel “ Beyond in-flight entertainment, if I can get on airport entertainment as well ” Domestic airlines are also rated lower vs International carriers on quality and range of food “ For two or two and a half hours flights, it’s better to not serve food vs serving cold food. Just good tea coffee will suffice ” Customers value timely communication on delays as it helps them plan the next step of the journey “ As a business traveler, my only requirement is that the flight leaves on time. I do not want anything else under in-flight experience ”. Post-flight experience is consistent across carriers indicating customer expectations have not changed over time Q3 - Was my post-flight experience hassle-free? Key Insights Customers expect prompt support and response and responsible baggage handling– “ While traveling with Carrier A, my luggage was misplaced. Although it was eventually found, the airline did not take immediate action and offered little assistance. They directed me to check elsewhere ” Organised deboarding is the last interaction customer has with the brand and is essential to close in on an overall great experience Striking the right balance between delighting customer and the cost of servicing them is key to maximising value Performance of the segment on prioritised experience attributes Omnichannel services and hospitable staff are the key attributes where brands are meeting customer expectations. Other priority attributes include - Customers prioritise carriers that offer competitive pricing and discounts, allowing them to save money on travel expenses. Carriers that offer flexible booking options, including no or low change fees, make it easier for customers to manage their travel plans without incurring additional costs. Multiple route options enable passengers to choose the most convenient and time-efficient flights, reducing overall travel time Modern aircraft equipped with state-of-the-art amenities provide passengers with a more comfortable and luxurious flying experience, which go together with safety and reliability. Overly complex and restrictive redemption process makes it difficult for travelers to utilise their rewards in a convenient and straightforward manner, thereby leading to frustration and decreased loyalty to the program. Low performance of the segment across prioritised experience attributes can be mapped to low customer retention Customer segmentation based on satisfaction and loyalty (percentage share of respondents) Customer retention is dependent on their satisfaction with the brand and their tendency to explore alternatives. ‘Ambassador’ are highly satisfied customers who will keep contributing to the brand’s success. ‘Switchers’ on the other hand, are always seeking better options. ‘Critics’ as the third segment, actively convey negative feedback about the brand, if not satisfied. Finally, ‘Dependents’ are customers who remain loyal despite low satisfaction due to lack of alternatives in the market. 52 per cent of the customer base are ambassadors as their brand of choice meets their expectations on – Responsive customer support Aircraft and associated amenities However, 46 per cent of the consumers are likely to substitute their preferred brand if it fails to meet their expectations on – Hospitality by staff Safe and reliable operations by the carrier The key attribute driving both ambassadors and switchers for the Airlines segment is quality customer support Despite highest weightage of ‘Expectation’ pillar in defining customer experience, fulfilment on the requirement is lowest Performance across the propreitary Six pillars of Customer Experience (Weightage of the pillars to the overall experience requirements) Expectation (22 per cent) and Integrity (19 per cent) are the key pillars of experience while making a purchase decision Within expectation, the top attributes driving a great experience are - Consistent availability of airlines across multiple schedules and routes attracts more travelers, resulting in increased bookings and higher revenue. Meeting expectations on cabin comfort and other service offerings, results in word-of-mouth recommendations from satisfied travelers can further enhance the airline's reputation Within integrity, the top attributes driving a great experience are - Trusted operations build customer confidence in the airline's ability to deliver reliable and safe services. Open availability of information is vital during crisis management like delays, cancellations, or emergencies. Airlines that prioritise transparency and open communication foster a positive brand image. Customers are more likely to choose an airline they perceive as honest and dependable. Customers prioritise ‘Expectation’ pillar however, their willingness to pay a premium is higher for ‘Empathy’ pillar The top 5 experience attributes influencing the customer’s willing to pay a premium Empathetic service and support from airline staff across online/ offline channels Consistent delivery on high-end aircraft, fully integrated with latest amenities Easy to use customer support with responsive and good resolution Operations by trusted carrier which is well recommended within the social circle Complete delivery on the expectations from product/ service for the money paid An individual’s willingness to pay a premium is driven by immediate needs. As the today’s customer evolves, the focal aspects of premiumisation has shifted from functionality to experience. These aspect may as well translate as personalised convenience, omnichannel browsing or even exclusivity in customer support. 30 per cent of the customers, primarily leisure travelers, would pay more for an airline ticket with better service as they value the enhanced comfort, convenience, and overall travel experience it provides. 29 per cent of the customers would pay more for better aircraft and latest amenities translating into cabin comfort Considering the recent cases of aircraft malfunctions, it is evident that travel safety has become a key requirement with at least 29 per cent of the of the customers willing to pay more for the same ticket in a trusted airline vs a new airline 28 per cent would pay more for a responsive customer support in getting hassle-free seat changes, refunds and reschedules “ With offerings like aisle seating, priority check-in and baggage allowance, only I will join a Loyalty program”. Key Contacts Nikhil Sethi National Leader Consumer Goods and Co-Lead Customer & Operations KPMG in India mail Girish Nair Partner and Head, Aviation Sector KPMG in India mail Contact Contact Us Submit RFP Contact Contact Us Submit RFP Media Press Releases Media Press Releases Company Careers About Us Company Careers About Us Legal Privacy Accessibility Help © 2025 KPMG Assurance and Consulting Services LLP, an Indian Limited Liability Partnership and a member firm of the KPMG global organization of independent member firms affiliated with KPMG International Limited, a private English company limited by guarantee. All rights reserved. For more detail about the structure of the KPMG global organization please visit https://kpmg.com/governance . north Back to top"
1744287928-28,https://kpmg.com/in/en/insights.html,"Mastering intentional experiences: India CX report' 25
        
        Benchmark experience from the customer’s viewpoint, to uncover prioritised attributes driving value
        
          Read morechevron_right",https://kpmg.com/in/en/insights/2025/03/india-cx-report-2025.html,,"Mastering intentional experiences: India CX report' 25 close contact_mail Contact us India (EN) close Search cancel menu close Insights Back Our Insights Our Perspectives Artificial Intelligence Supply chain Energy and Renewables Cyber Security Economy and Growth Environmental, Social and Governance (ESG) Technology Risk and Regulation Workforce Transformation Global Capability Centres Assurance Industries Back All industries Aerospace, Defence & Space Energy, Natural Resources and Chemicals Media Building and Construction Financial Services Sports Consumer Markets Government Technology Education and Skills Development Emerging Giants Program Telecommunications Life Sciences Transport and Logistics Services Back What we do Advisory Environmental, Social and Governance (ESG) Tax The KPMG Learning Academy Board Leadership Transformation Powered Connected Elevate Trusted Managed Services Artificial Intelligence You can with AI Trusted AI Artificial Intelligence Insights Who we are Back About us Leadership Media Offices Alumni How we work Alliances KPMG. Make the Difference. Client Stories Analyst Relations Our Impact Plan Corporate Citizenship Working with us Back Careers Experienced Professionals Life at KPMG in India Culture and values Students KPMG Global Services Back KGS Leadership Our people Corporate Social Responsibility Consulting Deal Advisory & Strategy Tax Capability Hubs close contact_mail Contact us India (EN) close search Search search Your search term was too short. Search terms must include 3 or more characters. Previous search terms close Cancel Home Insights Mastering intentional experiences: India CX report' 25 Mastering intentional experiences: India CX report' 25 Benchmark experience from the customer’s viewpoint, to uncover prioritised attributes driving value event 17 Mar, 2025 Share Why CX is Important? Customer Experience (CX) can be a key influencer of value creation by shaping growth and profitability while reducing business risks in today’s competitive world. It has the potential to fuel growth by enabling businesses to efficiently acquire new customers while strengthening relationships with existing ones, boosting renewals and expansions. Moreover, CX can enhance profitability by increasing the perceived value of offerings, allowing businesses to stand out in crowded markets and lowering customer acquisition costs by generating referrals, and improving conversion rates. CX can even be an enabler of business risk reduction by building trust and thereby improving the reliability of cash flows and acceptance of new offerings. This report explores how investing in superior CX can redefine the way businesses connect with customers to create measurable value Explore how brands can create value through differentiated CX, with KPMG in India’s CX survey findings touch_app Enhance engagement by differentiating at key customer touchpoints support_agent Invest in experience attributes that matter most to your customers filter_center_focus Focus on key attributes to boost loyalty and create brand ambassadors local_post_office Deliver on specific CX pillars aligned with customer experience needs Key sectors of 2025 CX report India CX Report'25: Financial Services Financial services providers are empowering individuals through innovation, transparency, and solutions that adapt to evolving lifestyles Read more India CX Report'25: Real Estate The real estate landscape is more dynamic than ever, propelled by innovation, a focus on sustainability, and the evolving needs of modern communities Read more India CX Report'25: Hotels Hoteliers must assess the role of facilities and service levels in delivering the right Customer Experience across different establishments Read more India CX Report'25: Consumer Durables Appliances have evolved beyond functionality. They now embody the essence of smart living Read more India CX Report'25: Aviation Airlines need to master the art of making choices effortless for the customer before the journey even begins Read more About the research We have been conducting customer-focused annual research since 2010. Last year’s report showcased the performance of 154 Indian brands across nine industries in delivering customer experience (CX). This year’s comprehensive study involved 6600+ individual B2C and B2B evaluations across 280+ brands, along with in-depth interviews with sector experts. The research for this study was conducted using an online survey methodology. Respondent demographics – Tier 1, and Tier 2 cities across North, South, East, and West regions. Equitable mix of male and female population sets Survey includes online, offline, and hybrid channels of interaction. An interaction is defined as purchasing via the brand’s website or an exclusive brand outlet/store To participate in the research and respond to questions about a specific brand, respondents must have interacted with that brand within the last six months. The respondent could be a key decision-maker for the purchase or just a contributor The respondents were also categorised as lapsed users, switchers, or loyalists of the brand in question. Upon analysis, we empirically discovered the impact of customer experience on both tangible and intangible value creation. We identified the contribution of six pillars—Personalisation, Expectation, Time and Effort, Integrity, Resolution, and Empathy—in delivering customer experience excellence throughout the customer’s purchase/service journey. These pillars are intricately connected, forming a robust framework to assess each customer-brand interaction.” 11 Sectors 280+ brands covered 6600+ customers surveyed, 100+ qualitative interviews Covers - 12 regions across Tier I and Tier II cities Key metrics: The six pillars of CEE Personalisation Using individualised attention to drive emotional connect Show me you know me Recognise our  history together Surprise me with something relevant Individualise what you do Time and Effort Minimising customer effort and creating frictionless processes Make my time investment pleasurable Maximum of three steps to my objective No longer than 2 minutes of wait Advice me of pitfalls ahead Expectation Managing, meeting and exceeding customer expectation Be competent Offer what was promised and more Surprise me with additional benefits Provide value consistent with what I paid Integrity Being trustworthy and engendering trust Act in my best interest Do what you say you will Stand for something more than profit Keep me informed Resolution Turning a disappointing experience into a great one See my point  of view Go the extra mile if required Surprise me in how you fix my issues A warm and sincere apology Empathy Achieving an understanding of  the customer’s circumstances  to drive deep rapport Invest time in listening to me Provide the right emotional response Treat me as your priority Take ownership of my issues Key Contact Nikhil Sethi National Leader Consumer Goods and Co-Lead Customer & Operations KPMG in India mail Disclaimers This content sets forth the views of KPMG based on the completeness and accuracy of responses received from the participants and any assumptions that were included. If any of the responses is not complete or accurate, it could have a material effect on our conclusions. In accordance with its policy, KPMG advises that neither it nor any partner, director or employee undertakes any responsibility arising in any way whatsoever, to any person in respect of the matters dealt with in this content, including any errors or omissions therein, arising through negligence or otherwise, howsoever caused. While preparing the content, we have assumed the authenticity of all the responses or information referred or provided. We have not independently verified the accuracy, completeness, correctness or authenticity of the same. We assume no responsibility for content or any responses or information referred or provided. We have not performed an audit and do not express an opinion or any other form of assurance. Further, content is not intended, nor should it be interpreted to be legal advice or opinion. In connection with the content or any part thereof, KPMG does not owe duty of care (whether in contract or in tort or under statute or otherwise) to any person or party to whom the content is circulated to and KPMG shall not be liable to any party who uses or relies on this content. KPMG hereby disclaims all responsibility or liability for any costs, damages, losses, liabilities, expenses incurred by such third party arising out of or in connection with the content or any part thereof. The content contained herein is of a general nature and is not intended to address the circumstances of any particular individual or entity. Although we endeavor to provide accurate and timely information, there can be no guarantee that such information is accurate as of the date it is received or that it will continue to be accurate in the future. No one should act on such information without appropriate professional advice after a thorough examination of the particular situation. By reading the content the reader shall be deemed to have accepted the terms mentioned hereinabove. KPMG Assurance and Consulting Services LLP, Lodha Excelus, Apollo Mills Compound, NM Joshi Marg, Mahalaxmi, Mumbai – 400 011 Phone: +91 22 3989 6000, Fax: +91 22 3983 6000. © 2025 KPMG Assurance and Consulting Services LLP, an Indian Limited Liability Partnership and a member firm of the KPMG global organization of independent member firms affiliated with KPMG International Limited, a private English company limited by guarantee. All rights reserved. Contact Contact Us Submit RFP Contact Contact Us Submit RFP Media Press Releases Media Press Releases Company Careers About Us Company Careers About Us Legal Privacy Accessibility Help © 2025 KPMG Assurance and Consulting Services LLP, an Indian Limited Liability Partnership and a member firm of the KPMG global organization of independent member firms affiliated with KPMG International Limited, a private English company limited by guarantee. All rights reserved. For more detail about the structure of the KPMG global organization please visit https://kpmg.com/governance . north Back to top"
1744287928-29,https://kpmg.com/in/en/insights.html,"Navigating Reserve Bank of India’s guidelines for NEFT and RTGS payment systems
        
        An overview on how regulated entities involved in the NEFT and RTGS payments chain can ensure compliance to regulatory requirements
        
          Read morechevron_right",https://kpmg.com/in/en/insights/2025/03/navigating-reserve-bank-of-indias-guidelines-for-neft-and-rtgs-payment-systems.html,,"Navigating Reserve Bank of India’s guidelines for NEFT and RTGS payment systems close contact_mail Contact us India (EN) close Search cancel menu close Insights Back Our Insights Our Perspectives Artificial Intelligence Supply chain Energy and Renewables Cyber Security Economy and Growth Environmental, Social and Governance (ESG) Technology Risk and Regulation Workforce Transformation Global Capability Centres Assurance Industries Back All industries Aerospace, Defence & Space Energy, Natural Resources and Chemicals Media Building and Construction Financial Services Sports Consumer Markets Government Technology Education and Skills Development Emerging Giants Program Telecommunications Life Sciences Transport and Logistics Services Back What we do Advisory Environmental, Social and Governance (ESG) Tax The KPMG Learning Academy Board Leadership Transformation Powered Connected Elevate Trusted Managed Services Artificial Intelligence You can with AI Trusted AI Artificial Intelligence Insights Who we are Back About us Leadership Media Offices Alumni How we work Alliances KPMG. Make the Difference. Client Stories Analyst Relations Our Impact Plan Corporate Citizenship Working with us Back Careers Experienced Professionals Life at KPMG in India Culture and values Students KPMG Global Services Back KGS Leadership Our people Corporate Social Responsibility Consulting Deal Advisory & Strategy Tax Capability Hubs close contact_mail Contact us India (EN) close search Search search Your search term was too short. Search terms must include 3 or more characters. Previous search terms close Cancel Home Insights Navigating Reserve Bank of India’s guidelines for NEFT and RTGS payment systems Navigating Reserve Bank of India’s guidelines for NEFT and RTGS payment systems An overview on how regulated entities involved in the NEFT and RTGS payments chain can ensure compliance to regulatory requirements event 17 Mar, 2025 Share This report provides KPMG in India’s point of view on the following Reserve Bank of India (RBI) guidelines for NEFT and RTGS payment systems Real-time Gross Settlement System Regulation, RBI, Version 1.0 (dated 21 October 2024) National Electronics Funds Transfer System Procedural Guidelines, RBI, Version 1.1 (dated 25 October 2024) Regulated entities falling under the purview of above guidelines are required to submit annual system audit reports to RBI comprising of review of access criteria and cyber security baseline requirements. The review is required to be conducted by CERT-In empanelled information security auditors for each financial year. Access criteria is a set of norms issued by RBI from time to time to allow a member to access the payment systems. The criteria is defined as part of the RTGS guidelines. In case of NEFT, the payment participant has to be an existing member of the RTGS system or apply for both RTGS and NEFT systems. The membership needs to be reviewed on an annual basis. The circulars also recommend adherence to Cyber Security Baseline Standards as well as rules and guidelines of INFINET, INFINET framework, SFMS, Digital Payment Security Controls, and Storage of Payment System Data as updated from time to time. KPMG in India has vast experience in helping clients to meet regulatory obligations and assess the current cyber security risk posture in their digital payment lifecycle. Clients are also advised on how to improve systems to help ensure secure, efficient, and reliable transactions which fosters stability. Navigating Reserve Bank of India’s guidelines for NEFT and RTGS payment systems An overview on how regulated entities involved in the NEFT and RTGS payments chain can ensure compliance to regulatory requirements Download the report (467 KB) Key Contacts Kunal Pande National Co-Head - Digital Risk and Cyber, National Leader - Digital Trust for Financial Services Sector KPMG in India mail Rohan Padhi Partner, National Co-Lead, Digital Risk and Cloud Security KPMG in India mail Romharsh Razdan Partner, Digital Trust KPMG in India mail Access our latest insights on Apple or Android devices Click here for Google play Click here for App Store Contact Contact Us Submit RFP Contact Contact Us Submit RFP Media Press Releases Media Press Releases Company Careers About Us Company Careers About Us Legal Privacy Accessibility Help © 2025 KPMG Assurance and Consulting Services LLP, an Indian Limited Liability Partnership and a member firm of the KPMG global organization of independent member firms affiliated with KPMG International Limited, a private English company limited by guarantee. All rights reserved. For more detail about the structure of the KPMG global organization please visit https://kpmg.com/governance . north Back to top"
1744287928-30,https://kpmg.com/in/en/insights.html,"Indian ports are now better, but what’s next?
        
        Indian ports have seen significant improvement, but to reach full potential, focus is on connectivity, process efficiency, and embracing tech
        
          Read morechevron_right",https://kpmg.com/in/en/blogs/2025/03/indian-ports-are-now-better-but-whats-next.html,,"Indian ports are now better, but what’s next? close contact_mail Contact us India (EN) close Search cancel menu close Insights Back Our Insights Our Perspectives Artificial Intelligence Supply chain Energy and Renewables Cyber Security Economy and Growth Environmental, Social and Governance (ESG) Technology Risk and Regulation Workforce Transformation Global Capability Centres Assurance Industries Back All industries Aerospace, Defence & Space Energy, Natural Resources and Chemicals Media Building and Construction Financial Services Sports Consumer Markets Government Technology Education and Skills Development Emerging Giants Program Telecommunications Life Sciences Transport and Logistics Services Back What we do Advisory Environmental, Social and Governance (ESG) Tax The KPMG Learning Academy Board Leadership Transformation Powered Connected Elevate Trusted Managed Services Artificial Intelligence You can with AI Trusted AI Artificial Intelligence Insights Who we are Back About us Leadership Media Offices Alumni How we work Alliances KPMG. Make the Difference. Client Stories Analyst Relations Our Impact Plan Corporate Citizenship Working with us Back Careers Experienced Professionals Life at KPMG in India Culture and values Students KPMG Global Services Back KGS Leadership Our people Corporate Social Responsibility Consulting Deal Advisory & Strategy Tax Capability Hubs close contact_mail Contact us India (EN) close search Search search Your search term was too short. Search terms must include 3 or more characters. Previous search terms close Cancel Home Blogs Indian ports are now better, but what’s next? Indian ports are now better, but what’s next? Indian ports have seen significant improvement, but to reach full potential, focus is on connectivity, process efficiency, and embracing tech event 13 Mar, 2025 Share Indian ports are now better, smarter and more agile, as the country continues its positive economic march. Currently, a total of nine Indian ports rank among the top 100 globally, up from just three in 2020. 1 On an average, the container dwell time at Indian ports is now only 3 days as compared to 4 days in countries like the UAE and South Africa, 7 days in the USA and 10 days in Germany. 2 India’s port capacity too has marked a notable increase—from 871.52 MMTPA in 2014–2015 to 1629.86 in 2023–2024. 3 The story so far Over the years, consistent efforts have been undertaken to transform ports into key pillars of India’s manufacturing and export ambitions, capitalising on emerging opportunities from shifts in global supply chains. First, enhanced private sector participation ushered in vital changes in port operations. Over time, public entities have strategically outsourced cargo handling to private players, leading to innovation and substantial infrastructure upgradations. In the past 25 years, public-private partnerships have facilitated investments of over INR55,000 crore, enabling key transformations. 4 This module, encouraging more private sector involvement, has not only driven operational improvements but also enabled healthy competition, laying the groundwork for a modern and more efficient maritime sector. Second, integrated focus on multi-sectoral infrastructure development, which includes vastly developed road networks and commercial rail corridors, is addressing key logistical challenges that previously hampered the efficiency of Indian ports. Third, strategic initiatives, such as Sagarmala and the Maritime India Vision 2030, are further accelerating port modernisation efforts and promoting regional economic hubs. The government also recently announced a range of incentives in the Union Budget 2025 to boost domestic shipbuilding, inland waterways and ship recycling initiatives, giving a significant boost to the shipping sector. All these measures are improving India’s maritime sector. For instance, recently, the Vishakhapatnam port, one of India’s leading ports, clocked the fastest ever 50 MT cargo handling in its 90-year history. 5 Cargo traffic too has increased at a CAGR of about 6 per cent in the past two decades, signalling progress. 6 So, where do we go from here? Today, Indian ports are not only more globally competitive but are also positioning themselves as integral components of global trade routes. However, with a vast coastline of about 7,500 kilometres, a lot more can be done to enhance our port infrastructure, making India a key shipping hub. 7 So, how do we maximise our potential? A more interconnected ecosystem While there have been considerable strides made in connectivity and infrastructure development, last-mile connectivity remains a key challenge. For instance, the Jawaharlal Nehru Port in Navi Mumbai, one of the country’s busiest, often faces delays due to inefficient last-mile transport links. A high dependence on road transport, where congested roads and underdeveloped highways slow cargo movement, continues to hinder port efficiency. While the Western Dedicated Freight Corridor has great potential, delayed completion has limited its impact. Reviewing implementation strategies thoroughly can speed up completion, leading to more efficient port operations and seamless cargo movement. In a broader sense, fast-tracking the development of logistics infrastructure, including rail, road and inland waterways, is essential to ensure smoother port operations. Addressing recurring challenges, such as land acquisition hurdles and regulatory bottlenecks, can also be key to maximising the potential of Indian ports. Besides, India, with its strategically positioned vast coastline, can establish a systematic network of ports, similar to China’s model of port clusters, which includes the integration of islands and coastal regions into a large shipping complex, connected to the mainland by state-of-the-art infrastructure. Such a model can also help India enter the transshipment space. Currently, around 75 per cent of India’s transshipped cargo is handled by transshipment hub ports in countries like Singapore, Malaysia and Sri Lanka, resulting in an annual loss of USD200–220 million in potential revenue. 8 With three transshipment ports coming up, India has the opportunity to reduce dependence on foreign ports and capture this market. Addressing process inefficiencies Although cargo handling capacity has steadily increased at major ports, there remains room for improvement, as the average capacity utilisation for most of these remains somewhere around 49.1 per cent as of  FY23. 9 One of the main reasons for this is process inefficiencies. While regulatory processes have seen improvements, such as increased digitalisation and paperless systems, these differ in implementation across ports, creating an inconsistent procedural environment. For instance, the dwell time for export processes varies substantially, ranging from 46.3 hours to 149.4 hours across different ports. 10 Although of late, customs clearance processes have become more efficient, other areas, such as truck entry and exit times and security checks, can be improved. Standardising operational procedures across all ports can streamline cargo movement and ensure uniformity in regulatory compliance, something that the government can consider on priority. Emerging tech shaping India’s maritime future Indian ports are steadily embracing enhanced automation and cutting-edge technologies, leading to significant efficiency gains—such as streamlined cargo handling—and paving the way for more sustainable solutions through green energy initiatives. For instance, Kerala’s Vinzhim Port, India’s first fully automated port capable of handling megamax containerships and ensuring quick vessel turnaround, recently began operations. 11 Besides, in another push towards digitalisation, the government launched the Unified Logistics Interface Platform for ports, an integrated system that can help stakeholders in extensive logistics planning. While these developments are cheerful news, the government and the private sector need to push the needle further to meet international standards. For instance, implementing advanced big data analytics at ports and terminals can enable predictive analysis, which can help in reducing downtime and prevent equipment failures. Additionally, AI-driven interfaces can optimise supply chain analytics and enable smart port operations—from vessel arrival to cargo transportation—enhancing efficiency throughout the process. India’s maritime sector can also draw lessons from global leaders like Singapore, which uses AI for vessel traffic and smart anchorage management, and China, home to the world’s most automated container terminals. 12 Shipping is a cornerstone of international trade and an essential piece of the puzzle in boosting exports. For India to be considered a more attractive alternative compared to other Asian giants in shipping and trade, the development of India’s maritime sector is a strategic imperative. Footnotes [1] The Container Port Performance Index 2023, World Bank, accessed on 14 October 2024 [2] Press Release, Ministry of Ports, Shipping and Waterways, 28 April 2023, accessed on 14 October 2024 [3] Strengthening India’s Maritime Sector: Port Capacity Expansion and Inland Waterway Development, Press Information Bureau, 8 August 2024, accessed on 13 December 2024 [4] India’s Ports: Public-Private Partnership Propelling Growth, India Seatrade News, 24 October 2024, accessed on 13 December 2024 [5] Visakhapatnam Port Crosses the 50-MT Cargo Handling Record, Maritime Gateway, 28 November 2023, accessed on 14 October 2024 [6] Key Statistics: Trends in Cargo Movement, India Infrastructure, 21 August 2023, accessed on 13 March 2025 [7] Maritime Ports in India: Statistics and Facts, Statista, 19 December 2023, accessed on 14 October 2024 [8] 3 Transhipment Ports That Are Quickly Taking Shape in India: Analysing Their Impact, Opportunities and Challenges, India Infra Hub, 20 October 2023, accessed on 14 October 2024 [9] Updates on Indian Port Sector, Ministry of Ports, Shipping and Waterways, 31 March 2023, accessed on 14 October 2024 [10] Transitioning to Ports 4.0: Technology Advances Drive Innovation and Efficiency, Indian Infrastructure, 21 August 2023, accessed on 14 October 2024 [11] India’s First Automated Port Begins Operations, Forklift Action, 25 July 2024, accessed on 14 October 2024 [12] China Leads World’s Automated Container Terminals Amid Smart Technology Boom, CGTN, 29 January 2024, accessed on 14 October 2024 Author Neeraj Bansal Partner and Head India Global KPMG in India mail Access our latest insights on Apple or Android devices Click here for Google play Click here for App Store Contact Contact Us Submit RFP Contact Contact Us Submit RFP Media Press Releases Media Press Releases Company Careers About Us Company Careers About Us Legal Privacy Accessibility Help © 2025 KPMG Assurance and Consulting Services LLP, an Indian Limited Liability Partnership and a member firm of the KPMG global organization of independent member firms affiliated with KPMG International Limited, a private English company limited by guarantee. All rights reserved. For more detail about the structure of the KPMG global organization please visit https://kpmg.com/governance ."
1744287928-31,https://kpmg.com/in/en/insights.html,"Innovative strategies for cost optimisation – A need for cement players now
        
        Cement industry navigates EBITDA pressure with innovative cost optimisation in fuel procurement, logistics and manpower for efficiency gains
        
          Read morechevron_right",https://kpmg.com/in/en/blogs/2025/03/innovative-strategies-for-cost-optimisation-a-need-for-cement-players-now.html,,"Innovative strategies for cost optimisation – A need for cement players now close contact_mail Contact us India (EN) close Search cancel menu close Insights Back Our Insights Our Perspectives Artificial Intelligence Supply chain Energy and Renewables Cyber Security Economy and Growth Environmental, Social and Governance (ESG) Technology Risk and Regulation Workforce Transformation Global Capability Centres Assurance Industries Back All industries Aerospace, Defence & Space Energy, Natural Resources and Chemicals Media Building and Construction Financial Services Sports Consumer Markets Government Technology Education and Skills Development Emerging Giants Program Telecommunications Life Sciences Transport and Logistics Services Back What we do Advisory Environmental, Social and Governance (ESG) Tax The KPMG Learning Academy Board Leadership Transformation Powered Connected Elevate Trusted Managed Services Artificial Intelligence You can with AI Trusted AI Artificial Intelligence Insights Who we are Back About us Leadership Media Offices Alumni How we work Alliances KPMG. Make the Difference. Client Stories Analyst Relations Our Impact Plan Corporate Citizenship Working with us Back Careers Experienced Professionals Life at KPMG in India Culture and values Students KPMG Global Services Back KGS Leadership Our people Corporate Social Responsibility Consulting Deal Advisory & Strategy Tax Capability Hubs close contact_mail Contact us India (EN) close search Search search Your search term was too short. Search terms must include 3 or more characters. Previous search terms close Cancel Home Blogs Innovative strategies for cost optimisation – A need for cement players now Innovative strategies for cost optimisation – A need for cement players now Cement industry navigates EBITDA pressure with innovative cost optimisation in fuel procurement, logistics and manpower for efficiency gains event 13 Mar, 2025 Share Over the last two quarters, margins of cement players are under pressure and some of the players have shown a 25 to 30% reduction in their EBITDA. While the key reasons can be attributed to external situation of rising material prices and constraints to increase cement price, all the players are quite actively looking at strategies to enhance bottom line to stay prosperous. The need of the hour for cement players is to think of innovative cost optimisation practices. We will deep dive into optimisation strategies for 3 major cost heads in this article. Optimisation opportunities Energy and fuel cost Energy and fuel cost is one of the key costs for cement sector. While a lot of focus has been done on energy consumption optimisation, Waste heat recovery areas, buying optimisation of coal and petcoke is a new area which cement companies are focusing on. Identifying the right import supplier and source country combination can help in optimising the buying cost. We have seen that if this aspect is intelligently done can lead to an optimisation of 8 to 10% in fuel costs. This would entail mapping the importers in India, quantities they import, companies they supply and deciding the right contracting strategy with the right ones. Having an AI based model to optimise the buying Cost of fuel based on Petcoke price trends, price trends of Coal from different sources both import and domestic, quality variation analysis of different sources etc, is a best practice adopted by some leading players to optimise fuel buying. Analysing quality of different sources of coal such as Indonesian, South African, Middle Eastern, US coal etc and deciding the right fit for your organisation based on Equipment capability can help in optimisation. Exploration with Green Fuels and Alternate Fuel resources is another big area cement players are working on. Logistics cost Logistics Cost is the next biggest cost driver in Cement sector. While prima facie this cost appears to be driven more by demand requirement and market conditions, a sharper focus on drivers of spend will help in optimising this cost. business Many companies operate with a long tail of transporters for each lane to de-risk themselves from cost of unavailability of trucks. However, share of business gets split across multiple transporters leading to lesser bargaining power. Some companies operate based on 3 quote negotiations even today where the breakup of price is opaque to the buyers. Leading companies adopt Zero based Costing methodologies/Should be cost modelling to build up the should be costs and use that for negotiation coupled with share of business optimisation. AI is used by some of the companies here as well in deciding the right share of business based on supplier price and transporter performance scores. bolt Synergy leverage between outbound, inbound, primary and secondary logistics is another innovative way of optimisation. Traditionally inbound and secondary logistics is managed by Procurement function and Outbound & Primary transport is managed by Sales function. This structurally does not allow for optimisation of spend and we have seen that the same transporter manages between two different functions and in some cases even with different rates for same distance. Structured negotiation with the total spend share for the transporter can give substantial optimisation. Many companies have changed the logistics organisation structure between Inbound and Outbound logistics under a common reporting structure. local_shipping Load consolidations and right carrier/mode mix optimisation is a big lever. Based on analytics of load in a particular direction and the vehicle type used provides one with an option of increasing the vehicle capacity. An increased vehicle capacity can reduce the number of trips and at the same time reduces the logistics cost per ton. Loadability is often not measured which if optimised can help in reducing the costs. Evaluating the right logistics mode in terms of Road, Rail and Sea transport based on destination is another lever used by different industries. Some of the leading cement players are exploring waterways to become more sustainable. Manpower costs Manpower costs is one of the next biggest costs in Cement sector. We can look at key strategies for contract manpower costs and white collar costs. Manpower costs Typically contract manpower costs is a big contributor to manpower costs. Companies adopt Piece rate model or Manday rate model in areas such a packing where a daily output is involved. While a piece rate model may appear optimal, many companies don’t really get into details of how the piece rate is arrived at. Assumptions taken for piece rate calculation such as number of people planned to be deployed, skill levels of people considered, and wage rate assumed for each level leave a lot of room for optimisation. Once the value is unearthed, companies rationalise the number of contractors and increase share of business with a few contractors to realise the value unearthed. White collar costs Another innovative lever in white collar manpower is evaluating the people deployment/ cost incurred by core and non-core functions and exploring possibilities of managed services for non-core functions. Payroll/ IT service functions are mostly outsourced by many companies but companies today have started looking at other subfunctions/functions such as Recruitment/ Tax/ Accounting where service providers are asked reduce cost of service year on year through automation and digital interventions and. Another trend we see is even the non-core activities of core functions like Procurement are being actively outsourced. The strategy here is to variabalise the fixed costs which helps companies in downturn to still stay profitable. While we have deliberated on strategies for 3 top cost heads with a few levers, there are other cost heads such as indirect spend, packaging costs which also provide more optimisation potential. The need of the hour for cement players is to think of an innovative approach to cost optimisation with new levers, to achieve higher order bottomline benefits. A version of this article was published by Indian Cement Review Magazine in its March 2025 issue. The same can be read here Author S Sathish Partner and National Sector Leader – Industrial Manufacturing KPMG in India mail Access our latest insights on Apple or Android devices Click here for Google play Click here for App Store Contact Contact Us Submit RFP Contact Contact Us Submit RFP Media Press Releases Media Press Releases Company Careers About Us Company Careers About Us Legal Privacy Accessibility Help © 2025 KPMG Assurance and Consulting Services LLP, an Indian Limited Liability Partnership and a member firm of the KPMG global organization of independent member firms affiliated with KPMG International Limited, a private English company limited by guarantee. All rights reserved. For more detail about the structure of the KPMG global organization please visit https://kpmg.com/governance . north Back to top"
1744287928-32,https://kpmg.com/in/en/insights.html,"Aviation
        
        Airlines need to master the art of making choices effortless for the customer before the journey even begins
        
          Read morechevron_right",https://kpmg.com/in/en/insights/2025/03/india-cx-report-2025/aviation.html,,"India CX Report'25: Airlines close contact_mail Contact us India (EN) close Search cancel menu close Insights Back Our Insights Our Perspectives Artificial Intelligence Supply chain Energy and Renewables Cyber Security Economy and Growth Environmental, Social and Governance (ESG) Technology Risk and Regulation Workforce Transformation Global Capability Centres Assurance Industries Back All industries Aerospace, Defence & Space Energy, Natural Resources and Chemicals Media Building and Construction Financial Services Sports Consumer Markets Government Technology Education and Skills Development Emerging Giants Program Telecommunications Life Sciences Transport and Logistics Services Back What we do Advisory Environmental, Social and Governance (ESG) Tax The KPMG Learning Academy Board Leadership Transformation Powered Connected Elevate Trusted Managed Services Artificial Intelligence You can with AI Trusted AI Artificial Intelligence Insights Who we are Back About us Leadership Media Offices Alumni How we work Alliances KPMG. Make the Difference. Client Stories Analyst Relations Our Impact Plan Corporate Citizenship Working with us Back Careers Experienced Professionals Life at KPMG in India Culture and values Students KPMG Global Services Back KGS Leadership Our people Corporate Social Responsibility Consulting Deal Advisory & Strategy Tax Capability Hubs close contact_mail Contact us India (EN) close search Search search Your search term was too short. Search terms must include 3 or more characters. Previous search terms close Cancel Home Insights Mastering intentional experiences: India CX report' 25 India CX Report'25: Airlines India CX Report'25: Airlines Findings across passenger air carriers with Pan-India presence serving leisure as well as business travelers Share Did you know? support_agent During consideration, there is an opportunity to differentiate across monetary parameters – frequent flyer program and money saver offerings assessment In-flight, customer values timely communication on delays and entertainment services at-par with the international carriers airlines Customer requirements across post-flight experience have been consistent over time, resulting in undifferentiated delivery of CX across carriers Airlines must go beyond just fares and network - seamless customer experience, digital engagement, innovation, trust building and operational excellence are the true differentiators. Airlines need to master the art of making the choice effortless before the journey even begins Girish Nair Partner and Head, Aviation Sector Differentiating at the right journey touchpoints is the key to value creation Pre - flight Key customer considerations Was my booking and check-in experience with the airline seamless? Importance of the stage 36 per cent of the consumers put emphasis on pre-flight stage in defining the overall experience with the brand Top rated experience parameters A) Onboarding experience B) Seamless check-in C) Transparency of information. Hygiene parameters A) Frequent flyer programs B) Value for money offerings In - flight Key customer considerations Did the in - flight experience meet my expectation? Importance of the stage 58 per cent of the consumers put emphasis on in - flight stage in defining the overall experience with the brand Top rated experience parameters A) In - flight service and support by staff B) Cabin comfort C) Safety compliance Hygiene parameters A) In - flight entertainment B) Announcements and information Post - flight Key customer considerations Was my post-flight experience hassle-free? Importance of the stage 7 per cent of the consumers put emphasis on post-flight stage in defining the overall experience with the brand Top rated experience parameters A) Baggage handling B) Customer support and response Hygiene parameters A) Deboarding The segment demonstrates an average performance with a potential for differentiation across FFP and money saver offerings Q1 - Was my booking and check-in experience with the airline seamless? Key Insights Customers value on-time performance There is considerable variability in ratings across brands, particularly across Frequent Flyer Program (FFP) and value for money offerings. Therefore, brands should focus on differentiating their customer experience in these areas “ I just want points to be reimbursed against my bookings or airline specific privileges. I will never remember to avail any rewards on clothes and shopping ” “ The app should have my history of seat bookings and pick automatically book that seat using points ” “ I already pay for lounge access through my credit cards, so I will not be willing to pay again as membership ”. In-flight, customer values timely communication on delays and entertainment services at-par with the international carriers Q2 - Did the inflight experience meet my expectation? Key Insights Domestic airlines have been rated low on In-flight entertainment vs foreign airlines. This might be an indicative of Indian travelers preferring foreign airlines when opting for overseas travel “ Beyond in-flight entertainment, if I can get on airport entertainment as well ” Domestic airlines are also rated lower vs International carriers on quality and range of food “ For two or two and a half hours flights, it’s better to not serve food vs serving cold food. Just good tea coffee will suffice ” Customers value timely communication on delays as it helps them plan the next step of the journey “ As a business traveler, my only requirement is that the flight leaves on time. I do not want anything else under in-flight experience ”. Post-flight experience is consistent across carriers indicating customer expectations have not changed over time Q3 - Was my post-flight experience hassle-free? Key Insights Customers expect prompt support and response and responsible baggage handling– “ While traveling with Carrier A, my luggage was misplaced. Although it was eventually found, the airline did not take immediate action and offered little assistance. They directed me to check elsewhere ” Organised deboarding is the last interaction customer has with the brand and is essential to close in on an overall great experience Striking the right balance between delighting customer and the cost of servicing them is key to maximising value Performance of the segment on prioritised experience attributes Omnichannel services and hospitable staff are the key attributes where brands are meeting customer expectations. Other priority attributes include - Customers prioritise carriers that offer competitive pricing and discounts, allowing them to save money on travel expenses. Carriers that offer flexible booking options, including no or low change fees, make it easier for customers to manage their travel plans without incurring additional costs. Multiple route options enable passengers to choose the most convenient and time-efficient flights, reducing overall travel time Modern aircraft equipped with state-of-the-art amenities provide passengers with a more comfortable and luxurious flying experience, which go together with safety and reliability. Overly complex and restrictive redemption process makes it difficult for travelers to utilise their rewards in a convenient and straightforward manner, thereby leading to frustration and decreased loyalty to the program. Low performance of the segment across prioritised experience attributes can be mapped to low customer retention Customer segmentation based on satisfaction and loyalty (percentage share of respondents) Customer retention is dependent on their satisfaction with the brand and their tendency to explore alternatives. ‘Ambassador’ are highly satisfied customers who will keep contributing to the brand’s success. ‘Switchers’ on the other hand, are always seeking better options. ‘Critics’ as the third segment, actively convey negative feedback about the brand, if not satisfied. Finally, ‘Dependents’ are customers who remain loyal despite low satisfaction due to lack of alternatives in the market. 52 per cent of the customer base are ambassadors as their brand of choice meets their expectations on – Responsive customer support Aircraft and associated amenities However, 46 per cent of the consumers are likely to substitute their preferred brand if it fails to meet their expectations on – Hospitality by staff Safe and reliable operations by the carrier The key attribute driving both ambassadors and switchers for the Airlines segment is quality customer support Despite highest weightage of ‘Expectation’ pillar in defining customer experience, fulfilment on the requirement is lowest Performance across the propreitary Six pillars of Customer Experience (Weightage of the pillars to the overall experience requirements) Expectation (22 per cent) and Integrity (19 per cent) are the key pillars of experience while making a purchase decision Within expectation, the top attributes driving a great experience are - Consistent availability of airlines across multiple schedules and routes attracts more travelers, resulting in increased bookings and higher revenue. Meeting expectations on cabin comfort and other service offerings, results in word-of-mouth recommendations from satisfied travelers can further enhance the airline's reputation Within integrity, the top attributes driving a great experience are - Trusted operations build customer confidence in the airline's ability to deliver reliable and safe services. Open availability of information is vital during crisis management like delays, cancellations, or emergencies. Airlines that prioritise transparency and open communication foster a positive brand image. Customers are more likely to choose an airline they perceive as honest and dependable. Customers prioritise ‘Expectation’ pillar however, their willingness to pay a premium is higher for ‘Empathy’ pillar The top 5 experience attributes influencing the customer’s willing to pay a premium Empathetic service and support from airline staff across online/ offline channels Consistent delivery on high-end aircraft, fully integrated with latest amenities Easy to use customer support with responsive and good resolution Operations by trusted carrier which is well recommended within the social circle Complete delivery on the expectations from product/ service for the money paid An individual’s willingness to pay a premium is driven by immediate needs. As the today’s customer evolves, the focal aspects of premiumisation has shifted from functionality to experience. These aspect may as well translate as personalised convenience, omnichannel browsing or even exclusivity in customer support. 30 per cent of the customers, primarily leisure travelers, would pay more for an airline ticket with better service as they value the enhanced comfort, convenience, and overall travel experience it provides. 29 per cent of the customers would pay more for better aircraft and latest amenities translating into cabin comfort Considering the recent cases of aircraft malfunctions, it is evident that travel safety has become a key requirement with at least 29 per cent of the of the customers willing to pay more for the same ticket in a trusted airline vs a new airline 28 per cent would pay more for a responsive customer support in getting hassle-free seat changes, refunds and reschedules “ With offerings like aisle seating, priority check-in and baggage allowance, only I will join a Loyalty program”. Key Contacts Nikhil Sethi National Leader Consumer Goods and Co-Lead Customer & Operations KPMG in India mail Girish Nair Partner and Head, Aviation Sector KPMG in India mail Contact Contact Us Submit RFP Contact Contact Us Submit RFP Media Press Releases Media Press Releases Company Careers About Us Company Careers About Us Legal Privacy Accessibility Help © 2025 KPMG Assurance and Consulting Services LLP, an Indian Limited Liability Partnership and a member firm of the KPMG global organization of independent member firms affiliated with KPMG International Limited, a private English company limited by guarantee. All rights reserved. For more detail about the structure of the KPMG global organization please visit https://kpmg.com/governance . north Back to top"
1744287928-33,https://kpmg.com/in/en/insights.html,"Pulse of Fintech: H2 2024
        
        Biannual analysis of global fintech funding trends, highlighting key insights, investment shifts, and emerging opportunities in H2 2024
        
          Read morechevron_right",https://kpmg.com/in/en/insights/2025/03/pulse-of-fintech-h2-2024.html,,"Pulse of Fintech: H2 2024 close contact_mail Contact us India (EN) close Search cancel menu close Insights Back Our Insights Our Perspectives Artificial Intelligence Supply chain Energy and Renewables Cyber Security Economy and Growth Environmental, Social and Governance (ESG) Technology Risk and Regulation Workforce Transformation Global Capability Centres Assurance Industries Back All industries Aerospace, Defence & Space Energy, Natural Resources and Chemicals Media Building and Construction Financial Services Sports Consumer Markets Government Technology Education and Skills Development Emerging Giants Program Telecommunications Life Sciences Transport and Logistics Services Back What we do Advisory Environmental, Social and Governance (ESG) Tax The KPMG Learning Academy Board Leadership Transformation Powered Connected Elevate Trusted Managed Services Artificial Intelligence You can with AI Trusted AI Artificial Intelligence Insights Who we are Back About us Leadership Media Offices Alumni How we work Alliances KPMG. Make the Difference. Client Stories Analyst Relations Our Impact Plan Corporate Citizenship Working with us Back Careers Experienced Professionals Life at KPMG in India Culture and values Students KPMG Global Services Back KGS Leadership Our people Corporate Social Responsibility Consulting Deal Advisory & Strategy Tax Capability Hubs close contact_mail Contact us India (EN) close search Search search Your search term was too short. Search terms must include 3 or more characters. Previous search terms close Cancel Home Insights Pulse of Fintech: H2 2024 Pulse of Fintech: H2 2024 Biannual analysis of global fintech funding trends, highlighting key insights, investment shifts, and emerging opportunities in H2 2024 event 11 Mar, 2025 Share H2 2024 - Pulse of Fintech latest edition 2024 proved to be another challenging year for the global fintech market as both total investment ($95.6 billion) and the volume of deals (4,639) fell to seven-year lows. Ongoing macroeconomic challenges, geopolitical conflicts and tensions, and a number of high-profile elections in major jurisdictions around the world kept the level of uncertainty very high, leading to a pullback in fintech investment particularly on the M&A and PE fronts. H2’24 was more subdued than H1’24 by a fair margin. Total global investment fell from $51.7 billion to $43.9 billion between the first and second halves of the year, driven by M&A deal value and VC investment falling from $28.1 billion to $21.6 billion and from $22.5 billion to $20.9 billion, respectively. But these numbers only tell a part of the story, as Q3’24 and Q4’24 saw wildly different results; M&A deal value nearly doubled from $7.4 billion to $14.2 billion quarter-over-quarter, while VC investment rose from $9.7 billion to $11.2 billion over the same period. The Americas accounted for the largest share of fintech investment in H2’24 ($31 billion), including the only $1 billion+ deals (Nuvei — $6.3 billion, Envestnet — $4.5 billion, Candescent — $2.45 billion, Transact Campus - $1.6 billion, Bridge - $1.1 billion). Comparatively, the EMEA region attracted $7.3 billion — led by the $561 million acquisition of Netherlands-based Knab Bank, while ASPAC saw $5.5 billion — led by a $788 million raise by Philippines-based Mynt. The payments space remained the hottest fintech subsector over 2024 by far, attracting $31 billion in investment, followed by digital assets and currencies ($9.1 billion) and regtech ($7.4 billion). Looking back over the second half of 2024, we can see how the sentiment of fintech investors shifted from cautious to cautiously optimistic. Key trends we saw during H2’24 included: A noticeable uptick in investment in between Q3’24 and Q4’24 Strengthening consolidation in the payments industry Growing focus on defensive plays, including take private deals and divestitures Increasing use of secondary transactions to provide liquidity Fintech in India continues to attract the investors community especially with investments in wealth-tech and lending. Although, certain segments of fintech lending may face headwinds, overall industry continues to be a big innovator, contributor and more so an important business partner to large financial institutions. Sanjay Doshi Partner, Financial Services Advisory Leader, KPMG in India Heading into 2025, there is growing positivity for a rebound in global fintech investment given declining interest rates and some lessening of uncertainty in the wake of what was a key election year. Many eyes will be on the US in H1’25 as early actions by the new administration could have an effect on fintech investment activity moving forward. Whether you’re the CEO of a large financial institution or the founder of an emerging fintech, it’s critical to consider how your company can take advantage of cuts to interest rates and the declining cost of capital to seize the opportunities that might be in store for the year ahead. As you read this edition of Pulse of Fintech, ask yourself: How can we ensure that our organisation is well positioned to take advantage of emerging opportunities while still managing our risks effectively? Pulse of Fintech H2’24 Global analysis of fintech funding Download the report (3.2MB) Key Contact Sanjay Doshi Partner, Financial Services Advisory Leader KPMG in India mail Access our latest insights on Apple or Android devices Click here for Google play Click here for App Store Contact Contact Us Submit RFP Contact Contact Us Submit RFP Media Press Releases Media Press Releases Company Careers About Us Company Careers About Us Legal Privacy Accessibility Help © 2025 KPMG Assurance and Consulting Services LLP, an Indian Limited Liability Partnership and a member firm of the KPMG global organization of independent member firms affiliated with KPMG International Limited, a private English company limited by guarantee. All rights reserved. For more detail about the structure of the KPMG global organization please visit https://kpmg.com/governance . north Back to top"
1744287928-34,https://kpmg.com/in/en/insights.html,"The rise of silver generation: Transforming the senior living landscape
        
        Exploring trends, innovations, and opportunities in senior living to create inclusive, future-ready communities for the evolving silver generation
        
          Read morechevron_right",https://kpmg.com/in/en/insights/2025/03/the-rise-of-silver-generation-transforming-the-senior-living-landscape.html,,"The rise of silver generation: Transforming the senior living landscape close contact_mail Contact us India (EN) close Search cancel menu close Insights Back Our Insights Our Perspectives Artificial Intelligence Supply chain Energy and Renewables Cyber Security Economy and Growth Environmental, Social and Governance (ESG) Technology Risk and Regulation Workforce Transformation Global Capability Centres Assurance Industries Back All industries Aerospace, Defence & Space Energy, Natural Resources and Chemicals Media Building and Construction Financial Services Sports Consumer Markets Government Technology Education and Skills Development Emerging Giants Program Telecommunications Life Sciences Transport and Logistics Services Back What we do Advisory Environmental, Social and Governance (ESG) Tax The KPMG Learning Academy Board Leadership Transformation Powered Connected Elevate Trusted Managed Services Artificial Intelligence You can with AI Trusted AI Artificial Intelligence Insights Who we are Back About us Leadership Media Offices Alumni How we work Alliances KPMG. Make the Difference. Client Stories Analyst Relations Our Impact Plan Corporate Citizenship Working with us Back Careers Experienced Professionals Life at KPMG in India Culture and values Students KPMG Global Services Back KGS Leadership Our people Corporate Social Responsibility Consulting Deal Advisory & Strategy Tax Capability Hubs close contact_mail Contact us India (EN) close search Search search Your search term was too short. Search terms must include 3 or more characters. Previous search terms close Cancel Home Insights The rise of silver generation: Transforming the senior living landscape The rise of silver generation: Transforming the senior living landscape Exploring trends, innovations, and opportunities in senior living to create inclusive, future-ready communities for the evolving silver generation event 08 Mar, 2025 Share The global senior living market, valued at approximately USD 190 Bn in 2020, is poised to double to USD 375 Bn by 2030, driven by shifting demographics and rising life expectancy. The silver economy comprising older adults as active economic participants has emerged as a powerful force for economic and social transformation. No longer merely recipients of care, older adults are increasingly contributing to economic growth. By fostering innovation, inclusive policies, and sustainable infrastructure, the silver economy presents a unique opportunity to reshape societies for a more resilient and adaptive future. India is poised to play a crucial role in this evolving landscape. By 2050, India is projected to account for 16 per cent of the global population aged 60 and older approximately 346 Mn seniors out of an estimated 2.1 Bn worldwide. While this percentage is lower than some countries, India’s sheer population size makes this shift economically and socially significant. This demographic wave will profoundly impact healthcare, social services, and economic policies, making senior living a critical sector for national development. Unlocking the Potential of India’s Senior Living Sector India’s senior living sector is at a nascent stage but holds immense promise. Cities such as Pune (1.2 Mn seniors) and Bengaluru (1.03 Mn seniors) are witnessing robust growth in senior demographics, while Chennai, Kolkata, Coimbatore, and Hyderabad have shown steady increases. However, large untapped markets in northern and central regions remain underdeveloped due to cultural preferences for family caregiving and limited supply of senior living facilities. Bridging this gap will require tailored solutions that align with the diverse needs and aspirations of Indian seniors. Adopting global best practices will be key to unlocking India’s senior living potential. This includes, centralised and localised policy frameworks, innovative rental and ownership models, flexible financing options and incentives, seamless integration with healthcare providers. Operating Models Driving Growth The senior living sector offers diverse operating models, each with unique benefits and challenge Outright Sale Model The most preferred option, providing tangible ownership and long-term capital appreciation Pure Rental Model Gaining gradual acceptance, this model offers steady income for developers and greater flexibility for seniors Leasehold Model Popular in countries like Australia and the UK, this model involves paying a lower upfront entry fee for accommodation, with a portion of the fee retained by the operator as a management fee, typically deducted when the resident vacates the unit or upon resale. This helps balance affordability with stability Currently, 84 per cent of India’s senior living supply caters to independent living designed for active seniors, while 16 per cent serves assisted living needs. However, skilled nursing facilities for seniors requiring continuous medical support are limited in scale. This is because the demand is relatively low and depends on individual cases, typically arising only in chronic conditions requiring constant support. Creating a Sustainable Ecosystem Realising India’s senior living potential requires a collaborative effort among policymakers, developers, investors, and operators. Government support through tax incentives, subsidised land, and regulatory frameworks will be critical in attracting private investment and making senior housing more accessible and affordable. To truly make an impact, India’s regulatory framework must address, diverse medical needs and care requirements also ensuring quality in the same time, affordability across income groups, inclusive community building models. By blending global best practices with India-specific solutions, the senior living sector can create a sustainable, equitable, and future-ready ecosystem empowering older adults to lead healthier, more fulfilling lives while driving economic growth. The time to act is now. With the right vision, partnerships, and policies, India can unlock the immense potential of its aging population and position itself at the forefront of the global silver economy revolution. The rise of silver generation: Transforming the senior living landscape Exploring trends, innovations, and opportunities in senior living to create inclusive, future-ready communities for the evolving silver generation Download the report (9.9 MB) Key Contact Chintan Patel Partner, Deal Advisory & Head - Building, Construction and Real Estate KPMG in India mail Access our latest insights on Apple or Android devices Click here for Google play Click here for App Store Contact Contact Us Submit RFP Contact Contact Us Submit RFP Media Press Releases Media Press Releases Company Careers About Us Company Careers About Us Legal Privacy Accessibility Help © 2025 KPMG Assurance and Consulting Services LLP, an Indian Limited Liability Partnership and a member firm of the KPMG global organization of independent member firms affiliated with KPMG International Limited, a private English company limited by guarantee. All rights reserved. For more detail about the structure of the KPMG global organization please visit https://kpmg.com/governance . north Back to top"
1744287928-35,https://kpmg.com/in/en/insights.html,"Aviation leasing and financing ecosystem at GIFT IFSC, India
        
        An overview on the current situation of commercial aircraft leasing in India, and the future scope of leasing
        
          Read morechevron_right",https://kpmg.com/in/en/insights/2025/03/aviation-leasing-and-financing-ecosystem-at-gift-ifsc-india.html,,"Aviation leasing and financing ecosystem at GIFT IFSC, India close contact_mail Contact us India (EN) close Search cancel menu close Insights Back Our Insights Our Perspectives Artificial Intelligence Supply chain Energy and Renewables Cyber Security Economy and Growth Environmental, Social and Governance (ESG) Technology Risk and Regulation Workforce Transformation Global Capability Centres Assurance Industries Back All industries Aerospace, Defence & Space Energy, Natural Resources and Chemicals Media Building and Construction Financial Services Sports Consumer Markets Government Technology Education and Skills Development Emerging Giants Program Telecommunications Life Sciences Transport and Logistics Services Back What we do Advisory Environmental, Social and Governance (ESG) Tax The KPMG Learning Academy Board Leadership Transformation Powered Connected Elevate Trusted Managed Services Artificial Intelligence You can with AI Trusted AI Artificial Intelligence Insights Who we are Back About us Leadership Media Offices Alumni How we work Alliances KPMG. Make the Difference. Client Stories Analyst Relations Our Impact Plan Corporate Citizenship Working with us Back Careers Experienced Professionals Life at KPMG in India Culture and values Students KPMG Global Services Back KGS Leadership Our people Corporate Social Responsibility Consulting Deal Advisory & Strategy Tax Capability Hubs close contact_mail Contact us India (EN) close search Search search Your search term was too short. Search terms must include 3 or more characters. Previous search terms close Cancel Home Insights Aviation leasing and financing ecosystem at GIFT IFSC, India Aviation leasing and financing ecosystem at GIFT IFSC, India An overview on the current situation of commercial aircraft leasing in India, and the future scope of leasing event 07 Mar, 2025 Share This report provides an overview on the current situation of commercial aircraft leasing in India, and the future scope of leasing. It highlights the significant potential for growth in this sector and underscores the importance of developing a robust leasing framework to support the explosive growth in India’s aviation industry. The report provides an understanding of India’s overall macro-economic growth in the past decade along with an evolving business ecosystem. It also covers how infrastructure and aviation are critical for achieving India’s Viksit Bharat Vision of 2047. Further, the report introduces the reader to the Indian aviation market. It highlights the growth of the aviation industry in India in past decade, its outlook, and envisaged growth in line with India’s Viksit Bharat Vision @ 2047. It also introduces the reader to the leasing environment and role of GIFT International Financial Service Centre (IFSC) in India. Subsequently, the report deep dives into GIFT IFSC, covering its vision and the journey so far. It encapsulates a detailed understanding about the business opportunities and innovative financial products and services available at GIFT IFSC along with the key business highlights. Additionally, it provides an overview of the jurisdictional comparison followed by a deep dive into the aircraft leasing opportunities available at GIFT IFSC. It also gives an overview on the leasing journey so far, followed by a brief on the regulatory framework, key enablers for aircraft leasing at GIFT IFSC. It further covers potential tax benefits of the GIFT IFSC related to direct tax, indirect tax and other incentives. Summary and way forward With the government's focus on holistic and balanced growth across India, the country is expected to achieve a CAGR of 7-9 per cent in air passenger traffic over the next two decades, indicating a promising future. This trend is mirrored by Indian carriers such as IndiGo and Air India, which are placing record orders to meet passenger demand. Consequently, the aircraft fleet is expected to grow at a CAGR of 6.0-6.3 per cent, primarily driven by wide-body aircraft Given the substantial investment required for aircraft, the industry is increasingly shifting towards leasing rather than owning aircraft. This approach offers benefits such as maintaining asset-light financials, flexibility in adjusting capacity based on demand, and reduced operational costs. Establishing leasing infrastructure in India will not only bolster the aviation industry but also contribute to the country's economic growth The IFSC at GIFT City is a strategic initiative by the government to support the leasing industry in India. The IFSC provides access to global financial markets and currencies, enabling airlines and aviation-related businesses to raise capital from international investors. Additionally, the IFSC offers a robust regulatory framework and tax incentives for aircraft leasing and financing, allowing airlines to procure aircraft at competitive rates and reducing their financial burden While the IFSC at GIFT City is a commendable initiative by the government to attract lessors to India and considerable grounds have been covered in last few years, there are aspects that need to be addressed to position India as a competitive player in the industry. GIFT City must continue to evolve its regulatory framework, tax incentives, address financing challenges, and facilitate ease of doing business to develop the aircraft leasing and financing ecosystem in GIFT IFSC In addition to providing a robust regulatory framework for the smooth functioning of the aircraft leasing industry at the IFSC, it also offers numerous tax benefits to incentivize participation. These incentives include, but are not limited to, deductions and exemptions on income, capital gains, and dividend payable. Furthermore, the introduction of the Protection of Interests in Aircraft Objects Bill aims to enhance legal protection for lessors by addressing concerns about aircraft repossession during airline insolvencies. The bill establishes a legal framework that ensures lessors can promptly reclaim their aircraft if an airline defaults on lease payments or goes bankrupt. By offering these protections, the bill aims to make GIFT City an attractive hub for international lessors, thereby supporting the growth of the aircraft leasing industry in India Aviation leasing and financing ecosystem at GIFT IFSC, India An overview on the current situation of commercial aircraft leasing in India, and the future scope of leasing Download the report (8.9 MB) Key Contact Girish Nair Partner and Head, Aviation Sector KPMG in India mail Access our latest insights on Apple or Android devices Click here for Google play Click here for App Store Contact Contact Us Submit RFP Contact Contact Us Submit RFP Media Press Releases Media Press Releases Company Careers About Us Company Careers About Us Legal Privacy Accessibility Help © 2025 KPMG Assurance and Consulting Services LLP, an Indian Limited Liability Partnership and a member firm of the KPMG global organization of independent member firms affiliated with KPMG International Limited, a private English company limited by guarantee. All rights reserved. For more detail about the structure of the KPMG global organization please visit https://kpmg.com/governance . north Back to top"
1744287928-36,https://kpmg.com/in/en/insights.html,"Textile industry embraces sustainability and innovation for future growth and success
        
        By adapting to changing market trends, the textile sector can secure its future success in an increasingly competitive global market
        
          Read morechevron_right",https://kpmg.com/in/en/blogs/2025/03/textile-industry-embraces-sustainability-and-innovation-for-future-growth-and-success.html,,"Textile industry embraces sustainability and innovation for future growth and success close contact_mail Contact us India (EN) close Search cancel menu close Insights Back Our Insights Our Perspectives Artificial Intelligence Supply chain Energy and Renewables Cyber Security Economy and Growth Environmental, Social and Governance (ESG) Technology Risk and Regulation Workforce Transformation Global Capability Centres Assurance Industries Back All industries Aerospace, Defence & Space Energy, Natural Resources and Chemicals Media Building and Construction Financial Services Sports Consumer Markets Government Technology Education and Skills Development Emerging Giants Program Telecommunications Life Sciences Transport and Logistics Services Back What we do Advisory Environmental, Social and Governance (ESG) Tax The KPMG Learning Academy Board Leadership Transformation Powered Connected Elevate Trusted Managed Services Artificial Intelligence You can with AI Trusted AI Artificial Intelligence Insights Who we are Back About us Leadership Media Offices Alumni How we work Alliances KPMG. Make the Difference. Client Stories Analyst Relations Our Impact Plan Corporate Citizenship Working with us Back Careers Experienced Professionals Life at KPMG in India Culture and values Students KPMG Global Services Back KGS Leadership Our people Corporate Social Responsibility Consulting Deal Advisory & Strategy Tax Capability Hubs close contact_mail Contact us India (EN) close search Search search Your search term was too short. Search terms must include 3 or more characters. Previous search terms close Cancel Home Blogs Textile industry embraces sustainability and innovation for future growth and success Textile industry embraces sustainability and innovation for future growth and success By adapting to changing market trends, the textile sector can secure its future success in an increasingly competitive global market event 03 Mar, 2025 Share The textile industry is constantly evolving, driven by changing consumer demands, technological advancements, and the need to address environmental concerns. As we look to the future of textiles, particularly man-made fibres, it is clear that both challenges and opportunities lie ahead. To be competitive in the global market, textile manufacturers need to continuously invest in research & development and create innovative fabrics that set them apart from competition. As consumers become more environmentally conscious and demand for sustainable fabrics that are produced in an eco-friendly manner, the industry is turning to innovations in eco-friendly materials and production processes. Man-made fibres made from recycled materials such as plastic bottles or ocean waste not only reduce the amount of waste going into landfills and oceans but also have a lower carbon footprint compared to traditional synthetic fibres. Further, smart textiles that monitor health and wellness to fabrics that adapt to changes in temperature, technology is driving innovation in the industry. In addition to using recycled materials, textile manufacturers are also adopting more sustainable production processes. This includes using technologies that reduce water and energy consumption, as well as implementing practices that minimise waste and emissions. By embracing these eco-friendly practices, the industry can not only reduce its environmental impact but also appeal to a growing segment of environmentally conscious consumers. Additionally, focusing on niche markets that value sustainability, such as athleisure or outdoor apparel, can help manufacturers carve out a unique position in the market. While sustainability presents a significant opportunity for growth in the textile industry, there are also challenges that must be addressed. One such challenge is the competition from countries that have duty-free access to major markets. These countries often have lower labour and production costs, making it difficult for manufacturers in other countries to compete on price. With the need for continuous technological advancements, the manufacturers need to remain relevant and differentiate themselves by offering high-quality, sustainable products that meet the evolving needs of consumers. By embracing these challenges as opportunities for growth, the future of the textile industry looks promising. With a focus on sustainability, innovation, and technological advancements, manufacturers can not only reduce their environmental impact but also create products that meet the demands of today's consumers. By staying ahead of the curve and adapting to changing market trends, the textile sector can secure its future success in an increasingly competitive global market. Author Shobhit Agarwal Partner, India Global KPMG in India Access our latest insights on Apple or Android devices Click here for Google play Click here for App Store Contact Contact Us Submit RFP Contact Contact Us Submit RFP Media Press Releases Media Press Releases Company Careers About Us Company Careers About Us Legal Privacy Accessibility Help © 2025 KPMG Assurance and Consulting Services LLP, an Indian Limited Liability Partnership and a member firm of the KPMG global organization of independent member firms affiliated with KPMG International Limited, a private English company limited by guarantee. All rights reserved. For more detail about the structure of the KPMG global organization please visit https://kpmg.com/governance . north Back to top"
1744287928-37,https://kpmg.com/in/en/insights.html,"Rethinking: Textile sector
        
        India can give the world something that we excel at - sustainable, contemporary yet crafted in tradition
        
          Read morechevron_right",https://kpmg.com/in/en/blogs/2025/02/rethinking-textile-sector.html,,
1744287928-38,https://kpmg.com/in/en/insights.html,"Issue no. 103 | February 2025
        
        This edition of AAU covers relevant financial and reporting updates
        
          Read morechevron_right",https://kpmg.com/in/en/insights/2025/02/aau-accounting-and-auditing-update-february-2025.html,,
1744287928-39,https://kpmg.com/in/en/insights.html,"KPMG in India’s framework highlights MSMEs and startups in India’s defence innovation
        
        The future of India's defence industry lies in the hands of its MSMEs and startups, and it is imperative that we empower them
        
          Read morechevron_right",https://kpmg.com/in/en/blogs/2025/02/kpmg-in-indias-framework-highlights-msmes-and-startups-in-indias-defence-innovation.html,,
1744287928-40,https://kpmg.com/in/en/insights.html,"Food and Nutritional Security in India
        
        Solutions for achieving zero hunger and ensuring food and nutritional security, addressing gaps in access, distribution, and sustainability
        
          Read morechevron_right",https://kpmg.com/in/en/insights/2025/02/food-and-nutritional-security-in-india.html,,
1744287928-41,https://kpmg.com/in/en/insights.html,"Telecom Sector – Cyber Risk
        
        Widespread data breaches of large global telecom provider across UK, Australia and US in recent past have led to significant financial losses
        
          Read morechevron_right",https://kpmg.com/in/en/blogs/2025/02/telecom-sector-cyber-risk.html,,
1744287928-42,https://kpmg.com/in/en/insights.html,"New Income Tax Bill, 2025: Is it a Zero-Sum Game?
        
        The New Income Tax Bill 2025 aims to simplify tax laws in India, focusing on simplifying language, reducing litigation and compliance
        
          Read morechevron_right",https://kpmg.com/in/en/blogs/2025/02/new-income-tax-bill-2025-is-it-a-zero-sum-game.html,,
1744287928-43,https://kpmg.com/in/en/insights.html,"BFSI Sector on the Brink: Anticipating Game-Changing Tax Reforms
        
        As the Union Budget 2025 nears, the BFSI sector hopes for tax reforms that could boost innovation, profits and sustainable growth
        
          Read morechevron_right",https://kpmg.com/in/en/blogs/2025/01/bfsi-sector-on-the-brink-anticipating-game-changing-tax-reforms.html,,
1744287928-44,https://kpmg.com/in/en/insights.html,"How is Budget 2025 set to accelerate India’s trade growth 
        
        India's ability to maintain a competitive edge in global trade will depend on its investment in emerging technologies
        
          Read morechevron_right",https://kpmg.com/in/en/blogs/2025/02/how-is-budget-2025-set-to-accelerate-indias-trade-growth.html,,
1744287928-45,https://kpmg.com/in/en/insights.html,"Union Budget 2025 – Government Rationalises Amalgamation Provisions
        
        The budget's overarching theme focused on regulatory and policy changes aimed at easing the burden on taxpayers
        
          Read morechevron_right",https://kpmg.com/in/en/blogs/2025/02/union-budget-2025-government-rationalises-amalgamation-provisions.html,,
1744287928-46,https://kpmg.com/in/en/insights.html,"Personal Tax announcements from the Budget and their impact
        
        Recognizing the contributions of the middle class and with an objective to eventually phase out the old tax regime
        
          Read morechevron_right",https://kpmg.com/in/en/blogs/2025/02/personal-tax-announcements-from-the-budget-and-their-impact.html,,
1744287928-47,https://kpmg.com/in/en/insights.html,"Relief in tax slabs has stolen the limelight
        
        Budget 2025 aims to unlock India's potential for development by 2047, with reforms for ease of doing business and tax certainty
        
          Read morechevron_right",https://kpmg.com/in/en/blogs/2025/02/relief-in-tax-slabs-has-stolen-the-limelight.html,,
1744287928-48,https://kpmg.com/in/en/insights.html,"Five ways in which Budget 2025 impacts the real estate sector
        
        With the real estate sector witnessing strong growth years, the momentum is expected to keep growing at a good pace, which will help India
        
          Read morechevron_right",https://kpmg.com/in/en/blogs/2025/02/five-ways-in-which-budget-2025-impacts-the-real-estate-sector.html,,
1744287928-49,https://kpmg.com/in/en/insights.html,"Simplify assessment
        
        The government will have to strike a balance between mobilising tax revenue and simplifying the Act
        
          Read morechevron_right",https://kpmg.com/in/en/blogs/2025/02/simplify-assessment.html,,
1744287928-50,https://kpmg.com/in/en/insights.html,"Financial Crime Bulletin
        
        Dive deep into the financial crime avenues and stay up-to-date with Indian and global regulatory initiatives
        
          Read morechevron_right",https://kpmg.com/in/en/insights/2025/02/financial-crime-bulletin.html,,
1744287928-51,https://kpmg.com/in/en/insights.html,"The Union Budget 2025: Can India meet the expectations of foreign investors?
        
        Expectations of the global fraternity waiting to increase their investments in India and benefit from the growth of international business corridors
        
          Read morechevron_right",https://kpmg.com/in/en/blogs/2025/02/the-union-budget-2025-can-india-meet-the-expectations-of-foreign-investors.html,,
1744287928-52,https://kpmg.com/in/en/insights.html,"KPMG global tech report – industrial manufacturing insights
        
        Interoperability, hybrid models and AI innovation are the battlegrounds for digital excellence
        
          Read morechevron_right",https://kpmg.com/in/en/insights/2025/02/kpmg-global-tech-report-industrial-manufacturing-insights.html,,
1744287928-53,https://kpmg.com/in/en/insights.html,"KPMG global tech report: Technology insights
        
        Tech: A bold sector that innovates while leading by example
        
          Read morechevron_right",https://kpmg.com/in/en/insights/2025/02/kpmg-global-tech-report-technology-insights.html,,
1744287928-54,https://kpmg.com/in/en/insights.html,"KPMG global tech report: energy insights
        
        Empower your digital transformation with data-driven strategies 
        
          Read morechevron_right",https://kpmg.com/in/en/insights/2025/02/kpmg-global-tech-report-energy-insights.html,,
1744287928-55,https://kpmg.com/in/en/insights.html,"Budget 2025: The big thrust towards manufacturing and supply chain ecosystem
        
        Budget 2025 sets the direction for India’s manufacturing expansion, which is expected to have a multiplier effect on the economy
        
          Read morechevron_right",https://kpmg.com/in/en/blogs/2025/02/budget-2025-the-big-thrust-towards-manufacturing-and-supply-chain-ecosystem.html,,
1744287928-56,https://kpmg.com/in/en/insights.html,"KPMG global tech report 2024
        
        Beyond the Hype: Balancing speed, security and value
        
          Read morechevron_right",https://kpmg.com/in/en/insights/2025/02/kpmg-global-tech-report-2024.html,,
1744287928-57,https://kpmg.com/in/en/insights.html,"Budget 2025 – A journey from AATMANIRBHAR to VIKSIT BHARAT
        
        Budget 2025 is a forward thinking budget to facilitate India’s vision of becoming a USD 5 trillion economy by 2027 and a developed nation by 2047
        
          Read morechevron_right",https://kpmg.com/in/en/blogs/2025/02/budget-2025-a-journey-from-aatmanirbhar-to-viksit-bharat.html,,
1744287928-58,https://kpmg.com/in/en/insights.html,"Union Budget 2025: A Fine Balancing Act
        
        The Finance Ministry has balanced tweaking personal tax rates without compromising on capex outlay and fiscal prudence
        
          Read morechevron_right",https://kpmg.com/in/en/blogs/2025/02/union-budget-2025-a-fine-balancing-act.html,,
1744287928-59,https://kpmg.com/in/en/insights.html,"India Budget 2025: A New Dawn for the Middle Class and a Prosperous Future
        
        By taking a two pronged approach-boosting consumption and accelerating investment, the government has propelled the engines of economic growth
        
          Read morechevron_right",https://kpmg.com/in/en/blogs/2025/02/india-budget-2025-a-new-dawn-for-the-middle-class-and-a-prosperous-future.html,,
1744287928-60,https://kpmg.com/in/en/insights.html,"A new age of cybersecurity culture
        
        Organizations are rapidly adopting AI. It’s exposing them to new risks. It is also creating countless opportunities to improve operations and efficiencies, unlock value and grow competitive advantage. 
        
          Read morechevron_right",https://kpmg.com/in/en/insights/2025/02/a-new-age-of-cybersecurity-culture.html,,
1744287928-61,https://kpmg.com/in/en/insights.html,"Union Budget 2025: Powering 360-degree growth via investments, tax reforms
        
        The budget responds to the economic expectations with a comprehensive plan, prioritizing agriculture, MSMEs, investment, and exports
        
          Read morechevron_right",https://kpmg.com/in/en/blogs/2025/02/union-budget-2025-powering-360-degree-growth-via-investments-tax-reforms.html,,
1744287928-62,https://kpmg.com/in/en/insights.html,"Budget: Unlocking India's path to a prosperous future with inclusive growth
        
        To unlock India's growth potential and make it truly Atmanirbhar, the Budget has offered a major credit boost to MSMEs as well as start-ups
        
          Read morechevron_right",https://kpmg.com/in/en/blogs/2025/02/budget-unlocking-indias-path-to-a-prosperous-future-with-inclusive-growth.html,,
1744287928-63,https://kpmg.com/in/en/insights.html,"2025 Telecom Trends: Building the Digital Economy of Tomorrow
        
        Telecom industry in 2025 stands at exciting juncture characterised by rapid technological evolution and expanding role in the global digital ecosystem
        
          Read morechevron_right",https://kpmg.com/in/en/blogs/2025/01/2025-telecom-trends-building-the-digital-economy-of-tomorrow.html,,
1744287928-64,https://kpmg.com/in/en/insights.html,"Issue no. 102 | January 2025
        
        This edition of AAU covers recent financial and reporting updates
        
          Read morechevron_right",https://kpmg.com/in/en/insights/2025/01/aau-accounting-and-auditing-update-january-2025.html,,
1744287928-65,https://kpmg.com/in/en/insights.html,"Unlocking India's Consumption Potential: Budget 2025
        
        India's 2025 budget presents an opportunity to increase consumer spending and confidence by addressing challenges to India's consumption story
        
          Read morechevron_right",https://kpmg.com/in/en/blogs/2025/01/unlocking-indias-consumption-potential-budget-2025.html,,
1744287928-66,https://kpmg.com/in/en/insights.html,"The Economic Survey 2024-25
        
        India Union Budget 2025-26
        
          Read morechevron_right",https://kpmg.com/in/en/services/tax/india-union-budget-2025-26/india-union-budget-economic-survey-2024-25.html,,
1744287928-67,https://kpmg.com/in/en/insights.html,"Budget expectations from industrial manufacturing sector
        
        Indian manufacturing sector expect that budget will enable India to rise up further in the ranks as most sought-after nation status for manufacturing
        
          Read morechevron_right",https://kpmg.com/in/en/blogs/2025/01/budget-expectations-from-industrial-manufacturing-sector.html,,
1744287928-68,https://kpmg.com/in/en/insights.html,"Expectations from the Union Budget 2025: A Boost for India's startup ecosystem and innovation
        
        The startup community eagerly awaits the announcements, hoping for a budget that truly understands and supports their aspirations

        
          Read morechevron_right",https://kpmg.com/in/en/blogs/2025/01/expectations-from-the-union-budget-2025-a-boost-for-indias-startup-ecosystem-and-innovation.html,,
1744287928-69,https://kpmg.com/in/en/insights.html,"What India’s real estate sector hopes to see in Budget 2025
        
        The upcoming Union Budget 2025 offers an opportunity to introduce targeted measures that can sustain and further grow this momentum
        
          Read morechevron_right",https://kpmg.com/in/en/blogs/2025/01/what-indias-real-estate-sector-hopes-to-see-in-budget-2025.html,,
1744287928-70,https://kpmg.com/in/en/insights.html,"Voice on Reporting – Quarterly updates publication December 2024
        
        Summary of key updates for the quarter ended 31 December 2024 from SEBI, MoEFCC, NFRA, IRDAI and ICAI
        
          Read morechevron_right",https://kpmg.com/in/en/insights/2025/01/vor-quarterly-updates-publication-december-2024.html,,
1744287928-71,https://kpmg.com/in/en/insights.html,"Trump 2.0 and the US-India Partnership: A New Chapter in Strategic Diplomacy
        
        Trump’s imperatives will likely reshape both US international and domestic markets, with a trickle-down effect on the global economy
 
        
          Read morechevron_right",https://kpmg.com/in/en/blogs/2025/01/trump-2-0-and-the-us-india-partnership-a-new-chapter-in-strategic-diplomacy.html,,
1744287928-72,https://kpmg.com/in/en/insights.html,"“2025” India's Year of Reforms for Defence - What to look out for?
        
        A close engagement between the private industry and govt is critical to achieve a robust policy along with adequate budgetary allocations in 2025
        
          Read morechevron_right",https://kpmg.com/in/en/blogs/2025/01/2025-indias-year-of-reforms-for-defence-what-to-look-out-for.html,,
1744287928-73,https://kpmg.com/in/en/insights.html,"How can Budget 2025 make India’s defence sector stronger?  
        
        This year’s budget presents an opportunity to transform the sector through strategic measures that can make India stronger in an ever-evolving global set-up
        
          Read morechevron_right",https://kpmg.com/in/en/blogs/2025/01/how-can-budget-2025-make-indias-defence-sector-stronger.html,,
1744287928-74,https://kpmg.com/in/en/insights.html,"What can Budget 2025 do to strengthen India in the global semiconductor race?
        
        India’s vision to become a global hub for semiconductors is bold yet achievable with enhanced incentives, and a focus on R&D and talent development
        
          Read morechevron_right",https://kpmg.com/in/en/blogs/2025/01/what-can-budget-2025-do-to-strengthen-india-in-the-global-semiconductor-race.html,,
1744287928-75,https://kpmg.com/in/en/insights.html,"Unlocking potential: India's path to a robust petrochemical industry
        Unlocking potential: India's path to a robust petrochemical industry
        Unlocking potential: India's path to a robust petrochemical industry
        A modern and environmentally responsive petrochemicals industry is a vital cog in the global industrial arena and a major growth driver for economies
        
          Read morechevron_right",https://kpmg.com/in/en/blogs/2025/01/unlocking-potential-indias-path-to-a-robust-petrochemical-industry.html,,
1744287928-76,https://kpmg.com/in/en/insights.html,"Bridging generations: Building an AI-powered, future-ready workforce
        
        The ongoing evolution of AI accentuates the need for continuous learning and development
        
          Read morechevron_right",https://kpmg.com/in/en/blogs/2025/01/bridging-generations-building-an-ai-powered-future-ready-workforce.html,,
1744287928-77,https://kpmg.com/in/en/insights.html,"New Compliance Framework 
        New Compliance Framework 
        New Compliance Framework 
        By adopting proven frameworks, financial institutions can cultivate a proactive, information-driven compliance environment
        
          Read morechevron_right",https://kpmg.com/in/en/blogs/2025/01/new-compliance-framework.html,,
1744287928-78,https://kpmg.com/in/en/insights.html,"From hybrid seeds to farmer empowerment, Union Budget 2025 can reshape agriculture
        From hybrid seeds to farmer empowerment, Union Budget 2025 can reshape agriculture
        From hybrid seeds to farmer empowerment, Union Budget 2025 can reshape agriculture
        A key priority for Budget 2025 should be the promotion of hybrid seeds to boost crop productivity and production
        
          Read morechevron_right",https://kpmg.com/in/en/blogs/2025/01/from-hybrid-seeds-to-farmer-empowerment-union-budget-2025-can-reshape-agriculture.html,,
1744287928-79,https://kpmg.com/in/en/insights.html,"Budget 2025 – Expectations from a personal taxation standpoint 
        Budget 2025 – Expectations from a personal taxation standpoint 
        Budget 2025 – Expectations from a personal taxation standpoint 
        With the overhaul of the existing Income-tax laws on the anvil, the focus in the upcoming Budget is more likely to be on simplification. However, there may still be some room to include a few tax concessions to benefit the individual taxpayers
        
          Read morechevron_right",https://kpmg.com/in/en/blogs/2025/01/budget-2025-expectations-from-a-personal-taxation-standpoint.html,,
1744287928-80,https://kpmg.com/in/en/insights.html,"The insider threat - Safeguarding UPSI from within: A refresh
        The insider threat - Safeguarding UPSI from within: A refresh
        The insider threat - Safeguarding UPSI from within: A refresh
        Unpublished Price Sensitive Information (UPSI) poses significant challenges for companies, requiring robust measures to prevent data theft and insider trading
        
          Read morechevron_right",https://kpmg.com/in/en/insights/2025/01/the-insider-threat-safeguarding-upsi-from-within-a-refresh.html,,
1744287928-81,https://kpmg.com/in/en/insights.html,"India’s digital dividend: The strategic roadmap towards becoming a global digital leader
        India’s digital dividend: The strategic roadmap towards becoming a global digital leader
        India’s digital dividend: The strategic roadmap towards becoming a global digital leader
        Fusing technology, talent and collaboration can bolster resilience and promote inclusive growth in this technology-driven era
        
          Read morechevron_right",https://kpmg.com/in/en/insights/2025/01/indias-digital-dividend-the-strategic-roadmap-towards-becoming-a-global-digital-leader.html,,
1744287928-82,https://kpmg.com/in/en/insights.html,"Q4’24 Venture Pulse Report – Global trends
        Q4’24 Venture Pulse Report – Global trends
        Q4’24 Venture Pulse Report – Global trends
        A global overview of key findings uncovered from the Q4’24 Venture Pulse Report
        
          Read morechevron_right",https://kpmg.com/in/en/insights/2025/01/q4-24-venture-pulse-report-global.html,,
1744287928-83,https://kpmg.com/in/en/insights.html,"ESG and the Growth Imperative - For Indian companies
        ESG and the Growth Imperative - For Indian companies
        ESG and the Growth Imperative - For Indian companies
        CEOs in India and across the world are taking a long-term view on ESG investments, with many expecting significant returns within five to ten years
        
          Read morechevron_right",https://kpmg.com/in/en/blogs/2025/01/esg-and-the-growth-imperative-for-indian-companies.html,,
1744287928-84,https://kpmg.com/in/en/insights.html,"Customs Duty Review: Rational Expectations
        Customs Duty Review: Rational Expectations
        Customs Duty Review: Rational Expectations
        With the Union Budget 2025-26 approaching, expectations arise for a review and possible simplification of Customs duty rates
        
          Read morechevron_right",https://kpmg.com/in/en/blogs/2025/01/customs-duty-review-rational-expectations.html,,
1744287928-85,https://kpmg.com/in/en/insights.html,"IPOs in India – H1 FY25
        IPOs in India – H1 FY25
        IPOs in India – H1 FY25
        An analysis of the performance of the main board Initial Public Offerings (IPOs) in India, between 1 April 2024 and 30 September 2024
        
          Read morechevron_right",https://kpmg.com/in/en/insights/2025/01/ipos-in-india-h1-fy25.html,,
1744287928-86,https://kpmg.com/in/en/insights.html,"Save & Close  The move to mandatory reporting: Survey of Sustainability Reporting 2024
        The move to mandatory reporting: Survey of Sustainability Reporting 2024
        Save & Close  The move to mandatory reporting: Survey of Sustainability Reporting 2024
        Companies worldwide are preparing for the advent of mandatory reporting on sustainability, according to the 2024 edition of KPMG’s Survey of Sustainability Reporting
        
          Read morechevron_right",https://kpmg.com/in/en/insights/2025/01/the-move-to-mandatory-reporting.html,,
1744287928-87,https://kpmg.com/in/en/insights.html,"Save & Close  Sustainable finance revolution
        Sustainable finance revolution
        Save & Close  Sustainable finance revolution
        How banks can profit from sustainable growth
        
          Read morechevron_right",https://kpmg.com/in/en/insights/2025/01/sustainable-finance-revolution.html,,
1744287928-88,https://kpmg.com/in/en/insights.html,"2024 KPMG Global Mobility Benchmarking Survey
        2024 KPMG Global Mobility Benchmarking Survey
        2024 KPMG Global Mobility Benchmarking Survey
        Charting the future — strategic mobility for tomorrow's workforce
        
          Read morechevron_right",https://kpmg.com/in/en/insights/2025/01/global-mobility-benchmarking-survey.html,,
1744287928-89,https://kpmg.com/in/en/insights.html,"Promises to Progress: Bridging the climate finance gap for developing countries
        Promises to Progress: Bridging the climate finance gap for developing countries
        Promises to Progress: Bridging the climate finance gap for developing countries
        Embracing AI-enhanced climate projects may be the most crucial intervention needed to unlock the full potential of global climate finance flows
        
          Read morechevron_right",https://kpmg.com/in/en/blogs/2025/01/promises-to-progress-bridging-the-climate-finance-gap-for-developing-countries.html,,
1744287928-90,https://kpmg.com/in/en/insights.html,"Draft DPDP Rules: Guidance to DPDP Act implementation
        Draft DPDP Rules: Guidance to DPDP Act implementation
        Draft DPDP Rules: Guidance to DPDP Act implementation
        Delving into the details of various target areas of Draft DPDP rules 2025
        
          Read morechevron_right",https://kpmg.com/in/en/insights/2025/01/draft-dpdp-rules-guidance-to-dpdp-act-implementation.html,,
1744287928-91,https://kpmg.com/in/en/insights.html,"Union Budget 2025's Tax dilemma and Expectations for Viksit Bharat
        Union Budget 2025's Tax dilemma and Expectations for Viksit Bharat
        Union Budget 2025's Tax dilemma and Expectations for Viksit Bharat
        The Union Budget 2025 is eagerly anticipated, with significant expectations from the banking and financial sectors
        
          Read morechevron_right",https://kpmg.com/in/en/blogs/2025/01/union-budget-2025s-tax-dilemma-and-expectations-for-viksit-bharat.html,,
1744287928-92,https://kpmg.com/in/en/insights.html,"Expected Credit Loss (ECL)
        Expected Credit Loss (ECL) 
        Evaluating ECL methodology is vital as it impacts P&L through provision charges and affects capital, liquidity, and other regulatory ratios
        
          Read morechevron_right",https://kpmg.com/in/en/insights/2025/01/expected-credit-loss-ecl.html,,
1744287928-93,https://kpmg.com/in/en/insights.html,"Key expectations from Union Budget 2025
        Key expectations from Union Budget 2025
        Key expectations from Union Budget 2025
        Indian and foreign MNCs keenly anticipate policy reforms and incentives that the government may introduce to stimulate economic growth, enhance the ease of doing business and align India with the evolving global tax landscape
        
          Read morechevron_right",https://kpmg.com/in/en/blogs/2025/01/key-expectations-from-union-budget-2025.html,,
1744287928-94,https://kpmg.com/in/en/insights.html,"From smart to smarter cities
        From smart to smarter cities
        From smart to smarter cities
        Leveraging integration, data and enablement for sustainable and resilient urban transformations
        
          Read morechevron_right",https://kpmg.com/in/en/insights/2025/01/from-smart-to-smarter-cities.html,,
1744287928-95,https://kpmg.com/in/en/insights.html,"From talk to action: Paving the way for a circular economy in the consumer goods and retail industry
        
        As the global shift towards a circular economy accelerates, now is the time for businesses to unlock new opportunities for a more sustainable and prosperous future
        
          Read morechevron_right",https://kpmg.com/in/en/insights/2025/01/from-talk-to-action-paving-the-way-for-a-circular-economy-in-the-consumer-goods-and-retail-industry.html,,
1744287928-96,https://kpmg.com/in/en/insights.html,"Embracing industry 4.0 for efficient, productive and sustainable growth
        Embracing industry 4.0 for efficient, productive and sustainable growth
        Embracing industry 4.0 for efficient, productive and sustainable growth
        Adopting sustainable business practices boosts brand reputation, saves costs and establishes organisations as responsible corporate citizens
        
          Read morechevron_right",https://kpmg.com/in/en/blogs/2025/01/embracing-industry-4-0-for-efficient-productive-and-sustainable-growth.html,,
1744287928-97,https://kpmg.com/in/en/insights.html,"Real estate 2025: What are the top five trends to watch out for? 
        Real estate 2025: What are the top five trends to watch out for? 
        Real estate 2025: What are the top five trends to watch out for? 
        KPMG in India shares five key trends that could define the year ahead
        
          Read morechevron_right",https://kpmg.com/in/en/blogs/2025/01/real-estate-2025-what-are-the-top-five-trends-to-watch-out-for.html,,
1744287928-98,https://kpmg.com/in/en/insights.html,"Pioneering a new era of data protection
        Pioneering a new era of data protection
        Pioneering a new era of data protection
        The Government of India recently published the much-anticipated draft Digital Personal Data Protection Rules
        
          Read morechevron_right",https://kpmg.com/in/en/blogs/2025/01/pioneering-a-new-era-of-data-protection.html,,
1744287928-99,https://kpmg.com/in/en/insights.html,"Age of AI: The Critical Role of Cybersecurity in Future-Proofing Businesses
        Age of AI: The Critical Role of Cybersecurity in Future-Proofing Businesses
        Age of AI: The Critical Role of Cybersecurity in Future-Proofing Businesses
        Generative AI (GenAI) systems that rely on large datasets and complex algorithms, can become targets for cyberattacks such as data breaches, adversarial attacks, and exploitation of model weaknesses
        
          Read morechevron_right",https://kpmg.com/in/en/blogs/2025/01/age-of-ai-the-critical-role-of-cybersecurity-in-future-proofing-businesses.html,,
1744287928-100,https://kpmg.com/in/en/insights.html,"Telecom sector to see an upsurge in AI adoption, skilling, and a stronger focus on ESG
        Telecom sector to see an upsurge in AI adoption, skilling, and a stronger focus on ESG
        Telecom sector to see an upsurge in AI adoption, skilling, and a stronger focus on ESG
        Several factors such as the government’s initiatives towards bolstering India’s digital infrastructure, domestic telecom manufacturing capacity with a conducive regulatory environment
        
          Read morechevron_right",https://kpmg.com/in/en/blogs/2025/01/telecom-sector-to-see-an-upsurge-in-ai-adoption-skilling-and-a-stronger-focus-on-esg.html,,
1744287928-101,https://kpmg.com/in/en/insights.html,"Beyond the frame: Creating a cinematic hub through a dynamic film city
        Beyond the frame: Creating a cinematic hub through a dynamic film city
        Beyond the frame: Creating a cinematic hub through a dynamic film city
        The study envisions the film city as a catalyst for transforming India into a global filmmaking destination, thereby enhancing its cultural and economic footprint on the world stage
        
          Read morechevron_right",https://kpmg.com/in/en/insights/2025/01/beyond-the-frame-creating-a-cinematic-hub-through-a-dynamic-film-city.html,,
1744287928-102,https://kpmg.com/in/en/insights.html,"SEBI introduces certain key changes in BRSR reporting
        
        This issue of First Notes aims to provide an overview of the key aspects discussed key changes in BRSR reporting issued by SEBI
        
          Read morechevron_right",https://kpmg.com/in/en/insights/2025/01/firstnotes-sebi-introduces-certain-key-changes-in-brsr-reporting.html,,
1744287928-103,https://kpmg.com/in/en/insights.html,"Key financial reporting updates for the quarter ended 31 December 2024
        Key financial reporting updates for the quarter ended 31 December 2024
        Key financial reporting updates for the quarter ended 31 December 2024
        In this session of the Voices on Reporting webinar, we have discussed key financial updates for the quarter ended 31 December 2024
        
          Read morechevron_right",https://kpmg.com/in/en/insights/2024/12/vor-key-financial-reporting-updates-for-the-quarter-ended-31-december-2024.html,,
1744287928-104,https://kpmg.com/in/en/insights.html,"Issue no. 101 | December 2024
        
        This edition of AAU covers topics relating to financial and reporting updates relevant for companies in India
        
          Read morechevron_right",https://kpmg.com/in/en/insights/2024/12/aau-accounting-and-auditing-update-december-2024.html,,
1744287928-105,https://kpmg.com/in/en/insights.html,"Forensic lens on related parties and transactions
        Forensic lens on related parties and transactions
        Forensic lens on related parties and transactions
        A forensic lens on related-party transactions (RPTs) helps uncover potential risks and provides guidance on mitigating these risks effectively
        
          Read morechevron_right",https://kpmg.com/in/en/insights/2024/12/forensic-lens-on-related-parties-and-transactions.html,,
1744287928-106,https://kpmg.com/in/en/insights.html,"Reflecting on a Decade of Make in India: Achievements, Challenges, and the Road Ahead
        Reflecting on a Decade of Make in India: Achievements, Challenges, and the Road Ahead
        Reflecting on a Decade of Make in India: Achievements, Challenges, and the Road Ahead
        Ten years later, the Make in India initiative has transformed many sectors, redefined India’s economic strategy, and set the nation on a promising path—albeit with hurdles along the way
        
          Read morechevron_right",https://kpmg.com/in/en/blogs/2024/12/reflecting-on-a-decade-of-make-in-india-achievements-challenges-and-the-road-ahead.html,,
1744287928-107,https://kpmg.com/in/en/insights.html,"Guidelines to regulate greenwashing and misleading environmental claims
        Guidelines to regulate greenwashing and misleading environmental claims
        Guidelines to regulate greenwashing and misleading environmental claims
        This issue of First Notes aims to provide an overview of the key aspects discussed in the Guidelines issued by CCPA
        
          Read morechevron_right",https://kpmg.com/in/en/insights/2024/12/firstnotes-guidelines-to-regulate-greenwashing-and-misleading-environmental-claims.html,,
1744287928-108,https://kpmg.com/in/en/insights.html,"Mechanisation and the Future of Indian Agriculture
        Mechanisation and the Future of Indian Agriculture
        Mechanisation and the Future of Indian Agriculture
        With the right investments, policies, and innovations, India has the potential to become a global leader in sustainable agriculture
        
          Read morechevron_right",https://kpmg.com/in/en/blogs/2024/12/mechanisation-and-the-future-of-indian-agriculture.html,,
1744287928-109,https://kpmg.com/in/en/insights.html,"Nurturing AI Talent
        Nurturing AI Talent
        Nurturing AI Talent
        Investing in AI talent and skill capital is one of the most crucial steps towards realising the full potential of AI in India


        
          Read morechevron_right",https://kpmg.com/in/en/blogs/2024/12/nurturing-ai-talent.html,,
1744287928-110,https://kpmg.com/in/en/insights.html,"KPMG 2024 Consumer and Retail CEO Outlook
        
        Consumer and retail CEOs share their views on economic outlook, ESG and generative AI.
        
          Read morechevron_right",https://kpmg.com/in/en/insights/2024/12/kpmg-2024-consumer-and-retail-ceo-outlook.html,,
1744287928-111,https://kpmg.com/in/en/insights.html,"State of impact reporting in India
        State of impact reporting in India
        State of impact reporting in India
        Nifty 250 companies undertake CSR project impact reporting for statutory purpose. The study analyses these reports to ascertain the state of impact reporting in India
        
          Read morechevron_right",https://kpmg.com/in/en/insights/2024/12/state-of-impact-reporting-in-india.html,,
1744287928-112,https://kpmg.com/in/en/insights.html,"Deepfake - How real is it?
        Deepfake - How real is it?
        Deepfake - How real is it?
        Delving into the rising global trend of deepfakes, this whitepaper explores their societal and business impacts, along with strategies for mitigation
        
          Read morechevron_right",https://kpmg.com/in/en/insights/2024/12/deepfake-how-real-is-it.html,,
1744287928-113,https://kpmg.com/in/en/insights.html,"KPMG 2024 Industrial Manufacturing and Automotive CEO Outlook
        
        Industrial manufacturing and Automotive CEOs share their views on economic outlook, return-to-office, ESG and generative AI.
        
          Read morechevron_right",https://kpmg.com/in/en/insights/2024/12/kpmg-2024-industrial-manufacturing-and-automotive-ceo-outlook.html,,
1744287928-114,https://kpmg.com/in/en/insights.html,"Transforming cityscapes: Innovations driving smart cities and urban development in India
        
        Strengthening India’s infrastructure and urban environment will be crucial for achieving the nation’s overall developmental goals
        
          Read morechevron_right",https://kpmg.com/in/en/blogs/2024/12/transforming-cityscapes-innovations-driving-smart-cities-and-urban-development-in-india.html,,
1744287928-115,https://kpmg.com/in/en/insights.html,"Emotional Intelligence (EQ): The key to climbing the career ladder and achieving success in the corporate world 
        
        Leaders with high EQ understand and respond to the needs and emotions of their employees, resulting in higher levels of engagement and productivity
        
          Read morechevron_right",https://kpmg.com/in/en/blogs/2024/12/emotional-intelligence-eq-the-key-to-climbing-the-career-ladder-and-achieving-success-in-the-corporate-world.html,,
1744287928-116,https://kpmg.com/in/en/insights.html,"Exploring India's dynamic Start-up Ecosystem
        
        An in-depth exploration of India's vibrant and rapidly evolving entrepreneurial landscape
        
          Read morechevron_right",https://kpmg.com/in/en/insights/2024/12/exploring-indias-dynamic-start-up-ecosystem.html,,
1744287928-117,https://kpmg.com/in/en/insights.html,"Democratisation of entrepreneurship in India
        
        Explores the need for democratisation of entrepreneurship in India, highlighting key trends and opportunities for entrepreneurs
        
          Read morechevron_right",https://kpmg.com/in/en/insights/2024/12/democratisation-of-entrepreneurship-in-india.html,,
1744287928-118,https://kpmg.com/in/en/insights.html,"Asia Pacific Private Equity Barometer 2024
        
        Private Equity investment trends and opportunities
        
          Read morechevron_right",https://kpmg.com/in/en/insights/2024/12/asia-pacific-private-equity-barometer-2024.html,,
1744287928-119,https://kpmg.com/in/en/insights.html,"Enabling infrastructure changes through policies for growth of EVs
        
        Policy-driven infrastructure changes are essential for accelerating the adoption of electric vehicles (EVs) in India
        
          Read morechevron_right",https://kpmg.com/in/en/insights/2024/12/enabling-infrastructure-changes-through-policies-for-growth-of-evs.html,,
1744287928-120,https://kpmg.com/in/en/insights.html,"Internal Risk Assessment guidance for money laundering/terrorist financing risks
        
        RBI's 2024 guidelines enhance AML/TF risk assessment for financial institutions, aligning with global standards and addressing sector-specific risks
        
          Read morechevron_right",https://kpmg.com/in/en/insights/2024/12/internal-risk-assessment-guidance-for-money-laundering-terrorist-financing-risks.html,,
1744287928-121,https://kpmg.com/in/en/insights.html,"Living our values
        
        Celebrating the dedication of our people and the transformative impact on our communities
        
          Read morechevron_right",https://kpmg.com/in/en/insights/2024/12/living-our-values.html,,
1744287928-122,https://kpmg.com/in/en/insights.html,"KPMG 2024 Life Sciences CEO Outlook
        
        Exploring CEO views on economic growth, technology investments, ESG and workforce
        
          Read morechevron_right",https://kpmg.com/in/en/insights/2024/12/kpmg-2024-life-sciences-ceo-outlook.html,,
1744287928-123,https://kpmg.com/in/en/insights.html,"Driving Make in India 
        
        A Compendium of Central and State Government incentives
        
          Read morechevron_right",https://kpmg.com/in/en/insights/2024/12/driving-make-in-india-a-compendium-of-central-and-state-government-incentives.html,,
1744287928-124,https://kpmg.com/in/en/insights.html,"Issue no. 100 | November 2024
        
        This edition covers topics such as ESMA Enforcement Priorities for Corporate Reporting, accounting for major spares and key regulatory updates
        
          Read morechevron_right",https://kpmg.com/in/en/insights/2024/11/aau-accounting-and-auditing-update-november-2024.html,,
1744287928-125,https://kpmg.com/in/en/insights.html,"Doing business in defence
        
        Analyse industry in global context, Indian regulatory landscape, market dynamics & KPMG in India value chain framework to aid startups/MSMEs' market entry.
        
          Read morechevron_right",https://kpmg.com/in/en/insights/2024/12/doing-business-in-defence.html,,
1744287928-126,https://kpmg.com/in/en/insights.html,"Empowering the next generation
        
        Building future business leaders
        
          Read morechevron_right",https://kpmg.com/in/en/insights/2024/12/empowering-the-next-generation.html,,
1744287928-127,https://kpmg.com/in/en/insights.html,"International Fraud Awareness Week
        
        International Fraud Awareness Week 2024, held from 17-23 November, to raise awareness about the impacts and prevention of fraud
        
          Read morechevron_right",https://kpmg.com/in/en/insights/2024/11/international-fraud-awareness-week.html,,
1744287928-128,https://kpmg.com/in/en/insights.html,"Beyond the resume: Background screening to protect organisational integrity
        
        Understanding importance of background screening for organisations
        
          Read morechevron_right",https://kpmg.com/in/en/insights/2024/11/beyond-the-resume-background-screening-to-protect-organisational-integrity.html,,
1744287928-129,https://kpmg.com/in/en/insights.html,"Elevating fourth-party risk oversight for financial services
        
        Navigating the complex web of fourth-party risk identification and management in financial services
        
          Read morechevron_right",https://kpmg.com/in/en/blogs/2024/11/elevating-fourth-party-risk-oversight-for-financial-services.html,,
1744287928-130,https://kpmg.com/in/en/insights.html,"Why India needs an indigenous semiconductor ecosystem to fuel its EV transition?
        
        Semiconductors serve as the cornerstone of new-age innovation, playing a critical role in advanced technology manufacturing
        
          Read morechevron_right",https://kpmg.com/in/en/blogs/2024/11/why-india-needs-an-indigenous-semiconductor-ecosystem-to-fuel-its-ev-transition.html,,
1744287928-131,https://kpmg.com/in/en/insights.html,"KPMG 2024 Insurance CEO Outlook
        
        Insurance CEOs share their views on economic outlook, return-to-office, ESG and generative AI.
        
          Read morechevron_right",https://kpmg.com/in/en/insights/2024/11/kpmg-2024-insurance-ceo-outlook.html,,
1744287928-132,https://kpmg.com/in/en/insights.html,"KPMG 2024 Banking CEO Outlook
        
        This year’s KPMG 2024 Banking CEO Outlook examines how today’s business leaders within the sector are facing multifaceted and relentless challenges
        
          Read morechevron_right",https://kpmg.com/in/en/insights/2024/11/kpmg-2024-banking-ceo-outlook.html,,
1744287928-133,https://kpmg.com/in/en/insights.html,"Voice on Reporting – Quarterly updates publication September 2024
        
        Summary of key updates for the quarter ended 30 September 2024 from MCA, SEBI, RBI and ICAI.
        
          Read morechevron_right",https://kpmg.com/in/en/insights/2024/11/vor-reporting-regulatory-updates-mca-sebi-nfra.html,,
1744287928-134,https://kpmg.com/in/en/insights.html,"Awareness and actions at the forefront of third-party risk management
        
        Awareness and actions at the forefront of third-party risk management
        
          Read morechevron_right",https://kpmg.com/in/en/insights/2024/11/awareness-and-actions-at-the-forefront-of-third-party-risk-management.html,,
1744287928-135,https://kpmg.com/in/en/insights.html,"Strengthening Post Graduate Medical Education in India
        
        Key interventions to respond to increasing demand for specialist and super specialist doctors
        
          Read morechevron_right",https://kpmg.com/in/en/insights/2024/11/strengthening-post-graduate-medical-education-in-india.html,,
1744287928-136,https://kpmg.com/in/en/insights.html,"Global Leisure Perspectives 2024
        
        The leisure sector is slowly bouncing back from the challenges of COVID-19, high inflation and economic uncertainty. Yet many challenges persist.
        
          Read morechevron_right",https://kpmg.com/in/en/insights/2024/11/global-leisure-perspectives-2024.html,,
1744287928-137,https://kpmg.com/in/en/insights.html,"Trailblazing digital frontiers
        
        Global IT internal audit outlook
        
          Read morechevron_right",https://kpmg.com/in/en/insights/2024/11/trailblazing-digital-frontiers.html,,
1744287928-138,https://kpmg.com/in/en/insights.html,"From insight to action: A pragmatic approach to combat greenwashing
        
        Understand what is greenwashing, its key regulations and strategies for an authentic engagement with sustainability
        
          Read morechevron_right",https://kpmg.com/in/en/insights/2024/11/from-insight-to-action-a-pragmatic-approach-to-combat-greenwashing.html,,
1744287928-139,https://kpmg.com/in/en/insights.html,"Model Risk Management
        
        Effective model management involves ensuring proper governance and oversight, validation, interpretability, scalability, and ethical considerations.
        
          Read morechevron_right",https://kpmg.com/in/en/insights/2024/11/model-risk-management.html,,
1744287928-140,https://kpmg.com/in/en/insights.html,"Marching towards the light: Unveiling dark patterns and its impact on customers
        
        Know what are dark patterns and the impact it has on customers
        
          Read morechevron_right",https://kpmg.com/in/en/blogs/2024/11/marching-towards-the-light-unveiling-dark-patterns-and-its-impact-on-customers.html,,
1744287928-141,https://kpmg.com/in/en/insights.html,"Assurance publications
        
        Assurance publication
        
          Read morechevron_right",https://kpmg.com/in/en/insights/assurance-publications.html,,
1744287928-142,https://kpmg.com/in/en/insights.html,"AI and the Evolution of Work: Reskilling for a New Age of Innovation
        
        As we continue to evolve into an AI-driven future, proactive measures in workforce preparation are essential for all industries
        
          Read morechevron_right",https://kpmg.com/in/en/blogs/2024/11/ai-and-the-evolution-of-work-reskilling-for-a-new-age-of-innovation.html,,
1744287928-143,https://kpmg.com/in/en/insights.html,"KPMG in India’s tech talk
        
        A thought provoking series covering insights around emerging technologies from the best minds in the industry.
        
          Read morechevron_right",https://kpmg.com/in/en/insights/2024/11/kpmg-in-indias-tech-talk.html,,
1744287928-144,https://kpmg.com/in/en/insights.html,"KPMG in India at Davos
        
        The digital dividend: fusing technology, talent and a collaborative ecosystem in a multistakeholder world
        
          Read morechevron_right",https://kpmg.com/in/en/insights/2025/01/kpmg-in-india-at-davos-2025.html,,
1744287928-145,https://kpmg.com/in/en/insights.html,"KPMG 2024 Infrastructure and Transport CEO Outlook
        
        This report highlights key insights from the KPMG 2024 Infrastructure and Transport CEO Outlook survey.
        
          Read morechevron_right",https://kpmg.com/in/en/insights/2024/11/kpmg-2024-infrastructure-and-transport-ceo-outlook.html,,
1744287928-146,https://kpmg.com/in/en/insights.html,"Automotive pulse - India
        
        Deep dive into India’s automotive landscape focusing on market dynamics, trends, policies and growth opportunities
        
          Read morechevron_right",https://kpmg.com/in/en/insights/2024/11/automotive-pulse-india.html,,
1744287928-147,https://kpmg.com/in/en/insights.html,"Embodied carbon in India infrastructure
        
        Highlights the importance of embodied carbon from India’s perspective and the pathways to abate these emissions
        
          Read morechevron_right",https://kpmg.com/in/en/insights/2024/11/embodied-carbon-in-india-infrastructure.html,,
1744287928-148,https://kpmg.com/in/en/insights.html,"Technology as a pillar for the energy transitions
        
        By embracing technology, we can move closer to achieving the Paris Agreement climate goals and foster a positive impact on the environment.
        
          Read morechevron_right",https://kpmg.com/in/en/blogs/2024/11/technology-as-a-pillar-for-the-energy-transitions.html,,
1744287928-149,https://kpmg.com/in/en/insights.html,"The startup speakeasy podcast: Celebrating startup founders and the startup ecosystem
        
        Highlighting journeys of startup founders and exploring the startup ecosystem, we aim to inspire, educate and connect listeners with world of startups
        
          Read morechevron_right",https://kpmg.com/in/en/blogs/2024/11/the-startup-speakeasy-podcast-celebrating-startup-founders-and-the-startup-ecosystem.html,,
1744287928-150,https://kpmg.com/in/en/insights.html,"Building the future of digital infrastructure for Viksit Bharat
        
        Digital infrastructure could serve as backbone for cutting-edge digital services to drive progress, development, and transformation in the country.
        
          Read morechevron_right",https://kpmg.com/in/en/blogs/2024/11/building-the-future-of-digital-infrastructure-for-viksit-bharat.html,,
1744287928-151,https://kpmg.com/in/en/insights.html,"Electric Tractors: A modern technology for sustainable energy use in agriculture
        
        Electric tractors will redefine not only mobility but set the path towards long term sustainable energy use in agricultural sector in India.
        
          Read morechevron_right",https://kpmg.com/in/en/blogs/2024/10/electric-tractors-a-modern-technology-for-sustainable-energy-use-in-agriculture.html,,
1744287928-152,https://kpmg.com/in/en/insights.html,"How the growth of AI and automation is helping enhance network operations
        
        AI not only enhance customer satisfaction but also drive operational efficiency, enabling telecoms to remain competitive in a rapidly evolving market.
        
          Read morechevron_right",https://kpmg.com/in/en/blogs/2024/10/how-the-growth-of-ai-and-automation-is-helping-enhance-network-operations.html,,
1744287928-153,https://kpmg.com/in/en/insights.html,"Residency and income tax implications in India for US citizens and green card holders
        
        Under tax laws, residential status determines tax liability
        
          Read morechevron_right",https://kpmg.com/in/en/blogs/2024/10/residency-and-income-tax-implications-in-india-for-us-citizens-and-green-card-holders.html,,
1744287928-154,https://kpmg.com/in/en/insights.html,"Issue no. 99 | October 2024
        
        The topics covered in this edition are disclosure of climate related uncertainties, verification of market rumours and regulatory updates.
        
          Read morechevron_right",https://kpmg.com/in/en/insights/2024/10/aau-accounting-and-auditing-update-october-2024.html,,
1744287928-155,https://kpmg.com/in/en/insights.html,"Q3’24 Venture Pulse Report – Global trends
        
        A global overview of key findings uncovered from the Q3’24 Venture Pulse Report.
        
          Read morechevron_right",https://kpmg.com/in/en/insights/2024/10/q3-24-venture-pulse-report-global.html,,
1744287928-156,https://kpmg.com/in/en/insights.html,"Unlocking India's blue economy: A pathway to sustainable growth and prosperity
        
        Future of blue economy in India hinges on innovative practices, effective policies and development, ensuring prosperous and sustainable ocean economy.
        
          Read morechevron_right",https://kpmg.com/in/en/blogs/2024/10/unlocking-indias-blue-economy-a-pathway-to-sustainable-growth-and-prosperity.html,,
1744287928-157,https://kpmg.com/in/en/insights.html,"Unlocking government’s technology future
        
        Five keys to public sector digital transformation success
        
          Read morechevron_right",https://kpmg.com/in/en/insights/2024/10/unlocking-government-s-technology-future.html,,
1744287928-158,https://kpmg.com/in/en/insights.html,"Securing your digital supply chain ecosystem
        
        Practical guidance for organisations to secure software products and strengthen their supply chain security
        
          Read morechevron_right",https://kpmg.com/in/en/insights/2024/10/securing-your-digital-supply-chain-ecosystem.html,,
1744287928-159,https://kpmg.com/in/en/insights.html,"“The startup speakeasy” podcast by KPMG in India
        
        Honest conversations. Real stories.
        
          Read morechevron_right",https://kpmg.com/in/en/insights/2024/10/the-startup-speakeasy-podcast-by-kpmg-in-india.html,,
1744287928-160,https://kpmg.com/in/en/insights.html,"KPMG 2024 Technology and Telecommunications CEO Outlook
        
        Cautious optimism backed by strategic planning
        
          Read morechevron_right",https://kpmg.com/in/en/insights/2024/10/2024-ceo-outlook-technology-and-telecommunications.html,,
1744287928-161,https://kpmg.com/in/en/insights.html,"Uniform Code for Marketing Practices in Medical Devices
        
        The Indian medical device industry has witnessed growth, contributing to a favourable environment for adoption of medical devices
        
          Read morechevron_right",https://kpmg.com/in/en/insights/2024/10/uniform-code-for-marketing-practices-in-medical-devices.html,,
1744287928-162,https://kpmg.com/in/en/insights.html,"Turbocharging power distribution through Generative AI
        
        Gen AI can be instrumental in building solutions for power distribution for addressing both traditional and emerging challenges.
        
          Read morechevron_right",https://kpmg.com/in/en/blogs/2024/10/turbocharging-power-distribution-through-generative-ai.html,,
1744287928-163,https://kpmg.com/in/en/insights.html,"KPMG 2024 Global Energy CEO Outlook
        
        Explore how leaders in Energy, Natural Resources, and Chemicals are navigating a turbulent landscape with confidence and strategic clarity.
        
          Read morechevron_right",https://kpmg.com/in/en/insights/2024/10/kpmg-2024-global-energy-ceo-outlook.html,,
1744287928-164,https://kpmg.com/in/en/insights.html,"Global ambition to triple renewable energy capacity
        
        Where are we 12 months later
        
          Read morechevron_right",https://kpmg.com/in/en/insights/2024/10/global-ambition-to-triple-renewable-energy-capacity.html,,
1744287928-165,https://kpmg.com/in/en/insights.html,"ACED through AI
        
        Accelerating clean energy delivery and advancing climate action through Artificial Intelligence (AI) and Generative AI

        
          Read morechevron_right",https://kpmg.com/in/en/insights/2024/10/aced-through-ai.html,,
1744287928-166,https://kpmg.com/in/en/insights.html,"Integrating AI: The superpower in India’s energy transition toolkit
        
        For containing and mitigating effects of climate change, India has to remain invested in trusted AI deployment for its energy sector
        
          Read morechevron_right",https://kpmg.com/in/en/blogs/2024/10/integrating-ai-the-superpower-in-indias-energy-transition-toolkit.html,,
1744287928-167,https://kpmg.com/in/en/insights.html,"Artificial Intelligence is set to play a pivotal role in enabling immersive customer engagements
        
        By using AI, businesses can not only enhance their customer engagement strategies but also create a more ethical and sustainable business environment.

        
          Read morechevron_right",https://kpmg.com/in/en/blogs/2024/10/artificial-intelligence-is-set-to-play-a-pivotal-role-in-enabling-immersive-customer-engagements.html,,
1744287928-168,https://kpmg.com/in/en/insights.html,"Driving cross-border transactions and deals in India
        
        Change in Indian regulatory and tax framework regarding reverse flipping could position entrepreneurs and startups capitalize its and India's growth
        
          Read morechevron_right",https://kpmg.com/in/en/blogs/2024/10/driving-cross-border-transactions-and-deals-in-india.html,,
1744287928-169,https://kpmg.com/in/en/insights.html,"Smart lending: Has the full potential been unleashed?
        
        Smart lending has unlocked the potential for formal lending system in India, catering the needs of millions of underserved borrowers in the country
        
          Read morechevron_right",https://kpmg.com/in/en/blogs/2024/10/smart-lending-has-the-full-potential-been-unleashed.html,,
1744287928-170,https://kpmg.com/in/en/insights.html,"Driving sustainable investment: How AI is changing the game in green finance
        
        As green energy projects become larger and more complex AI is playing a critical role in optimal portfolio creation and its effective management.
        
          Read morechevron_right",https://kpmg.com/in/en/blogs/2024/10/driving-sustainable-investment-how-ai-is-changing-the-game-in-green-finance.html,,
1744287928-171,https://kpmg.com/in/en/insights.html,"Behind every successful GCC is rock solid sponsorship
        
        Sponsorship for the long haul, going way beyond the ‘here and now’.
        
          Read morechevron_right",https://kpmg.com/in/en/blogs/2024/10/behind-every-successful-gcc-is-rock-solid-sponsorship.html,,
1744287928-172,https://kpmg.com/in/en/insights.html,"ENRich 2024: AI for Energy
        
        23-24 October
New Delhi
        
          Read morechevron_right",https://kpmg.com/in/en/insights/2024/10/enrich-2024-ai-energy.html,,
1744287928-173,https://kpmg.com/in/en/insights.html,"Orchestrating future connectivity with open APIs
        
        How telecom providers can drive innovation and streamline network access
        
          Read morechevron_right",https://kpmg.com/in/en/blogs/2024/10/orchestrating-future-connectivity-with-open-apis.html,,
1744287928-174,https://kpmg.com/in/en/insights.html,"How can India’s first space station transform our space programme?
        
        India's space programme will be crucial, help the country become a driver of next-gen technologies and gain geopolitical edge to become global leader.
        
          Read morechevron_right",https://kpmg.com/in/en/blogs/2024/10/how-can-india-first-space-station-transform-our-space-programme.html,,
1744287928-175,https://kpmg.com/in/en/insights.html,"FinTech and the transformation of the GCC financial landscape
        
        The transformation brought about by technology and FinTech is expected to continue, and GCCs must innovate and adapt to stay competitive.
        
          Read morechevron_right",https://kpmg.com/in/en/blogs/2024/10/fintech-and-the-transformation-of-the-gcc-financial-landscape.html,,
1744287928-176,https://kpmg.com/in/en/insights.html,"Redefining TMT with AI: The future is now
        
        Focuses on AI adoption in India’s Technology, Media, and Telecom sector, key insights, challenges, and scalable solutions
        
          Read morechevron_right",https://kpmg.com/in/en/insights/2024/10/redefining-tmt-with-ai-the-future-is-now.html,,
1744287928-177,https://kpmg.com/in/en/insights.html,"Effective model risk management framework for AI/ML based models
        
        Enhancements needed in the MRM framework to embed fairness considerations for the AI/ML based models.
        
          Read morechevron_right",https://kpmg.com/in/en/insights/2024/10/effective-model-risk-management-framework-for-ai-ml-based-models.html,,
1744287928-178,https://kpmg.com/in/en/insights.html,"Balancing efficiency and humanity in leadership on the AI frontier
        
        Key isn’t about choosing between AI and humans but leveraging the strengths of both to build a more dynamic, collaborative, and successful future
        
          Read morechevron_right",https://kpmg.com/in/en/blogs/2024/10/balancing-efficiency-and-humanity-in-leadership-on-the-ai-frontier.html,,
1744287928-179,https://kpmg.com/in/en/insights.html,"Evolving fraud trends in the Automotive and Industrial Manufacturing sector in India
        
        India’s manufacturing sector is undergoing significant transformation. Know what the key trends and challenges for the sector are.
        
          Read morechevron_right",https://kpmg.com/in/en/insights/2024/10/evolving-fraud-trends-in-the-automotive-and-industrial-manufacturing-sector-in-india.html,,
1744287928-180,https://kpmg.com/in/en/insights.html,"Strategic role of data and analytics in modern supply chains
        
        Investing in supply chain data and analytics capabilities is no more an option but an urgent imperative that needs to be undertaken.
        
          Read morechevron_right",https://kpmg.com/in/en/blogs/2024/10/strategic-role-of-data-and-analytics-in-modern-supply-chains.html,,
1744287928-181,https://kpmg.com/in/en/insights.html,"Transforming financial services through hyper-personalisation
        
        Financial services industry are increasingly focused on customer-centricity, recognizing that meeting individual customer needs is key to success.
        
          Read morechevron_right",https://kpmg.com/in/en/blogs/2024/10/transforming-financial-services-through-hyper-personalisation.html,,
1744287928-182,https://kpmg.com/in/en/insights.html,"Harnessing India’s Sports Tourism Potential
        
        Sports tourism’s contribution in the global and Indian economy and outlines measures and considerations to harness India’s sports tourism potential.
        
          Read morechevron_right",https://kpmg.com/in/en/insights/2024/10/harnessing-indias-sports-tourism-potential.html,,
1744287928-183,https://kpmg.com/in/en/insights.html,"Unlocking the Potential of India's Manufacturing Sector for Green Hydrogen
        
        Partnerships, R&D, efficiency, and innovation must be the driving factors behind the growth of India's green hydrogen sector in manufacturing sector
        
          Read morechevron_right",https://kpmg.com/in/en/blogs/2024/10/unlocking-the-potential-of-indias-manufacturing-sector-for-green-hydrogen-opportunities-and-enablers.html,,
1744287928-184,https://kpmg.com/in/en/insights.html,"Securing Non-Bank PSOs: RBI’s Guidelines on Cyber Resilience and Digital Payment Security Controls
        
        How Non-Bank Payment System Operators can achieve compliance to RBI’s Guidelines on Cyber Resilience and Digital Payment Security Controls
        
          Read morechevron_right",https://kpmg.com/in/en/insights/2024/10/securing-non-bank-psos-rbis-guidelines-on-cyber-resilience-and-digital-payment-security-controls.html,,
1744287928-185,https://kpmg.com/in/en/insights.html,"Transition to circular ecosystems in India: role of digitally enabled lifecycle solutions
        
        Green economy has become more relevant in recent years, driven by the need to address environmental challenges and need for sustainable consumption
        
          Read morechevron_right",https://kpmg.com/in/en/blogs/2024/10/transition-to-circular-ecosystems-in-india-role-of-digitally-enabled-lifecycle-solutions.html,,
1744287928-186,https://kpmg.com/in/en/insights.html,"KPMG Global Metals and Mining Outlook
        
        Uncover Strategies for Decarbonization and Operational Excellence
        
          Read morechevron_right",https://kpmg.com/in/en/insights/2024/10/kpmg-2024-global-metals-and-mining-outlook.html,,
1744287928-187,https://kpmg.com/in/en/insights.html,"Consumer Credit and Finance
        
        Digital lending platforms, banks, NBFCs and Fintechs have a crucial role to play in responsible and balanced growth in Indian consumer credit market.
        
          Read morechevron_right",https://kpmg.com/in/en/blogs/2024/10/consumer-credit-and-finance.html,,
1744287928-188,https://kpmg.com/in/en/insights.html,"‘Fit and proper’ due diligence
        
        Integrity through ‘fit and proper’ due diligence for shareholders and key personnel in financial institutions.
        
          Read morechevron_right",https://kpmg.com/in/en/insights/2024/10/fit-and-proper-due-diligence.html,,
1744287928-189,https://kpmg.com/in/en/insights.html,"Leveraging AI for Achieving CoP 28 Goals: A Challenge and an opportunity for India
        
        India is well poised for leveraging AI for advancing economic and climate goals in tandem.
        
          Read morechevron_right",https://kpmg.com/in/en/blogs/2024/10/leveraging-ai-for-achieving-cop-28-goals-a-challenge-and-an-opportunity-for-india.html,,
1744287928-190,https://kpmg.com/in/en/insights.html,"National Institutional Ranking Framework (NIRF) 2024 - Category specific analysis
        
        KPMG in India’s analysis of National Institutional Ranking Framework (NIRF) Ranking 2024 released by Ministry of Education (MoE) on August 12, 2024.
        
          Read morechevron_right",https://kpmg.com/in/en/insights/2024/10/national-institutional-ranking-framework-nirf-2024-category-specific-analysis.html,,
1744287928-191,https://kpmg.com/in/en/insights.html,"Key financial reporting updates for the quarter ended 30 September 2024
        
        In this session of the Voices on Reporting webinar, we have discussed following key updates
        
          Read morechevron_right",https://kpmg.com/in/en/insights/2024/10/vor-key-financial-reporting-updates-for-quarter-ended-30-september-2024.html,,
1744287928-192,https://kpmg.com/in/en/insights.html,"Flying to new heights: India’s defence ecosystem continues to soar
        
        With a strong focus on domestic manufacturing, India’s defence sector is projected to see sustained growth and resilience.
        
          Read morechevron_right",https://kpmg.com/in/en/blogs/2024/10/flying-to-new-heights-indias-defence-ecosystem-continues-to-soar.html,,
1744287928-193,https://kpmg.com/in/en/insights.html,"Leaders 2050
        
        KPMG’s network for purpose driven future leaders
        
          Read morechevron_right",https://kpmg.com/in/en/insights/2023/07/leaders-2050.html,,
1744287928-194,https://kpmg.com/in/en/insights.html,"Issue no. 98 | September 2024
        
        The topics covered in this month's edition are Revenue for SaaS companies, Ind AS 117 - Insurance contracts for non-insurers and Regulatory updates
        
          Read morechevron_right",https://kpmg.com/in/en/insights/2024/09/aau-accounting-and-auditing-update-september-2024.html,,
1744287928-195,https://kpmg.com/in/en/insights.html,"Recent developments on OECD Pillar One & Two norms and Article 12B of UN Model Convention
        
        New norms by OECD and United Nations will affect how businesses operate globally, and Indian MNEs to start preparing for their implementation
        
          Read morechevron_right",https://kpmg.com/in/en/blogs/2024/09/recent-developments-on-oecd-pillar-one-two-norms-and-article-12b-of-un-model-convention.html,,
1744287928-196,https://kpmg.com/in/en/insights.html,"Workforce
        
        Work is changing, with new digital colleagues. Creating an effective workforce to meet organisational objectives is more challenging than ever
        
          Read morechevron_right",https://kpmg.com/in/en/insights/workforce.html,,
1744287928-197,https://kpmg.com/in/en/insights.html,"Global Capability Centres
        
        As GCCs continue to build, innovate and scale, they are also equipping themselves to navigate through a dynamic landscape
        
          Read morechevron_right",https://kpmg.com/in/en/insights/global-capability-centres.html,,
1744287928-198,https://kpmg.com/in/en/insights.html,"Environmental, Social and Governance (ESG)
        
        ESG and sustainability demand attention in a disrupted world. Staying informed is crucial for achieving a more sustainable future
        
          Read morechevron_right",https://kpmg.com/in/en/insights/esg.html,,
1744287928-199,https://kpmg.com/in/en/insights.html,"Cyber security
        
        The smartest businesses don’t just manage cyber risk, they use it as a source of growth and market edge
        
          Read morechevron_right",https://kpmg.com/in/en/insights/cyber-security.html,,
1744287928-200,https://kpmg.com/in/en/insights.html,"Supply Chain
        
        Advanced technologies are shaking up the supply chain world
        
          Read morechevron_right",https://kpmg.com/in/en/insights/supply-chain.html,,
1744287928-201,https://kpmg.com/in/en/insights.html,"Leaders 2050
        
        KPMG’s network for purpose driven future leaders
        
          Read morechevron_right",https://kpmg.com/in/en/insights/2023/07/leaders-2050.html,,
1744287928-202,https://kpmg.com/in/en/insights.html,"Issue no. 98 | September 2024
        
        The topics covered in this month's edition are Revenue for SaaS companies, Ind AS 117 - Insurance contracts for non-insurers and Regulatory updates
        
          Read morechevron_right",https://kpmg.com/in/en/insights/2024/09/aau-accounting-and-auditing-update-september-2024.html,,
1744287928-203,https://kpmg.com/in/en/insights.html,"Recent developments on OECD Pillar One & Two norms and Article 12B of UN Model Convention
        
        New norms by OECD and United Nations will affect how businesses operate globally, and Indian MNEs to start preparing for their implementation
        
          Read morechevron_right",https://kpmg.com/in/en/blogs/2024/09/recent-developments-on-oecd-pillar-one-two-norms-and-article-12b-of-un-model-convention.html,,
1744287928-204,https://kpmg.com/in/en/insights.html,"Workforce
        
        Work is changing, with new digital colleagues. Creating an effective workforce to meet organisational objectives is more challenging than ever
        
          Read morechevron_right",https://kpmg.com/in/en/insights/workforce.html,,
1744287928-205,https://kpmg.com/in/en/insights.html,"Global Capability Centres
        
        As GCCs continue to build, innovate and scale, they are also equipping themselves to navigate through a dynamic landscape
        
          Read morechevron_right",https://kpmg.com/in/en/insights/global-capability-centres.html,,
1744287928-206,https://kpmg.com/in/en/insights.html,"Cyber security
        
        The smartest businesses don’t just manage cyber risk, they use it as a source of growth and market edge
        
          Read morechevron_right",https://kpmg.com/in/en/insights/cyber-security.html,,
1744287928-207,https://kpmg.com/in/en/insights.html,"Supply Chain
        
        Advanced technologies are shaking up the supply chain world
        
          Read morechevron_right",https://kpmg.com/in/en/insights/supply-chain.html,,
1744287928-208,https://kpmg.com/in/en/insights.html,"Environmental, Social and Governance (ESG)
        
        ESG and sustainability demand attention in a disrupted world. Staying informed is crucial for achieving a more sustainable future
        
          Read morechevron_right",https://kpmg.com/in/en/insights/esg.html,,
1744287928-209,https://kpmg.com/in/en/insights.html,"Risk and Regulation
        
        Conventional approaches to risk and regulatory compliance are no longer sufficient in today's intricate world where finance, trade, technology, and environment intersect in new and evolving ways
        
          Read morechevron_right",https://kpmg.com/in/en/insights/risk-and-regulation.html,,
1744287928-210,https://kpmg.com/in/en/insights.html,"Economy and Growth
        
         Renewed optimism and determination in navigating long-term growth trajectories
        
          Read morechevron_right",https://kpmg.com/in/en/insights/economy-and-growth.html,,
1744287928-211,https://kpmg.com/in/en/insights.html,"Technology
        
        Navigating the complex world of technology can be challenging amidst abundant hype, intensifying the need for innovation and adoption of digital solutions at a rapid pace
        
          Read morechevron_right",https://kpmg.com/in/en/insights/technology.html,,
1744287928-212,https://kpmg.com/in/en/insights.html,"Energy and Renewables
        
        India has a unique challenge in looking to grow its energy sector rapidly while decarbonising simultaneously
        
          Read morechevron_right",https://kpmg.com/in/en/insights/energy-and-renewables.html,,
1744287928-213,https://kpmg.com/in/en/insights.html,"AI
        
        We believe in the transformative power of AI. It can only reach its full potential when it is paired with human expertise and ingenuity
        
          Read morechevron_right",https://kpmg.com/in/en/insights/artificial-intelligence.html,,
1744287928-214,https://kpmg.com/in/en/insights.html,"Transformation
        
        We view transformation as a continuous process. To take advantage of opportunities, one requires vision, insights, and relevant capabilities
        
          Read morechevron_right",https://kpmg.com/in/en/insights/transformation.html,,
1744287928-215,https://kpmg.com/in/en/insights.html,"Measures organisations can take to redefine and enhance consumer trust
        
        A stronger focus towards ESG compliance would ensure long-term profitability, enhance consumer trust and sustainability for organisations.
        
          Read morechevron_right",https://kpmg.com/in/en/blogs/2024/09/measures-organisations-can-take-to-redefine-and-enhance-consumer-trust.html,,
1744287928-216,https://kpmg.com/in/en/insights.html,"Sustainability Learning
        
        As India strives to achieve its climate goals, empowering the workforce will lead the transformation for green and inclusive growth
        
          Read morechevron_right",https://kpmg.com/in/en/insights/2024/08/sustainability-learning.html,,
1744287928-217,https://kpmg.com/in/en/insights.html,"TradeTech: How are emerging tech developments impacting global trade dynamics? 
        
        Trade landscape continues to embrace digitalisation with an increased need for governance, robust cybersecurity and equitable access to technologies
        
          Read morechevron_right",https://kpmg.com/in/en/blogs/2024/09/tradetech-how-are-emerging-tech-developments-impacting-global-trade-dynamics.html,,
1744287928-218,https://kpmg.com/in/en/insights.html,"Unlocking India’s export opportunity - Supercharge export growth with digital
        
        The report highlights the impact of digital influence in democratising access to global markets, thereby boosting India exports
        
          Read morechevron_right",https://kpmg.com/in/en/insights/2024/09/unlocking-indias-export-opportunity-supercharge-export-growth-with-digital.html,,
1744287928-219,https://kpmg.com/in/en/insights.html,"KPMG 2024 India CEO Outlook
        
        More than 1,300 global CEOs share their views on geopolitics, return-to-office, ESG and generative AI.
        
          Read morechevron_right",https://kpmg.com/in/en/insights/2024/10/kpmg-2024-india-ceo-outlook.html,,
1744287928-220,https://kpmg.com/in/en/insights.html,"The intersection of Digital Transformation and ESG
        
        Potential of digital transformation and technology supporting ESG is very broad and need of hour is healthy integration of ESG and digital strategies
        
          Read morechevron_right",https://kpmg.com/in/en/blogs/2024/09/the-intersection-of-digital-transformation-and-esg.html,,
1744287928-221,https://kpmg.com/in/en/insights.html,"Five steps to navigate global risks and trade policy restrictions
        
        For companies in India to make the most of the projected trade flow, developing holistic approaches to geopolitical risk management will be key
        
          Read morechevron_right",https://kpmg.com/in/en/blogs/2024/09/five-steps-to-navigate-global-risks-and-trade-policy-restrictions.html,,
1744287928-222,https://kpmg.com/in/en/insights.html,"FPIs enters New Phase - Era of higher tax outgo begins
        
        Overall prospects for investing in India's capital markets remain positive by strong economic fundamentals and a more streamlined tax environment
        
          Read morechevron_right",https://kpmg.com/in/en/blogs/2024/09/fpis-enters-new-phase-era-of-higher-tax-outgo-begins.html,,
1744287928-223,https://kpmg.com/in/en/insights.html,"Why the IPO journey needs to be smoother
        
        Sebi needs to implement best practices to enhance the efficiency and accessibility of the IPO filing process in India.
        
          Read morechevron_right",https://kpmg.com/in/en/blogs/2024/09/why-the-ipo-journey-needs-to-be-smoother.html,,
1744287928-224,https://kpmg.com/in/en/insights.html,"SEBI CSCRF - Our Point of View
        
        The Cybersecurity and Cyber Resilience Framework aims to strengthen cybersecurity measures and ensure adequate cyber resilience for regulated entities
        
          Read morechevron_right",https://kpmg.com/in/en/insights/2024/09/sebi-cscrf-our-point-of-view.html,,
1744287928-225,https://kpmg.com/in/en/insights.html,"India’s FTA with EFTA: Catalyst for Viksit Bharat in Europe
        
        TEPA would provide boost to Viksit Bharat aspirations, by opening access for Indian exporters and skilled workforce to the large European markets
        
          Read morechevron_right",https://kpmg.com/in/en/blogs/2024/09/indias-fta-with-efta-catalyst-for-viksit-bharat-in-europe.html,,
1744287928-226,https://kpmg.com/in/en/insights.html,"Making India a leading sporting nation
        
        Having a conducive environment and a well-functioning sports ecosystem is imperative for development of the nation in a holistic and healthy manner.
        
          Read morechevron_right",https://kpmg.com/in/en/blogs/2024/09/making-india-a-leading-sporting-nation.html,,
1744287928-227,https://kpmg.com/in/en/insights.html,"The future of automotive supply chains: Connected, collaborative and resilient
        
        Automotive supply chains are being reshaped by groundbreaking technologies and the continual evolution of consumer demands driving changes globally.
        
          Read morechevron_right",https://kpmg.com/in/en/blogs/2024/09/the-future-of-automotive-supply-chains-connected-collaborative-and-resilient.html,,
1744287928-228,https://kpmg.com/in/en/insights.html,"Issue no. 97 | August 2024
        
        Monthly publication that covers emerging accounting and financial reporting topics and regulatory updates relevant for companies in India.
        
          Read morechevron_right",https://kpmg.com/in/en/insights/2024/08/aau-accounting-and-auditing-update-august-2024.html,,
1744287928-229,https://kpmg.com/in/en/insights.html,"Kerala Medical Value Travel Vision 2030
        
        The paper outlines key areas of focus for developing Kerala as a global destination for medical value travel
        
          Read morechevron_right",https://kpmg.com/in/en/insights/2024/08/kerala-medical-value-travel-vision-document-2030.html,,
1744287928-230,https://kpmg.com/in/en/insights.html,"Telecom Act 2023: A push for India’s telecommunications to soar further
        
        Telecom Act 2023 is noteworthy because it strikes a balance between safeguarding citizens’ interests and maintaining national security
        
          Read morechevron_right",https://kpmg.com/in/en/blogs/2024/08/telecom-act-2023-a-push-for-indias-telecommunications-to-soar-further.html,,
1744287928-231,https://kpmg.com/in/en/insights.html,"Ten years of CSR in India: What do organisations need today?
        
        Effective CSR is a marathon, not a sprint — a long-term commitment that needs to be communicated effectively.
        
          Read morechevron_right",https://kpmg.com/in/en/blogs/2024/08/ten-years-of-csr-in-india-what-do-organisations-need-today.html,,
1744287928-232,https://kpmg.com/in/en/insights.html,"Sacred journeys - Unfolding the evolution and growth of pilgrimage and spiritual tourism in India
        
        This report gives insights to impact of pilgrimage and spiritual tourism, and the challenges and opportunities it presents for destinations.
        
          Read morechevron_right",https://kpmg.com/in/en/insights/2024/08/sacred-journeys-unfolding-the-evolution-and-growth-of-pilgrimage-and-spiritual-tourism-in-india.html,,
1744287928-233,https://kpmg.com/in/en/insights.html,"Navigating Payment Card Industry Data Security Standard (PCI DSS) Version 4.0.1
        
        Insights into PCI DSS-latest version 4.0.1, frequently asked questions on timelines and implementation, and how KPMG in India can help in transition.
        
          Read morechevron_right",https://kpmg.com/in/en/insights/2024/08/navigating-payment-card-industry-data-security-standard-pci-dss-version-4-0-1.html,,
1744287928-234,https://kpmg.com/in/en/insights.html,"India’s shipbuilding ambitions: Where are we now and what to do next?
        
        To truly build a robust manufacturing base, we need to proactively address these challenges with strategic interventions and collaborative effort.
        
          Read morechevron_right",https://kpmg.com/in/en/blogs/2024/08/indias-shipbuilding-ambitions-where-are-we-now-and-what-to-do-next.html,,
1744287928-235,https://kpmg.com/in/en/insights.html,"The cybersecurity foundation for digital transformations
        
        Sri Lanka's digital transformation drive is prompting banking, insurance, and retail firms to overhaul their cybersecurity strategies.
        
          Read morechevron_right",https://kpmg.com/in/en/blogs/2024/08/the-cybersecurity-foundation-for-digital-transformations.html,,
1744287928-236,https://kpmg.com/in/en/insights.html,"Redefining consumer trust - ESG integrity threats in the product lifecycle
        
        With the ESG regulatory landscape becoming stringent, focus towards ESG compliance is imperative to ensure profitability and enhance sustainability.
        
          Read morechevron_right",https://kpmg.com/in/en/insights/2024/08/redefining-consumer-trust-esg-integrity-threats-in-the-product-lifecycle.html,,
1744287928-237,https://kpmg.com/in/en/insights.html,"Working the demographic edge: What will it take to empower India’s workforce?
        
        Empowering our workforce through targeted measures and equal opportunities will be key to move towards India's goal of becoming a developed nation.
        
          Read morechevron_right",https://kpmg.com/in/en/blogs/2024/08/working-the-demographic-edge-what-will-it-take-to-empower-indias-workforce.html,,
1744287928-238,https://kpmg.com/in/en/insights.html,"Future-ready businesses begin with trust
        
        ESG can be a value driver in reducing cost, increasing transparency, maintaining competitive pricing, and sustaining in new markets
        
          Read morechevron_right",https://kpmg.com/in/en/blogs/2024/08/future-ready-businesses-begin-with-trust.html,,
1744287928-239,https://kpmg.com/in/en/insights.html,"Unveiling the blue economy
        
        Chartering a course for prosperity and conservation
        
          Read morechevron_right",https://kpmg.com/in/en/insights/2024/02/esg-conclave-and-awards-2024/esg-voices-supreet-sachdev.html,,
1744287928-240,https://kpmg.com/in/en/insights.html,"Process Mining for Total Quality Management
        
        This report talks about the transformational shift in traditional TQM that process mining can bring in today’s digital world
        
          Read morechevron_right",https://kpmg.com/in/en/insights/2024/08/process-mining-for-total-quality-management.html,,
1744287928-241,https://kpmg.com/in/en/insights.html,"ESG in the age of AI
        
        The future is not going to be more of the past. Multiple futures are possible, depending upon the choices we make.
        
          Read morechevron_right",https://kpmg.com/in/en/insights/2024/08/esg-in-the-age-of-ai.html,,
1744287928-242,https://kpmg.com/in/en/insights.html,"Union Budget 2024: What it means for the Indian tourism landscape?
        
        Budget aims to support India’s growing tourism sector focus on targeted interventions to achieve India’s vision of a ‘Viksit Bharat 2047'
        
          Read morechevron_right",https://kpmg.com/in/en/blogs/2024/08/union-budget-2024-what-it-means-for-the-indian-tourism-landscape.html,,
1744287928-243,https://kpmg.com/in/en/insights.html,"Transforming Risks to Opportunities: Cybersecurity Strategies for Global SMEs
        
        For SMEs cybersecurity can be a costly and difficult endeavor but it doesn't have to be that way. Heres how SMEs can turn cyber risk into opportunity.
        
          Read morechevron_right",https://kpmg.com/in/en/blogs/2024/08/transforming-risks-to-opportunities-cybersecurity-strategies-for-global-smes.html,,
1744287928-244,https://kpmg.com/in/en/insights.html,"AMMO India 2024: Make in India – Make for the world
        
        This TL dives into the global ammunition landscape with a special focus on India, highlighting current trends, challenges and opportunities for growth
        
          Read morechevron_right",https://kpmg.com/in/en/insights/2024/08/ammo-india-2024-make-in-india-make-for-the-world.html,,
1744287928-245,https://kpmg.com/in/en/insights.html,"Follow the direct route to lasting finance transformation
        
        Change the game for finance and create long-term business value.
        
          Read morechevron_right",https://kpmg.com/in/en/insights/2022/07/follow-the-direct-route.html,,
1744287928-246,https://kpmg.com/in/en/insights.html,"MCA amends order regarding information about payments to MSE suppliers
        
        This issue of the First Notes aims to provide an overview of the key changes introduced by MCA through the amendment order 2024.
        
          Read morechevron_right",https://kpmg.com/in/en/insights/2024/08/firstnotes-mca-amends-order-regarding-information-about-payments-to-mse-suppliers.html,,
1744287928-247,https://kpmg.com/in/en/insights.html,"KPMG Innovation Kaleidoscope - Insights Centre
        
        We help businesses spark innovation and fuel change to unlock value and prepare them for the future.
        
          Read morechevron_right",https://kpmg.com/in/en/insights/2022/07/kpmg-innovation-kaleidoscope.html,,
1744287928-248,https://kpmg.com/in/en/insights.html,"Building yourself as a future-ready L&D leader: How to thrive in a tech-driven era
        
        This blog explores how L&D professionals must embrace new tech, adopt a human-centric approach, and hone core skills to drive learning.
        
          Read morechevron_right",https://kpmg.com/in/en/blogs/2024/08/building-yourself-as-a-future-ready-ld-leader-how-to-thrive-in-a-tech-driven-era.html,,
1744287928-249,https://kpmg.com/in/en/insights.html,"Trade winds: What’s trending in the export basket and how to reach the USD1 trillion target
        
        To achieve USD1 trillion target, India needs a connected and collaborative ecosystem and should cautious about growing global disruptions
        
          Read morechevron_right",https://kpmg.com/in/en/blogs/2024/08/trade-winds-whats-trending-in-the-export-basket-and-how-to-reach-the-usd1-trillion-target.html,,
1744287928-250,https://kpmg.com/in/en/insights.html,"From ‘stable’ to ‘positive’: How has India’s growth outlook remained persistently upbeat?
        
        Ensuring mutually inclusive and sustainable growth further strengthening the domestic ecosystem will help India stay on track with its economic goals
        
          Read morechevron_right",https://kpmg.com/in/en/blogs/2024/08/from-stable-to-positive-how-has-indias-growth-outlook-remained-persistently-upbeat.html,,
1744287928-251,https://kpmg.com/in/en/insights.html,"Voice on Reporting – Quarterly updates publication August 2024
        
        Summary of key updates for the quarter ended 30 June 2024 from SEBI, MoEFCC, RBI and ICAI.
        
          Read morechevron_right",https://kpmg.com/in/en/insights/2024/08/vor-quarterly-updates-publication-august-2024.html,,
1744287928-252,https://kpmg.com/in/en/insights.html,"Abolishment of Angel Tax – A welcome move
        
        Indian startup ecosystem heaved a sigh of relief as Hon’ble Finance Minister announced abolition of Angel taxation for all classes of investors
        
          Read morechevron_right",https://kpmg.com/in/en/blogs/2024/08/abolishment-of-angel-tax-a-welcome-move.html,,
1744287928-253,https://kpmg.com/in/en/insights.html,"ESG Roundtable - Imperatives for industrial manufacturing companies
        
        Diligent tracking and clear communication are key for companies to showcase their dedication to sustainability and maintain accountability
        
          Read morechevron_right",https://kpmg.com/in/en/insights/2024/02/esg-conclave-and-awards-2024/esg-roundtable-imperatives-for-industrial-manufacturing-companies.html,,
1744287928-254,https://kpmg.com/in/en/insights.html,"Union Budget 2024 Impact on Indian Construction Sector
        
        Key messages stand out from this year’s budget for the Indian construction sector is scale, sustainability, and skilling.
        
          Read morechevron_right",https://kpmg.com/in/en/blogs/2024/08/union-budget-2024-impact-on-indian-construction-sector.html,,
1744287928-255,https://kpmg.com/in/en/insights.html,"Indian Trade & Tariff Policy, impact on International Trade - Union Budget 2024
        
        By rationalising customs duty rates and fostering a more efficient trade environment, the Budget aims to improve India’s position in the global market
        
          Read morechevron_right",https://kpmg.com/in/en/blogs/2024/08/indian-trade-tariff-policy-impact-on-international-trade-union-budget-2024.html,,
1744287928-256,https://kpmg.com/in/en/insights.html,"Budget 2024: An elixir to resuscitate global trade and investment into the Indian
        
        The Finance Minister's strategic measures are designed to follow a three-fold process aimed at enhancing India's economic landscape
        
          Read morechevron_right",https://kpmg.com/in/en/blogs/2024/08/budget-2024-an-elixir-to-resuscitate-global-trade-and-investment-into-the-indian.html,,
1744287928-257,https://kpmg.com/in/en/insights.html,"Capture the flag, 2024
        
        Persistence, perseverance and glory | Capture the flag 2024 is back | Win your spot among the cyber security ninjas!
        
          Read morechevron_right",https://kpmg.com/in/en/insights/2024/07/capture-the-flag-2024.html,,
1744287928-258,https://kpmg.com/in/en/insights.html,"India in the space race: What’s working in our favour?
        
        India’s space ecosystem is on growth trajectory driven by strategic government reforms, rising entrepreneurial interest and ISRO nurturing initiatives
        
          Read morechevron_right",https://kpmg.com/in/en/blogs/2024/07/india-in-the-space-race-whats-working-in-our-favour.html,,
1744287928-259,https://kpmg.com/in/en/insights.html,"RBI releases revised fraud risk management directions for Regulated Entities
        
        This issue of the first notes aims to provide an overview of the revised fraud risk management system and framework for banks, NBFCs (including HFCs).
        
          Read morechevron_right",https://kpmg.com/in/en/insights/2024/07/firstnotes-rbi-releases-revised-fraud-risk-management-directions-for-regulated-entities.html,,
1744287928-260,https://kpmg.com/in/en/insights.html,"Strengthening the defence value chain: How are MSMEs contributing?
        
        A remarkable development of MSME sector’s contribution in transforming the defence manufacturing landscape.
        
          Read morechevron_right",https://kpmg.com/in/en/blogs/2024/07/strengthening-the-defence-value-chain-how-are-msmes-contributing.html,,
1744287928-261,https://kpmg.com/in/en/insights.html,"Issue no. 96 | July 2024
        
        This edition of AAU discusses the guidance provided by IASB regarding recognition and derecognition for both financial asset and financial liability
        
          Read morechevron_right",https://kpmg.com/in/en/insights/2024/07/aau-accounting-and-auditing-update-july-2024.html,,
1744287928-262,https://kpmg.com/in/en/insights.html,"Balancing growth and sustainability: The 2024-25 budget perspective
        
        The Union Budget 2024-25 is not merely about fiscal allocations but about setting a vision for a progressive, inclusive, and sustainable future
        
          Read morechevron_right",https://kpmg.com/in/en/blogs/2024/07/balancing-growth-and-sustainability-the-2024-25-budget-perspective.html,,
1744287928-263,https://kpmg.com/in/en/insights.html,"Supply chain resilience: a strategic imperative
        
        The thought leadership outlines a structured approach that organisations can take to build supply chain resilience and how they can get started
        
          Read morechevron_right",https://kpmg.com/in/en/insights/2024/07/supply-chain-resilience-a-strategic-imperative.html,,
1744287928-264,https://kpmg.com/in/en/insights.html,"Budget 2024 - What’s in it for the common man?
        
        The budget 2024 did have many changes and some of the key proposals from an individual tax perspective
        
          Read morechevron_right",https://kpmg.com/in/en/blogs/2024/07/budget-2024-whats-in-it-for-the-common-man.html,,
1744287928-265,https://kpmg.com/in/en/insights.html,"Spotlight on Internal (office) accounts!
        
        POV on usage and challenges for internal (office) accounts along with concerns raised by RBI and indicative actions for banks.
        
          Read morechevron_right",https://kpmg.com/in/en/insights/2024/07/spotlight-on-internal-office-accounts.html,,
1744287928-266,https://kpmg.com/in/en/insights.html,"Boosting Employment and Manufacturing: New Government Incentives
        
        The introduction of these ELI schemes underscores the government’s commitment to tackling unemployment and stimulating economic growth
        
          Read morechevron_right",https://kpmg.com/in/en/blogs/2024/07/boosting-employment-and-manufacturing-new-government-incentives.html,,
1744287928-267,https://kpmg.com/in/en/insights.html,"Transforming India’s Infrastructure: A Futuristic Roadmap through Budget 2024-25
        
        The growth momentum of infrastructure rightly continued in this budget would enable the Indian economy in achieving its full potential.
        
          Read morechevron_right",https://kpmg.com/in/en/blogs/2024/07/transforming-indias-infrastructure-a-futuristic-roadmap-through-budget-2024-25.html,,
1744287928-268,https://kpmg.com/in/en/insights.html,"What did the Union Budget 2024–2025 say about defence?
        
        To enhance our defence capabilities budget presented in July 2024 gave the highest allocation to the Ministry of Defence (MoD).
        
          Read morechevron_right",https://kpmg.com/in/en/blogs/2024/07/what-did-the-union-budget-2024-2025-say-about-defence.html,,
1744287928-269,https://kpmg.com/in/en/insights.html,"Growth-oriented outlook, inclusive provisions to uplift all sections of society
        
        This year's budget designed to empower every section of the society for achieving the nation's goal of becoming Viksit Bharat@2047
        
          Read morechevron_right",https://kpmg.com/in/en/blogs/2024/07/growth-oriented-outlook-inclusive-provisions-to-uplift-all-sections-of-society.html,,
1744287928-270,https://kpmg.com/in/en/insights.html,"Budget 2024 – Crafting a recipe for sustained growth
        
        A progressive budget that outlines the key economic priorities of the government to foster sustainable and inclusive growth
        
          Read morechevron_right",https://kpmg.com/in/en/blogs/2024/07/budget-2024-crafting-a-recipe-for-sustained-growth.html,,
1744287928-271,https://kpmg.com/in/en/insights.html,"Budget 2024: Right balance between economic growth and fiscal prudence
        
        Budget 2024 has charted the course for transforming India into ‘Viksit Bharat’ by 2047
        
          Read morechevron_right",https://kpmg.com/in/en/blogs/2024/07/budget-2024-right-balance-between-economic-growth-and-fiscal-prudence.html,,
1744287928-272,https://kpmg.com/in/en/insights.html,"Union Budget 2024-25 – Expectations on the personal tax perspective
        
        Budget is of a significant interest to individual taxpayers as they have long wish list of desired announcements on personal tax front from government
        
          Read morechevron_right",https://kpmg.com/in/en/blogs/2024/07/union-budget-2024-25-expectations-on-the-personal-tax-perspective.html,,
1744287928-273,https://kpmg.com/in/en/insights.html,"Key expectations of India's Consumer and Retail sector from Budget 2024
        
        Comprehensive tax benefits and simplified export procedures are some of the expectations of the Consumer Markets and Retail sector from Budget 2024
        
          Read morechevron_right",https://kpmg.com/in/en/blogs/2024/07/key-expectations-of-indias-consumer-and-retail-sector-from-budget-2024.html,,
1744287928-274,https://kpmg.com/in/en/insights.html,"Production Linked Incentives: Driving Aatmanirbhar Bharat Forward
        
        The government continues to roll out and expand PLI schemes, the vision of Aatmanirbhar Bharat comes closer to reality.
        
          Read morechevron_right",https://kpmg.com/in/en/blogs/2024/07/production-linked-incentives-driving-aatmanirbhar-bharat-forward.html,,
1744287928-275,https://kpmg.com/in/en/insights.html,"Budget 2024: Telecom sector likely to get a big boost for driving digital infra and next gen technologies
        
        Telecom industry is characterized by rapid technological advancements, regulatory developments and efforts on digital inclusion and infrastructure.
        
          Read morechevron_right",https://kpmg.com/in/en/blogs/2024/07/budget-2024-telecom-sector-likely-to-get-a-big-boost-for-driving-digital-infra-and-next-gen-technologies.html,,
1744287928-276,https://kpmg.com/in/en/insights.html,"TDS/TCS Rationalization: A Ray of Hope for Individual Taxpayers
        
        The rationalization of TDS and TCS rates represents a significant opportunity to ease the financial and administrative burdens on individual taxpayers
        
          Read morechevron_right",https://kpmg.com/in/en/blogs/2024/07/tds-tcs-rationalization-a-ray-of-hope-for-individual-taxpayers.html,,
1744287928-277,https://kpmg.com/in/en/insights.html,"IPOs in India - FY24
        
        The report includes an analysis of the IPOs of companies which got listed between 1 April 2023 to 31 March 2024.
        
          Read morechevron_right",https://kpmg.com/in/en/insights/2024/07/ipos-in-india-fy24.html,,
1744287928-278,https://kpmg.com/in/en/insights.html,"The new frontier in real estate investment
        
        Unlocking the potential through fractional ownership
        
          Read morechevron_right",https://kpmg.com/in/en/insights/2024/07/the-new-frontier-in-real-estate-investment.html,,
1744287928-279,https://kpmg.com/in/en/insights.html,"Heritage tourism as a tool for sustainable tourism - Preservation for development
        
        The report attempts to present an analysis of heritage as a niche tourism sector within the creative industry.
        
          Read morechevron_right",https://kpmg.com/in/en/insights/2024/07/heritage-tourism-as-a-tool-for-sustainable-tourism-preservation-for-development.html,,
1744287928-280,https://kpmg.com/in/en/insights.html,"Steering climate risk: Bringing banks on board
        
        Companies worldwide are assessing climate change risks, including the banking and financial services sector.
        
          Read morechevron_right",https://kpmg.com/in/en/blogs/2024/07/steering-climate-risk-bringing-banks-on-board.html,,
1744287928-281,https://kpmg.com/in/en/insights.html,"Evolution of 6G Landscape
        
        6G represents more than just a technological milestone; it signifies a paradigm shift in how we envision connectivity, innovation, and progress.
        
          Read morechevron_right",https://kpmg.com/in/en/blogs/2024/07/evolution-of-6g-landscape.html,,
1744287928-282,https://kpmg.com/in/en/insights.html,"Renewable Energy
        
        A new paradigm for Sustainability & Growth in Agriculture
        
          Read morechevron_right",https://kpmg.com/in/en/blogs/2024/07/renewable-energy.html,,
1744287928-283,https://kpmg.com/in/en/insights.html,"Money Mules: FinCrime’s Trojan Horse Unveiled
        
        Originating from the ancient Trojan deception, money mules embody a modern-day Trojan horse strategy, navigating through digital financial systems.
        
          Read morechevron_right",https://kpmg.com/in/en/insights/2024/07/money-mules-fincrimes-trojan-horse-unveiled.html,,
1744287928-284,https://kpmg.com/in/en/insights.html,"Key financial reporting updates for the quarter ended 30 June 2024
        
        In this session of the Voices on Reporting webinar, we are discussing key financial updates for the quarter ended 30 June 2024
        
          Read morechevron_right",https://kpmg.com/in/en/insights/2024/07/vor-key-financial-reporting-updates-for-the-quarter-ended-30-june-2024.html,,
1744287928-285,https://kpmg.com/in/en/insights.html,"Issue no. 95 | June 2024
        
        This edition of AAU discusses the need for companies to carefully evaluate their net-zero commitments to determine appropriate financial reporting actions
        
          Read morechevron_right",https://kpmg.com/in/en/insights/2024/06/aau-accounting-and-auditing-update-june-2024.html,,
1744287928-286,https://kpmg.com/in/en/insights.html,"India’s dedicated freight corridors
        
        How are these transforming the logistics network?
        
          Read morechevron_right",https://kpmg.com/in/en/blogs/2024/06/indias-dedicated-freight-corridors.html,,
1744287928-287,https://kpmg.com/in/en/insights.html,"One District One Product (ODOP)
        
        How is this scheme building an Atmanirbhar economy?
        
          Read morechevron_right",https://kpmg.com/in/en/blogs/2024/06/one-district-one-product-odop.html,,
1744287928-288,https://kpmg.com/in/en/insights.html,"Trends in Education and Skill Development sector
        
        Re-think the learning environment
        
          Read morechevron_right",https://kpmg.com/in/en/blogs/2024/06/trends-in-education-and-skill-development-sector.html,,
1744287928-289,https://kpmg.com/in/en/insights.html,"Review of Advertising Claims
        
        A report focusing on regulatory provisions governing advertising claims
        
          Read morechevron_right",https://kpmg.com/in/en/insights/2024/06/review-of-advertising-claims.html,,
1744287928-290,https://kpmg.com/in/en/insights.html,"SEBI proposes amendments to BRSR Core assurance and value chain requirements
        
        The First Notes provides an overview of the recent proposals relating to BRSR Core assurance and value chain requirements.
        
          Read morechevron_right",https://kpmg.com/in/en/insights/2024/06/firstnotes-sebi-proposes-amendments-to-brsr-core-assurance-and-value-chain-requirements.html,,
1744287928-291,https://kpmg.com/in/en/insights.html,"Private placement of securities – need for caution
        
        Non-compliance with statutory provisions may derail the fund raising exercise
        
          Read morechevron_right",https://kpmg.com/in/en/insights/2024/06/private-placement-of-securities-need-for-caution.html,,
1744287928-292,https://kpmg.com/in/en/insights.html,"Telco to techco
        
        The transformation of traditional telecommunications companies (telcos) into more technology-focused and innovative businesses
        
          Read morechevron_right",https://kpmg.com/in/en/insights/2024/09/telco-to-techco.html,,
1744287928-293,https://kpmg.com/in/en/insights.html,"Evolving frauds in the consumer markets sector
        
        Voice of clients
        
          Read morechevron_right",https://kpmg.com/in/en/insights/2024/06/evolving-frauds-in-the-consumer-markets-sector.html,,
1744287928-294,https://kpmg.com/in/en/insights.html,"India’s semiconductor ambitions: How to move up the value chain?
        
        With a strong focus on becoming a global semiconductor hub, India aims to establish a robust presence across the chip value chain.
        
          Read morechevron_right",https://kpmg.com/in/en/blogs/2024/06/indias-semiconductor-ambitions-how-to-move-up-the-value-chain.html,,
1744287928-295,https://kpmg.com/in/en/insights.html,"Voice on Reporting - Archive
        
        KPMG in India is pleased to present Voices on Reporting – a monthly series of knowledge sharing calls to discuss current and emerging issues
        
          Read morechevron_right",https://kpmg.com/in/en/insights/2021/04/voice-on-reporting-archive.html,,
1744287928-296,https://kpmg.com/in/en/insights.html,"Issue no. 94 | May 2024
        
        This edition of Accounting and Auditing Update (AAU) discusses few issues related to revenue recognition for an online gaming sector
        
          Read morechevron_right",https://kpmg.com/in/en/insights/2024/05/aau-accounting-and-auditing-update-may-2024.html,,
1744287928-297,https://kpmg.com/in/en/insights.html,"GCCs in India: Building resilience for sustainable growth
        
        As GCCs continue to build, innovate and scale, they are also equipping themselves to navigate through a dynamic landscape.
        
          Read morechevron_right",https://kpmg.com/in/en/insights/2024/05/gccs-in-india-building-resilience-for-sustainable-growth.html,,
1744287928-298,https://kpmg.com/in/en/insights.html,"Talent Feasibility Study in India
        
        Mapping India's Talent Landscape: A Strategic Blueprint for Office Locations
        
          Read morechevron_right",https://kpmg.com/in/en/insights/2024/05/talent-feasibility-study-in-india.html,,
1744287928-299,https://kpmg.com/in/en/insights.html,"Decoding India's Economic Growth
        
        India's economic rise: A report highlighting the country's growth momentum, government initiatives and future projections
        
          Read morechevron_right",https://kpmg.com/in/en/insights/2024/05/decoding-indias-economic-growth.html,,
1744287928-300,https://kpmg.com/in/en/insights.html,"Annual updates publication March 2024
        
        Summary of key updates for the year ended 31 March 2024 from SEBI, MCA, RBI, ICAI, NFRA and IRDAI
        
          Read morechevron_right",https://kpmg.com/in/en/insights/2024/05/vor-annual-updates-publication-march-2024.html,,
1744287928-301,https://kpmg.com/in/en/insights.html,"Forging a sustainable future: Trends in India’s metal and mining sector
        
        There is growing consciousness in the metal and mining sector, boosting sustainable practices
        
          Read morechevron_right",https://kpmg.com/in/en/blogs/2024/05/forging-a-sustainable-future-trends-in-indias-metal-and-mining-sector.html,,
1744287928-302,https://kpmg.com/in/en/insights.html,"Leadership development programmes: Vitamins or pain killers?
        
        Exploring leadership development, using the vitamins vs. painkillers analogy and advocating for personalised approaches to cultivate impactful leaders
        
          Read morechevron_right",https://kpmg.com/in/en/blogs/2024/05/leadership-development-programmes-vitamins-or-pain-killers.html,,
1744287928-303,https://kpmg.com/in/en/insights.html,"The real estate outlook: What to expect in 2024
        
        Indian Real Estate: The desire for homeownership remains undeterred among consumers, as residential sales continue to breach previous highs.
        
          Read morechevron_right",https://kpmg.com/in/en/blogs/2024/05/the-real-estate-outlook-what-to-expect-in-2024.html,,
1744287928-304,https://kpmg.com/in/en/insights.html,"Crafting compelling narratives for project mastery
        
        Storytelling with data aids project managers by providing clarity, accessibility and emotional impact, to drive stakeholder buy-in and project success
        
          Read morechevron_right",https://kpmg.com/in/en/blogs/2024/05/crafting-compelling-narratives-for-project-mastery.html,,
1744287928-305,https://kpmg.com/in/en/insights.html,"Navigating the path to a sustainable supply chain
        
        In an effort to reduce their carbon footprint and achieve net-zero goals, firms are adopting sustainable supply chains by leveraging technology
        
          Read morechevron_right",https://kpmg.com/in/en/blogs/2024/05/navigating-the-path-to-a-sustainable-supply-chain.html,,
1744287928-306,https://kpmg.com/in/en/insights.html,"Developing Resilient ESG Business Models
        
        Strategies like leadership commitment, ESG innovation and sustainable reporting are being deployed by firms to reduce risks and boost brand reputation
        
          Read morechevron_right",https://kpmg.com/in/en/blogs/2024/05/developing-resilient-esg-business-models.html,,
1744287928-307,https://kpmg.com/in/en/insights.html,"Harnessing Technology for ESG Transformation
        
        Digital technologies can not only help enhance ESG performance, but also drive meaningful change at scale
        
          Read morechevron_right",https://kpmg.com/in/en/blogs/2024/05/harnessing-technology-for-esg-transformation.html,,
1744287928-308,https://kpmg.com/in/en/insights.html,"Cultivating lasting positive impact through ESG in India
        
        It is imperative that businesses recognise the significance of creating lasting positive impact beyond profit margins
        
          Read morechevron_right",https://kpmg.com/in/en/blogs/2024/05/cultivating-lasting-positive-impact-through-esg-in-india.html,,
1744287928-309,https://kpmg.com/in/en/insights.html,"Sustainability in tourism - Reimagining India’s sustainable tourism evolution
        
        This report highlights the necessity for integrating sustainability across all tourism activities to ensure the sector's resilience and responsibility
        
          Read morechevron_right",https://kpmg.com/in/en/insights/2024/03/sustainability-in-tourism-reimagining-indias-sustainable-tourism-evolution.html,,
1744287928-310,https://kpmg.com/in/en/insights.html,"Labour codes: Accelerating India’s Labour Law Revolution
        
        India’s economic landscape has been undergoing significant transformations, driven by technological advancements, globalization...
        
          Read morechevron_right",https://kpmg.com/in/en/blogs/2024/05/labour-codes-accelerating-indias-labour-law-revolution.html,,
1744287928-311,https://kpmg.com/in/en/insights.html,"Delivering gender responsive social protection for migrants and urban poor
        
        The report offers gender responsive and inclusive approaches for strengthening social protection delivery, especially for migrants and urban poor.

        
          Read morechevron_right",https://kpmg.com/in/en/insights/2024/05/delivering-gender-responsive-social-protection-for-migrants-and-urban-poor.html,,
1744287928-312,https://kpmg.com/in/en/insights.html,"The best a brand can be
        
        Building Sustainable Brands
        
          Read morechevron_right",https://kpmg.com/in/en/blogs/2024/04/the-best-a-brand-can-be.html,,
1744287928-313,https://kpmg.com/in/en/insights.html,"5G Networks: Safeguarding the Future
        
        Safeguarding 5G networks has become imperative to establish “Digital Trust”
        
          Read morechevron_right",https://kpmg.com/in/en/blogs/2024/04/5g-networks-safeguarding-the-future.html,,
1744287928-314,https://kpmg.com/in/en/insights.html,"Issue no. 93 | April 2024
        
        Monthly publication that covers emerging accounting and financial reporting topics and regulatory updates relevant for companies in India.
        
          Read morechevron_right",https://kpmg.com/in/en/insights/2024/04/aau-accounting-and-auditing-update-april-2024.html,,
1744287928-315,https://kpmg.com/in/en/insights.html,"ICS Threat Landscape - 2024
        
        Industrial control system (ICS) or operational technology (OT) threat landscape and understanding of the way forward
        
          Read morechevron_right",https://kpmg.com/in/en/insights/2024/04/ics-threat-landscape-2024.html,,
1744287928-316,https://kpmg.com/in/en/insights.html,"Women leadership in corporate India 2024
        
        The report examines the current landscape of women in leadership across various sectors in India, exploring their ambitions and obstacles
        
          Read morechevron_right",https://kpmg.com/in/en/insights/2024/04/women-leadership-in-corporate-india-2024.html,,
1744287928-317,https://kpmg.com/in/en/insights.html,"Earth Day: AI though imperative for actioning ESG Goals must also be made sustainable
        
        One cannot, but emphasize the importance of corporates as one of the frontrunners in the global fight against climate change
        
          Read morechevron_right",https://kpmg.com/in/en/blogs/2024/04/earth-day-ai-though-imperative-for-actioning-esg-goals-must-also-be-made-sustainable.html,,
1744287928-318,https://kpmg.com/in/en/insights.html,"India strides towards faster EV adoption
        
        Considering the ambitious target set by NITI Aayog for achieving 30% EV penetration in India by 2030
        
          Read morechevron_right",https://kpmg.com/in/en/blogs/2024/04/india-strides-towards-faster-ev-adoption.html,,
1744287928-319,https://kpmg.com/in/en/insights.html,"ESG roundtable - GCCs enabling pathways to meet ESG goals
        
        ESG factors are crucial for businesses today, shaping their reputation, risk management, and long-term sustainability.
        
          Read morechevron_right",https://kpmg.com/in/en/insights/2024/02/esg-conclave-and-awards-2024/esg-roundtable-gccs-enabling-pathways-to-meet-esg-goals.html,,
1744287928-320,https://kpmg.com/in/en/insights.html,"Powering tomorrow - Navigating the energy transition
        
        Exploring the shift towards sustainable energy sources and a greener future
        
          Read morechevron_right",https://kpmg.com/in/en/insights/2024/02/esg-conclave-and-awards-2024/esg-voices-anish-de.html,,
1744287928-321,https://kpmg.com/in/en/insights.html,"Eco-forward Supply Chains
        
        Revolutionising global commerce through sustainable sourcing and distribution practices
        
          Read morechevron_right",https://kpmg.com/in/en/insights/2024/02/esg-conclave-and-awards-2024/esg-voices-satish-s.html,,
1744287928-322,https://kpmg.com/in/en/insights.html,"Harnessing technology for creating sustainable impact
        
        Exploring digital solutions to address ESG challenges
        
          Read morechevron_right",https://kpmg.com/in/en/insights/2024/02/esg-conclave-and-awards-2024/esg-voices-ganapathy-vs.html,,
1744287928-323,https://kpmg.com/in/en/insights.html,"Above and beyond the bottom line
        
        ESG is the new watermark for value creation
        
          Read morechevron_right",https://kpmg.com/in/en/insights/2024/02/esg-conclave-and-awards-2024/esg-voices-karan-marwah.html,,
1744287928-324,https://kpmg.com/in/en/insights.html,"Greenwashing - Navigating the Risks
        
        Setting principles of good practice in governance, disclosure, and due diligence
        
          Read morechevron_right",https://kpmg.com/in/en/insights/2024/02/esg-conclave-and-awards-2024/esg-voices-mohit-bahl.html,,
1744287928-325,https://kpmg.com/in/en/insights.html,"Diverse perspectives, Inclusive future
        
        Fostering equity and empowerment through ESG practices
        
          Read morechevron_right",https://kpmg.com/in/en/insights/2024/02/esg-conclave-and-awards-2024/esg-voices-naveen-aggarwal.html,,
1744287928-326,https://kpmg.com/in/en/insights.html,"IPOs in India
        
        The report includes analysis of the IPOs of companies which got listed between 01 April 2023 to 31 December 2023.
        
          Read morechevron_right",https://kpmg.com/in/en/insights/2024/04/ipos-in-india.html,,
1744287928-327,https://kpmg.com/in/en/insights.html,"India’s Web3 Landscape Report 2023
        
        The report explores the direct and Indirect tax complexities in web3 domain
        
          Read morechevron_right",https://kpmg.com/in/en/insights/2024/04/indias-web3-landscape-report-2023.html,,
1744287928-328,https://kpmg.com/in/en/insights.html,"Illustrative Ind AS consolidated financial statements
        
        The publication is expected to assist in preparation of consolidated financial statements under Ind AS for the year ended 31 March 2024.
        
          Read morechevron_right",https://kpmg.com/in/en/insights/2024/03/illustrative-ind-as-consolidated-financial-statements.html,,
1744287928-329,https://kpmg.com/in/en/insights.html,"First Notes
        
        This issue of First Notes aims to provide an overview of the key aspects discussed key changes in BRSR reporting issued by SEBI
        
          Read morechevron_right",https://kpmg.com/in/en/insights/2021/04/first-notes-home.html,,
1744287928-330,https://kpmg.com/in/en/insights.html,"Voice on Reporting
        
        Quarterly updates publication August 2024
        
          Read morechevron_right",https://kpmg.com/in/en/insights/2021/04/voice-on-reporting-home.html,,
1744287928-331,https://kpmg.com/in/en/insights.html,"Accounting and Auditing Update
        
        Issue no. 96 | July 2024
        
          Read morechevron_right",https://kpmg.com/in/en/insights/2021/04/aau-home.html,,
1744287928-332,https://kpmg.com/in/en/insights.html,"GenAI in banking
        
        How the revolutionary AI technology is seeping deep into India's financial sector

        
          Read morechevron_right",https://kpmg.com/in/en/blogs/2024/03/genai-in-banking.html,,
1744287928-333,https://kpmg.com/in/en/insights.html,"Key financial reporting updates for the quarter ended 31 March 2024
        
        In this session of the Voices on Reporting webinar, we are discussing key financial updates for the quarter ended 1 March 2024
        
          Read morechevron_right",https://kpmg.com/in/en/insights/2024/03/vor-key-financial-reporting-updates-for-quarter-ended-31-march-2024.html,,
1744287928-334,https://kpmg.com/in/en/insights.html,"Issue no. 92 | March 2024
        
        Monthly publication that covers emerging accounting and financial reporting topics and regulatory updates relevant for companies in India
        
          Read morechevron_right",https://kpmg.com/in/en/insights/2024/03/aau-accounting-and-auditing-update-march-2024.html,,
1744287928-335,https://kpmg.com/in/en/insights.html,"Unlocking the potential of bike-taxis in India
        
        Bike-taxi landscape in India and structural developments to enhance their role in India’s mobility sector
        
          Read morechevron_right",https://kpmg.com/in/en/insights/2024/03/unlocking-the-potential-of-bike-taxis-in-india.html,,
1744287928-336,https://kpmg.com/in/en/insights.html,"Strategic imperatives for Indian IM CEOs based on 2024 Outlook
        
        Digital transformation and ESG are emerging as priorities for industrial manufacturing firms' CEOs
        
          Read morechevron_right",https://kpmg.com/in/en/blogs/2024/03/strategic-imperatives-for-indian-im-ceos-based-on-2024-outlook.html,,
1744287928-337,https://kpmg.com/in/en/insights.html,"Foreign Direct Investment in Indian space sector
        
        Point of view on a press release by the Indian Government, on updated foreign direct investment (FDI) thresholds in the space sector in India.
        
          Read morechevron_right",https://kpmg.com/in/en/insights/2024/03/foreign-direct-investment-in-indian-space-sector.html,,
1744287928-338,https://kpmg.com/in/en/insights.html,"Navigating the new regulatory terrain
        
        The Department of Pharmaceuticals has notified the Uniform Code for Pharmaceutical Marketing Practices 2024 to all Pharmaceutical Associations.
        
          Read morechevron_right",https://kpmg.com/in/en/insights/2024/03/navigating-the-new-regulatory-terrain.html,,
1744287928-339,https://kpmg.com/in/en/insights.html,"KPMG Insights Edge
        
        Access KPMG in India’s insights, research reports and publications on the go
        
          Read morechevron_right",https://kpmg.com/in/en/insights/2024/01/kpmg-insights-edge-mobile-application.html,,
1744287928-340,https://kpmg.com/in/en/insights.html,"Three New Criminal Laws
        
        The Indian Home Ministry announced the enactment of three new criminal laws, effective July 1, 2024
        
          Read morechevron_right",https://kpmg.com/in/en/insights/2024/03/three-new-criminal-laws.html,,
1744287928-341,https://kpmg.com/in/en/insights.html,"SatCom services: The next leg of India’s telecommunication boom
        
        A strong economic growth momentum, despite the global headwinds, has placed India in a favourable position
        
          Read morechevron_right",https://kpmg.com/in/en/blogs/2024/03/satcom-services-the-next-leg-of-indias-telecommunication-boom.html,,
1744287928-342,https://kpmg.com/in/en/insights.html,"A Board’s Role in Sustainable Governance
        
        Strategies for effective ESG integration and decision making
        
          Read morechevron_right",https://kpmg.com/in/en/insights/2024/02/esg-conclave-and-awards-2024/esg-voices-manoj-kumar-vijai.html,,
1744287928-343,https://kpmg.com/in/en/insights.html,"Building Sustainable Brands
        
        Integrating ESG commitments to propel organisational impact
        
          Read morechevron_right",https://kpmg.com/in/en/insights/2024/02/esg-conclave-and-awards-2024/esg-voices-nikhil-sethi.html,,
1744287928-344,https://kpmg.com/in/en/insights.html,"Time to Act Now: ESG in Metals and Mining
        
        The relevance of integrating ESG and sustainability in the Metals and Mining sector as bold actions are needed to achieve net zero aspirations
        
          Read morechevron_right",https://kpmg.com/in/en/insights/2024/03/time-to-act-now-esg-in-metals-and-mining.html,,
1744287928-345,https://kpmg.com/in/en/insights.html,"ESG roundtable on creating sustainable brands
        
        The definition of corporate success is undergoing a significant transformation.
        
          Read morechevron_right",https://kpmg.com/in/en/insights/2024/02/esg-conclave-and-awards-2024/esg-roundtable-on-creating-sustainable-brands.html,,
1744287928-346,https://kpmg.com/in/en/insights.html,"ESG as a Watermark Within Operations
        
        Role of efficient operations to drive ESG transformation
        
          Read morechevron_right",https://kpmg.com/in/en/insights/2024/02/esg-conclave-and-awards-2024/esg-voices-manuj-ohri.html,,
1744287928-347,https://kpmg.com/in/en/insights.html,"A Global Call to Action
        
        Why ESG initiatives are crucial now more than ever
        
          Read morechevron_right",https://kpmg.com/in/en/insights/2024/02/esg-conclave-and-awards-2024/esg-voices-namrata-rana.html,,
1744287928-348,https://kpmg.com/in/en/insights.html,"Empowering Minds: The vital role of education in society
        
        Unlocking the potential through lifelong learning
        
          Read morechevron_right",https://kpmg.com/in/en/insights/2024/02/esg-conclave-and-awards-2024/esg-voices-ira-gupta-tuteja.html,,
1744287928-349,https://kpmg.com/in/en/insights.html,"Navigating ESG: Crafting sustainable strategies for business success
        
        Choosing wisely and driving impact in a changing world
        
          Read morechevron_right",https://kpmg.com/in/en/insights/2024/02/esg-conclave-and-awards-2024/esg-voices-ritesh-tiwari.html,,
1744287928-350,https://kpmg.com/in/en/insights.html,"Tech-Driven ESG: Transforming the digital fabric of organisations
        
        Harnessing digital innovation for a greener, more inclusive future
        
          Read morechevron_right",https://kpmg.com/in/en/insights/2024/02/esg-conclave-and-awards-2024/esg-voices-sushant-rabra.html,,
1744287928-351,https://kpmg.com/in/en/insights.html,"Sustainability in Action: Building resilient businesses
        
        Navigating risks, embracing purpose, and shaping a sustainable future
        
          Read morechevron_right",https://kpmg.com/in/en/insights/2024/02/esg-conclave-and-awards-2024/esg-voices-nitin-atroley.html,,
1744287928-352,https://kpmg.com/in/en/insights.html,"Transforming location into vacation - A report on film tourism
        
        The report emphasises the need for India to leverage its abundant cinematic heritage to position itself as a leading film tourism destination.
        
          Read morechevron_right",https://kpmg.com/in/en/insights/2024/03/transforming-location-into-vacation-a-report-on-film-tourism.html,,
1744287928-353,https://kpmg.com/in/en/insights.html,"Issue no. 91 | February 2024
        
        Monthly publication that covers emerging accounting and financial reporting topics and regulatory updates relevant for companies in India.
        
          Read morechevron_right",https://kpmg.com/in/en/insights/2024/02/aau-accounting-and-auditing-update-february-2024.html,,
1744287928-354,https://kpmg.com/in/en/insights.html,"Achieving seamless commerce in India
        
        How retailers in India can transform their seamless strategies.
        
          Read morechevron_right",https://kpmg.com/in/en/insights/2024/02/achieving-seamless-commerce-in-india.html,,
1744287928-355,https://kpmg.com/in/en/insights.html,"ESG Conclave and Awards 2024
        
        ESG Conclave and Awards 2024
        
          Read morechevron_right",https://kpmg.com/in/en/insights/2024/02/esg-conclave-and-awards-2024.html,,
1744287928-356,https://kpmg.com/in/en/insights.html,"Changing tides of the Pune automotive industry
        
        Impact of current trends in the auto sector, opportunities arising therefrom, challenges faced by suppliers and support required by MSMEs in Pune
        
          Read morechevron_right",https://kpmg.com/in/en/insights/2024/02/changing-tides-of-the-pune-automotive-industry.html,,
1744287928-357,https://kpmg.com/in/en/insights.html,"Stricter UBO disclosure norms for FPIs
        
        Sebi has observed each investor entity in FPI may be below threshold prescribed and hence no natural person could get identified as UBO of several FPI
        
          Read morechevron_right",https://kpmg.com/in/en/blogs/2024/02/stricter-ubo-disclosure-norms-for-fpis.html,,
1744287928-358,https://kpmg.com/in/en/insights.html,"GCCs poised to play a key role in the global ESG agenda
        
        Incorporating ESG considerations into corporate strategies have become increasingly apparent, and GCCs can play a pivotal role in this journey.
        
          Read morechevron_right",https://kpmg.com/in/en/blogs/2024/02/gccs-poised-to-play-a-key-role-in-the-global-esg-agenda.html,,
1744287928-359,https://kpmg.com/in/en/insights.html,"Navigating disruptions: The supply chain outlook for 2024
        
        As data generation accelerates, with millions of dynamic datasets proliferating across the supply chain landscape

        
          Read morechevron_right",https://kpmg.com/in/en/blogs/2024/02/navigating-disruptions-the-supply-chain-outlook-for-2024.html,,
1744287928-360,https://kpmg.com/in/en/insights.html,"NBFCs in India: Growth and stability
        
        Comprehensive understanding of demographics with target markets, customized offerings and impactful reach – key reasons for growth of NBFCs in India.
        
          Read morechevron_right",https://kpmg.com/in/en/insights/2024/02/nbfcs-in-india-growth-and-stability.html,,
1744287928-361,https://kpmg.com/in/en/insights.html,"Hybrid SOC operations transformation
        
        The key to achieving force multiplier in cyber defence. 
        
          Read morechevron_right",https://kpmg.com/in/en/blogs/2024/02/hybrid-soc-operations-transformation.html,,
1744287928-362,https://kpmg.com/in/en/insights.html,"KPMG Private Enterprise Global Tech Innovator Competition 2024
        
        Making a difference in the world, one innovation at a time
        
          Read morechevron_right",https://kpmg.com/in/en/insights/2024/05/global-tech-innovator-india.html,,
1744287928-363,https://kpmg.com/in/en/insights.html,"Exploring Global Best Practices in Satellite Communications: Lessons for India
        
        Several countries have successfully implemented public-private partnerships (PPPs) to enhance their satellite communication capabilities
        
          Read morechevron_right",https://kpmg.com/in/en/blogs/2024/02/exploring-global-best-practices-in-satellite-communications-lessons-for-india.html,,
1744287928-364,https://kpmg.com/in/en/insights.html,"Navigating the dynamics of real estate in India
        
        The growth of India's real estate sector is propelled by government initiatives, sustainability, technology integration and rising investments.
        
          Read morechevron_right",https://kpmg.com/in/en/insights/2024/02/navigating-the-dynamics-of-real-estate-in-india.html,,
1744287928-365,https://kpmg.com/in/en/insights.html,"Issue no. 90 | January 2024
        
        Monthly publication that covers emerging accounting and financial reporting topics and regulatory updates relevant for companies in India. 
        
          Read morechevron_right",https://kpmg.com/in/en/insights/2024/01/aau-accounting-and-auditing-update-january-2024.html,,
1744287928-366,https://kpmg.com/in/en/insights.html,"Extending concessional corporate tax rate: A significant boost for India’s manufacturing ecosystem
        
        India has been actively fostering the expansion of the manufacturing industry as a crucial catalyst for the economy and at par with global peers.
        
          Read morechevron_right",https://kpmg.com/in/en/blogs/2024/01/extending-concessional-corporate-tax-rate-a-significant-boost-for-indias-manufacturing-ecosystem.html,,
1744287928-367,https://kpmg.com/in/en/insights.html,"Voice on Reporting – Quarterly updates publication December 2023
        
        Summary of key updates for the quarter ended 31 December 2023 from SEBI, MCA, RBI and ICAI
        
          Read morechevron_right",https://kpmg.com/in/en/insights/2024/01/vor-quarterly-updates-publication-december-2023.html,,
1744287928-368,https://kpmg.com/in/en/insights.html,"Reimagine digital trust in capital markets
        
        Strategies to reinforce digital trust and thereby investor trust in capital markets witnessing exponential growth and rise in retail participation.
        
          Read morechevron_right",https://kpmg.com/in/en/insights/2024/01/reimagine-digital-trust-in-capital-markets.html,,
1744287928-369,https://kpmg.com/in/en/insights.html,"Chemicals value chain transition
        
        The Indian Chemicals Industry is on a transformative path impacted by ESG, globalisation and innovation
        
          Read morechevron_right",https://kpmg.com/in/en/insights/2024/01/chemicals-value-chain-transition.html,,
1744287928-370,https://kpmg.com/in/en/insights.html,"AI and climate are rewriting the rules of business!
        
        For indian companies that are leading the agenda on a global stage five key strategies are emerging from the discussions at davos.
        
          Read morechevron_right",https://kpmg.com/in/en/blogs/2024/01/ai-and-climate-are-rewriting-the-rules-of-business.html,,
1744287928-371,https://kpmg.com/in/en/insights.html,"Building blueprints of tomorrow – Emerging themes
        
        This knowledge paper will provide a perspective around the 6 key themes which will predominantly prevail in the infrastructure and construction sector
        
          Read morechevron_right",https://kpmg.com/in/en/insights/2024/01/building-blueprints-of-tomorrow-emerging-themes.html,,
1744287928-372,https://kpmg.com/in/en/insights.html,"Semiconductor: The new driver of geopolitical balance
        
        Semiconductors stand as the linchpin of a modern technological landscape, across a myriad of industries, from automobiles to aerospace, defence.
        
          Read morechevron_right",https://kpmg.com/in/en/blogs/2024/01/semiconductor-the-new-driver-of-geopolitical-balance.html,,
1744287928-373,https://kpmg.com/in/en/insights.html,"How can India achieve USD1 trillion in exports: Decoding the roadmap
        
        The momentous rise in service exports has been at the crux of India’s post-pandemic resilient economic push.
        
          Read morechevron_right",https://kpmg.com/in/en/blogs/2024/01/how-can-india-achieve-usd1-trillion-in-exports-decoding-the-roadmap.html,,
1744287928-374,https://kpmg.com/in/en/insights.html,"Delhi NCR – On a growth pedestal
        
        Delhi NCR today is a true definition of a place having a mix of everything, from ethnicity to diversity and everything in between.
        
          Read morechevron_right",https://kpmg.com/in/en/blogs/2024/01/delhi-ncr-on-a-growth-pedestal.html,,
1744287928-375,https://kpmg.com/in/en/insights.html,"Dark Patterns and its impact in the digital world
        
        Amid a rise in online shopping and an increase in the number of internet users, deceptive strategies have been potentially used by certain e-commerce.


        
          Read morechevron_right",https://kpmg.com/in/en/blogs/2023/12/dark-patterns-and-its-impact-in-the-digital-world.html,,
1744287928-376,https://kpmg.com/in/en/insights.html,"Issue no. 89 | December 2023
        
        Monthly publication that covers emerging accounting and financial reporting topics and regulatory updates relevant for companies in India. 
        
          Read morechevron_right",https://kpmg.com/in/en/insights/2023/12/aau-accounting-and-auditing-update-december-2023.html,,
1744287928-377,https://kpmg.com/in/en/insights.html,"Safeguarding your Software Supply Chain Landscape
        
        Insights into the evolving Software Supply Chain Security (SSCS) risks and safeguarding SSCS landscape
        
          Read morechevron_right",https://kpmg.com/in/en/insights/2023/12/safeguarding-your-software-supply-chain-landscape.html,,
1744287928-378,https://kpmg.com/in/en/insights.html,"Key financial reporting updates for the quarter
        
        In this session of the Voices on Reporting webinar, we have discussed following key updates.
        
          Read morechevron_right",https://kpmg.com/in/en/insights/2023/12/vor-key-financial-reporting-updates-for-quarter-ended-31-december-2023.html,,
1744287928-379,https://kpmg.com/in/en/insights.html,"Secure in India 2023
        
        GCC empowered global cybersecurity and digital risk management
        
          Read morechevron_right",https://kpmg.com/in/en/insights/2023/12/secure-in-india-2023.html,,
1744287928-380,https://kpmg.com/in/en/insights.html,"Powering Profit enhancement in Cement sector through Digital Accelerators
        
        The article highlights the crucial role of digital accelerators in revolutionising cement manufacturing.


        
          Read morechevron_right",https://kpmg.com/in/en/blogs/2023/12/powering-profit-enhancement-in-cement-sector-through-digital-accelerators.html,,
1744287928-381,https://kpmg.com/in/en/insights.html,"Partial denotification of IT/ITeS SEZs – a welcome move
        
        The proposed amendment would bring in the much-awaited relief to Real estate developers as well as to companies.
        
          Read morechevron_right",https://kpmg.com/in/en/blogs/2023/12/partial-denotification-of-it-ites-sezs-a-welcome-move.html,,
1744287928-382,https://kpmg.com/in/en/insights.html,"The Climate-Food Nexus: Balancing the Plate in a Warming World
        
        Every year the venue of the Conference of Parties (COP) is thronged by a discernable sea of climate enthusiasts
        
          Read morechevron_right",https://kpmg.com/in/en/blogs/2023/12/climate-food-nexus-balancing-the-plate-in-a-warming-world.html,,
1744287928-383,https://kpmg.com/in/en/insights.html,"Innovating for tomorrow! How CIOs can shape the future today
        
        In the ever-evolving landscape of technology, CIOs and CTOs find themselves at the forefront of a digital revolution.
        
          Read morechevron_right",https://kpmg.com/in/en/blogs/2023/11/innovating-for-tomorrow-how-cios-can-shape-the-future-today.html,,
1744287928-384,https://kpmg.com/in/en/insights.html,"Navigating Market Risk: Insights into US NPR
        
        Addressing US NPR implementation challenges for Market Risk
        
          Read morechevron_right",https://kpmg.com/in/en/insights/2023/12/navigating-market-risk-insights-into-us-npr.html,,
1744287928-385,https://kpmg.com/in/en/insights.html,"Hiring - Capture the flag
        
        Persistence, perseverance and glory | Capture the flag 2023 is back | Win your spot among the cyber security ninjas!
        
          Read morechevron_right",https://kpmg.com/in/en/insights/2023/12/hiring-capture-the-flag.html,,
1744287928-386,https://kpmg.com/in/en/insights.html,"Why ESG is a value driver for building customer relationships, brand reputation and M&A strategy
        
        ESG will serve as a value driver in building customer relationships, brand reputation, and M&A strategy.
        
          Read morechevron_right",https://kpmg.com/in/en/blogs/2023/11/why-esg-is-a-value-driver-for-building-customer-relationships.html,,
1744287928-387,https://kpmg.com/in/en/insights.html,"NRIs take note: Is the mandatory linking of PAN and Aadhaar applicable for you?
        
        Government has made linking of Permanent Account Number (‘PAN’) of an individual with their Aadhaar number mandatory.
        
          Read morechevron_right",https://kpmg.com/in/en/blogs/2023/11/nri-take-note-mandatory-linking-of-pan-and-aadhaar.html,,
1744287928-388,https://kpmg.com/in/en/insights.html,"Issue no. 88 | November 2023
        
        Monthly publication that covers emerging accounting and financial reporting topics and regulatory updates relevant for companies in India.
        
          Read morechevron_right",https://kpmg.com/in/en/insights/2023/11/aau-accounting-and-auditing-update-november-2023.html,,
1744287928-389,https://kpmg.com/in/en/insights.html,"COP28: Not either/or. We need everything, everywhere, all at once!
        
        Rising temperatures and changing monsoon rainfall patterns from climate change could cost India 2.8 per cent of GDP
        
          Read morechevron_right",https://kpmg.com/in/en/blogs/2023/11/cop28-not-either-or-we-need-everything.html,,
1744287928-390,https://kpmg.com/in/en/insights.html,"Three areas for CEOs to mull on as they look to attract and retain talent
        
        Flexible working; Inclusion, diversity and equity (or IDE); and Preparedness for digital transformation and ESG compliance.
        
          Read morechevron_right",https://kpmg.com/in/en/blogs/2023/11/three-areas-for-ceos-to-mull-on-as-they-look-to-attract-and-retain-talent.html,,
1744287928-391,https://kpmg.com/in/en/insights.html,"All of India is a stage for the world
        
        Globalisation has become inevitable today. Across sectors, Indian players have only been benefitted by the globalisation drive. 
        
          Read morechevron_right",https://kpmg.com/in/en/blogs/2023/11/all-of-india-is-a-stage-for-the-world.html,,
1744287928-392,https://kpmg.com/in/en/insights.html,"Generative AI: value, risk, and regulation
        
        Generative AI - An exclusive summary based on KPMG survey and analysis showcasing how leaders are approaching Generative AI.
        
          Read morechevron_right",https://kpmg.com/in/en/insights/2023/11/generative-ai-value-risk-and-regulation.html,,
1744287928-393,https://kpmg.com/in/en/insights.html,"GST on ‘Intermediary’ services: Need for more Mediation
        
        Intermediary services by Indian suppliers to their foreign principals are subjected to tax under GST. 
        
          Read morechevron_right",https://kpmg.com/in/en/blogs/2023/11/gst-on-intermediary-services-need-for-more-mediation.html,,
1744287928-394,https://kpmg.com/in/en/insights.html,"India needs triple helix++ model of innovation to accelerate energy transition
        
        India is currently undergoing a massive transition towards clean and renewable energy. 
        
          Read morechevron_right",https://kpmg.com/in/en/blogs/2023/11/india-needs-triple-helix-model-of-innovation-to-accelerate-energy-transition.html,,
1744287928-395,https://kpmg.com/in/en/insights.html,"Upholding Corporate Conscience: India’s Journey Towards Robust Fraud Prevention
        
        The landscape of corporate fraud is not only vast but also riddled with complexities.
        
          Read morechevron_right",https://kpmg.com/in/en/blogs/2023/11/upholding-corporate-conscience-india-journey-towards-robust-fraud-prevention.html,,
1744287928-396,https://kpmg.com/in/en/insights.html,"Third-party risk assessment questionnaires: Effective or outdated?
        
        A glimpse into the near future of questionnaires. 
        
          Read morechevron_right",https://kpmg.com/in/en/blogs/2023/11/third-party-risk-assessment-questionnaires-effective-or-outdated.html,,
1744287928-397,https://kpmg.com/in/en/insights.html,"Indian healthcare sector - investment trends to look for
        
        This document provides a quick read on emerging trends noted in the growing private equity and strategic investments in the Indian healthcare segment.
        
          Read morechevron_right",https://kpmg.com/in/en/insights/2023/11/indian-healthcare-sector-investment-trends-to-look-for.html,,
1744287928-398,https://kpmg.com/in/en/insights.html,"Sustainable real estate: An opportunity to leverage
        
        A study presenting multifaceted insights on how sustainable real estate practices are transforming the sector
        
          Read morechevron_right",https://kpmg.com/in/en/insights/2023/11/sustainable-real-estate-an-opportunity-to-leverage.html,,
1744287928-399,https://kpmg.com/in/en/insights.html,"Metals and exports: Leveraging India’s competitive advantage in global trade
        
        Metals are essential building blocks for a country’s infrastructure.
        
          Read morechevron_right",https://kpmg.com/in/en/blogs/2023/11/metals-and-exports-leveraging-indias-competitive-advantage-in-global-trade.html,,
1744287928-400,https://kpmg.com/in/en/insights.html,"Expanding tech horizons - Unlocking India’s digital potential
        
        This report serves as a guidepost for India’s digital transformation journey, offering insights that will shape India’s collective digital destiny.
        
          Read morechevron_right",https://kpmg.com/in/en/insights/2023/10/expanding-tech-horizons-unlocking-indias-digital-potential.html,,
1744287928-401,https://kpmg.com/in/en/insights.html,"Trust in AI
        
        Responsible AI is an approach to design, build and deploy AI systems in a safe, trustworthy and ethical manner
        
          Read morechevron_right",https://kpmg.com/in/en/insights/2023/10/trust-in-ai.html,,
1744287928-402,https://kpmg.com/in/en/insights.html,"Evolving frauds and profile of a fraudster in the consumer markets sector
        
        A summary of the key fraud threats in the consumer markets sector, the profile of the fraudster and the mitigating steps taken by organisations
        
          Read morechevron_right",https://kpmg.com/in/en/insights/2023/10/evolving-frauds-profile-of-fraudster-in-consumer-markets-sector.html,,
1744287928-403,https://kpmg.com/in/en/insights.html,"New Age Healthcare delivery Models in India: 20 plus models to redefine healthcare landscape
        
        Exploration of new-age healthcare models and the evolution of traditional healthcare delivery systems propelled by technological advancements.
        
          Read morechevron_right",https://kpmg.com/in/en/insights/2023/10/new-age-healthcare-delivery-models-in-india-20-plus-modes-to-redefine-healthcare-landscape.html,,
1744287928-404,https://kpmg.com/in/en/insights.html,"KPMG 2023 India CEO Outlook
        
        CEOs in India have witnessed a noteworthy change in their perception of risks affecting their organisation's growth.
        
          Read morechevron_right",https://kpmg.com/in/en/insights/2023/10/kpmg-2023-india-ceo-outlook.html,,
1744287928-405,https://kpmg.com/in/en/insights.html,"Modularity in aerospace and defence manufacturing
        
        Modularity in design and development of platforms and systems to respond to the evolving requirements of the A&D sector efficiently and effectively.
        
          Read morechevron_right",https://kpmg.com/in/en/insights/2023/10/modulatiry-in-aerospace-and-defence-manufacturing.html,,
1744287928-406,https://kpmg.com/in/en/insights.html,"Pivoting to Leadership: Re-imagining supply chains for India’s emergence as a credible alternative for global clean energy manufacturing
        
        Examining the opportunities for India to emerge as a credible alternative frontier for clean technology manufacturing
        
          Read morechevron_right",https://kpmg.com/in/en/insights/2023/10/re-imagining-supply-chains-for-indias-emergence-as-credible-alternative-for-global-clean-energy-manufacturing.html,,
1744287928-407,https://kpmg.com/in/en/insights.html,"Critical Minerals security: Path to Greener Future
        
        Critical minerals’ security is now featuring as a key strategic theme across regions, countries and for leading majors. 
        
          Read morechevron_right",https://kpmg.com/in/en/blogs/2023/11/critical-minerals-security-path-to-greener-future.html,,
1744287928-408,https://kpmg.com/in/en/insights.html,"Greening of the chemicals landscape
        
        The green wave in chemicals is coming and will soon be a tsunami
        
          Read morechevron_right",https://kpmg.com/in/en/blogs/2023/11/greening-of-the-chemicals-landscape.html,,
1744287928-409,https://kpmg.com/in/en/insights.html,"Gaming Revolution
        
        Unraveling the regulatory transformation in the online gaming industry
        
          Read morechevron_right",https://kpmg.com/in/en/insights/2023/09/gaming-revolution.html,,
1744287928-410,https://kpmg.com/in/en/insights.html,"4 Ways in which the G20 Declaration will accelerate ESG
        
        For SDG progress by 2030, the document highlights digital transformation, AI, data advances, and addressing digital divides.
        
          Read morechevron_right",https://kpmg.com/in/en/blogs/2023/09/4-ways-in-which-the-g20-declaration-will-accelerate-esg.html,,
1744287928-411,https://kpmg.com/in/en/insights.html,"User experience design in the digital world
        
        Digital experience design is crucial for businesses looking to create engaging, user-centric digital experiences that are intuitive, easy to use
        
          Read morechevron_right",https://kpmg.com/in/en/insights/2023/09/user-experience-design-in-digital-world.html,,
1744287928-412,https://kpmg.com/in/en/insights.html,"From Volume to Value - Fostering research and innovation in India's medical device industry
        
        The thought leadership looks at current state of medical device innovation in India.
        
          Read morechevron_right",https://kpmg.com/in/en/insights/2023/10/from-volume-to-value-forstering-research-and-innovation-in-indias-medical-device-industry.html,,
1744287928-413,https://kpmg.com/in/en/insights.html,"Decoding Digital Personal Data Protection Act, 2023
        
        Our Point of View document delves into the various aspects of the DPDPA and aims to provide our point of view on its implications, challenges
        
          Read morechevron_right",https://kpmg.com/in/en/insights/2023/08/decoding-digital-personal-data-protection-act-2023.html,,
1744287928-414,https://kpmg.com/in/en/insights.html,"National Institutional Ranking Framework (NIRF) 2023 - Category specific analysis
        
        In this report, KPMG in India analyses the NIRF 2023 Ranking released by Ministry of Education (MoE) in June, 2023, across all categories.
        
          Read morechevron_right",https://kpmg.com/in/en/insights/2023/08/national-institutional-ranking-framework-2023-category-specific-analysis.html,,
1744287928-415,https://kpmg.com/in/en/insights.html,"Digital Personal Data Protection Act, 2023 – An Overview
        
        The Digital Personal Data Protection Act, 2023 is the onset of the data protection regime in India. It emphasises and encourages organisations
        
          Read morechevron_right",https://kpmg.com/in/en/insights/2023/08/digital-personal-data-protection-act-2023-overview.html,,
1744287928-416,https://kpmg.com/in/en/insights.html,"Privacy is a business imperative: enhancing your organisations reputation
        
        Consultation with the committee of EU member states may help in ensuring that the decision will be strong enough to not attract future objections...
        
          Read morechevron_right",https://kpmg.com/in/en/blogs/2023/08/privacy-is-a-business-imperative-enhancing-your-organisations-reputation.html,,
1744287928-417,https://kpmg.com/in/en/insights.html,"Elevating the event management landscape: Interventions for India's event industry's growth
        
        An overview of framework required for the planning, organization, and management of events in India and the need for an event management policy.
        
          Read morechevron_right",https://kpmg.com/in/en/insights/2023/08/elevating-the-event-management-landscape.html,,
1744287928-418,https://kpmg.com/in/en/insights.html,"Building bridges: LGBTQIA+ collaboration for equality and inclusion
        
        To understand the current scenario of inclusion of LGBTQIA+ community in the workplace.
        
          Read morechevron_right",https://kpmg.com/in/en/insights/2023/07/building-bridges-lgbtqia-collaboration-for-equality-and-inclusion.html,,
1744287928-419,https://kpmg.com/in/en/insights.html,"Cybersecurity considerations 2023
        
        The golden thread.
        
          Read morechevron_right",https://kpmg.com/in/en/insights/2023/07/cybersecurity-considerations-2023.html,,
1744287928-420,https://kpmg.com/in/en/insights.html,"Deciphering risks in investment deals
        
        Amongst the emerging markets, India has been one of the most attractive investment destinations over the past few years and has witnessed a huge spike.
        
          Read morechevron_right",https://kpmg.com/in/en/insights/2023/07/deciphering-risks-in-investment-deals.html,,
1744287928-421,https://kpmg.com/in/en/insights.html,"Building financial success of projects through stakeholder management
        
        A skilled project manager understands the importance of managing stakeholder expectations to ensure project success.
        
          Read morechevron_right",https://kpmg.com/in/en/blogs/2023/07/building-financial-success-of-projects-through-stakeholder-management.html,,
1744287928-422,https://kpmg.com/in/en/insights.html,"India Risk Taxonomy 2023-24
        
        This report aims at understanding various risks which India is facing today, shedding light on the multifaceted challenges.
        
          Read morechevron_right",https://kpmg.com/in/en/insights/2023/07/india-risk-taxonomy-2023-24.html,,
1744287928-423,https://kpmg.com/in/en/insights.html,"Moving towards a water-secure future
        
        Water, a magical living force, holds within it the very essence of life.
        
          Read morechevron_right",https://kpmg.com/in/en/blogs/2023/07/moving-towards-a-water-secure-future.html,,
1744287928-424,https://kpmg.com/in/en/insights.html,"Global Construction Survey 2023 – India edition
        
        Familiar challenges, new approaches
        
          Read morechevron_right",https://kpmg.com/in/en/insights/2023/07/global-construction-survey-2023-india-edition.html,,
1744287928-425,https://kpmg.com/in/en/insights.html,"Amendments to the Master Directions on KYC, 2016
        
        The Reserve Bank of India (RBI) has issued a master direction on Know Your Customer (KYC) norms for banks, non-banking financial companies (NBFCs)
        
          Read morechevron_right",https://kpmg.com/in/en/insights/2023/06/amendments-to-the-master-directions-on-kyc.html,,
1744287928-426,https://kpmg.com/in/en/insights.html,"Wolfsberg updated guidance on Anti-Bribery and Corruption Compliance Programme
        
        17 April 2023, the Wolfsberg Group published its updated 2023 Anti-Bribery and Corruption (ABC) Compliance Programme Guidance
        
          Read morechevron_right",https://kpmg.com/in/en/insights/2023/06/wolfsberg-updated-guidance-anti-bribery-corruption-compliance-programme.html,,
1744287928-427,https://kpmg.com/in/en/insights.html,"India’s exports: What worked and how can we achieve the USD1 trillion target?
        
        Indias rankings in the World Banks Logistics Performance Index improved significantly over the years
        
          Read morechevron_right",https://kpmg.com/in/en/blogs/2023/05/indias-exports-what-worked-and-how-can-we-achieve-the-usd1-trillion-target.html,,
1744287928-428,https://kpmg.com/in/en/insights.html,"KPMG Private Enterprise Global Tech Innovator in India
        
        Tech innovators of today. Titans of tomorrow.
        
          Read morechevron_right",https://kpmg.com/in/en/insights/2023/04/technology-innovator-india.html,,
1744287928-429,https://kpmg.com/in/en/insights.html,"India’s open data initiative: Opportunity for states
        
        A comparative study of India’s open data ecosystem and how the Indian states can maximize their potential
        
          Read morechevron_right",https://kpmg.com/in/en/insights/2023/04/india-open-data-initiative-opportunity-for-states.html,,
1744287928-430,https://kpmg.com/in/en/insights.html,"Technology at the forefront of Electric Vehicles
        
        Technology evolution and role of startups in adoption of Electric Vehicles in India.
        
          Read morechevron_right",https://kpmg.com/in/en/insights/2023/04/technology-at-the-forefront-of-electric-vehicles.html,,
1744287928-431,https://kpmg.com/in/en/insights.html,"A sneak peek into 2030 with Generative AI
        
        2023 is the start of the AI revolution and we are lucky to be witnessing this inflection point
        
          Read morechevron_right",https://kpmg.com/in/en/blogs/2023/04/a-sneak-peek-into-2030-with-generative-ai.html,,
1744287928-432,https://kpmg.com/in/en/insights.html,"Risks to stakeholders of ESG-oriented organisations
        
        Organisations that prioritise ‘Environment, Social and Governance’ (ESG) aspects are becoming preferred by the employees, consumers, and investors.
        
          Read morechevron_right",https://kpmg.com/in/en/insights/2023/04/risks-to-stakeholders-of-esg-oriented-organisations.html,,
1744287928-433,https://kpmg.com/in/en/insights.html,"Illustrative Ind AS consolidated financial statements - March 2023
        
        The publication is expected to assist in preparation of consolidated financial statements under Ind AS for the year ended 31 March 2023.
        
          Read morechevron_right",https://kpmg.com/in/en/insights/2023/03/illustrative-ind-as-consolidated-financial-statements.html,,
1744287928-434,https://kpmg.com/in/en/insights.html,"Unraveling the D2C wave in India’s consumer commerce
        
        The report delves into the emerging trends of consumer commerce in India, whereby customers utilize various touch points across channels
        
          Read morechevron_right",https://kpmg.com/in/en/insights/2023/03/unraveling-the-d2c-wave-in-india-consumer-commerce.html,,
1744287928-435,https://kpmg.com/in/en/insights.html,"KPMG ESG Conclave and Awards: Powered by The Economic Times
        
        Thought | Action | Impact
        
          Read morechevron_right",https://kpmg.com/in/en/insights/2023/03/esg-conclave-and-awards-2023.html,,
1744287928-436,https://kpmg.com/in/en/insights.html,"ESG reporting in an increasingly volatile world - Relevance and evolution
        
        ESG has emerged as an important facet in decision-making in the corporate ecosystem, with management, board, regulators and other stakeholders
        
          Read morechevron_right",https://kpmg.com/in/en/blogs/2023/03/esg-reporting-in-an-increasingly-volatile-world-relevance-and-evolution.html,,
1744287928-437,https://kpmg.com/in/en/insights.html,"Performance management for hybrid working
        
        Multiple factors that one needs to consider while redesigning performance management philosophy.
        
          Read morechevron_right",https://kpmg.com/in/en/blogs/2023/03/performance-management-for-hybrid-working.html,,
1744287928-438,https://kpmg.com/in/en/insights.html,"Embodied carbon management for global infrastructure
        
        A call for action from the global construction industry
        
          Read morechevron_right",https://kpmg.com/in/en/insights/2023/03/embodied-carbon-management-for-global-infrastructure.html,,
1744287928-439,https://kpmg.com/in/en/insights.html,"India 2047: Vision and strategic roadmap for technical textiles
        
        Vision & strategic roadmap for Indian technical textiles market covering market outlook, government initiatives, global best practices...
        
          Read morechevron_right",https://kpmg.com/in/en/insights/2023/03/india-2047-vision-and-strategic-roadmap-for-technical-textiles.html,,
1744287928-440,https://kpmg.com/in/en/insights.html,"The royalties conundrum
        
        Multinational companies should substantiate the need and potential benefits for any change in royalty rates
        
          Read morechevron_right",https://kpmg.com/in/en/blogs/2023/03/the-royalties-conundrum.html,,
1744287928-441,https://kpmg.com/in/en/insights.html,"India’s National Hydrogen Mission: India on a mission possible?
        
        Salient points of the National Hydrogen Mission of India, critical considerations, evolving landscape and way forward to have an energy-secure india
        
          Read morechevron_right",https://kpmg.com/in/en/insights/2023/02/india-national-hydrogen-mission-renewable-energy-sustainability-green-hydrogen.html,,
1744287928-442,https://kpmg.com/in/en/insights.html,"India’s debut sovereign green bond framework: A step towards bridging India’s climate financing gap
        
        The document provides KPMG India’s view on India’s sovereign green bond framework launched on 9th November 2022 by the Government of India. 
        
          Read morechevron_right",https://kpmg.com/in/en/insights/2022/12/india-debut-sovereign-green-bond-framework.html,,
1744287928-443,https://kpmg.com/in/en/insights.html,"KPMG 2022 CEO Outlook
        
        Growth prospects in uncertain times
        
          Read morechevron_right",https://kpmg.com/in/en/insights/2022/10/kpmg-2022-india-ceo-outlook.html,,
1744287928-444,https://kpmg.com/in/en/insights.html,"Mastering intentional experiences - India CX report
        
        Customer experience report based on the survey conducted by KPMG International across 25 countries, covering 154 brands and 5000+ responses.
        
          Read morechevron_right",https://kpmg.com/in/en/insights/2023/08/mastering-intentional-experiences-india-cx-report.html,,
1744287928-445,https://kpmg.com/in/en/insights.html,"First Notes - Archive
        
        First Notes is our ‘hot off the press’ update that aims to provide a very timely heads up on key accounting and regulatory developments that affect
        
          Read morechevron_right",https://kpmg.com/in/en/insights/2021/04/first-notes-archive.html,,
1744287928-446,https://kpmg.com/in/en/insights.html,"Accounting and Auditing Update - Archive
        
        The Accounting and Auditing Update, a monthly publication by KPMG in India aims at providing timely inputs on recent regulatory updates in addition
        
          Read morechevron_right",https://kpmg.com/in/en/insights/2021/04/aau-archive.html,,
