title,link,content,date,source
"India CX Report'25: Commercial Real Estate
        
        Findings across the process of leasing properties for business purposes, including office buildings, retail spaces, and industrial warehouses
        
          Read morechevron_right",https://kpmg.com/in/en/insights/2025/03/india-cx-report-2025/real-estate/commercial-real-estate.html,"India CX Report'25: Commercial Real Estate close contact_mail Contact us India (EN) close Search cancel menu close Insights Back Our Insights Our Perspectives Artificial Intelligence Supply chain Energy and Renewables Cyber Security Economy and Growth Environmental, Social and Governance (ESG) Technology Risk and Regulation Workforce Transformation Global Capability Centres Assurance Industries Back All industries Aerospace, Defence & Space Energy, Natural Resources and Chemicals Media Building and Construction Financial Services Sports Consumer Markets Government Technology Education and Skills Development Emerging Giants Program Telecommunications Life Sciences Transport and Logistics Services Back What we do Advisory Environmental, Social and Governance (ESG) Tax The KPMG Learning Academy Board Leadership Transformation Powered Connected Elevate Trusted Managed Services Artificial Intelligence You can with AI Trusted AI Artificial Intelligence Insights Who we are Back About us Leadership Media Offices Alumni How we work Alliances KPMG. Make the Difference. Client Stories Analyst Relations Our Impact Plan Corporate Citizenship Working with us Back Careers Experienced Professionals Life at KPMG in India Culture and values Students KPMG Global Services Back KGS Leadership Our people Corporate Social Responsibility Consulting Deal Advisory & Strategy Tax Capability Hubs close contact_mail Contact us India (EN) close search Search search Your search term was too short. Search terms must include 3 or more characters. Previous search terms close Cancel Insights Mastering intentional experiences: India CX report' 25 India CX Report'25: Real Estate India CX Report'25: Commercial Real Estate India CX Report'25: Commercial Real Estate Findings across the process of leasing properties for business purposes, including office buildings, retail spaces, and industrial warehouses Share Differentiating at the right journey touchpoints is the key to value creation Pre - leasing Key customer considerations Did the brand offer enough help for me to assess the property? Importance of the stage 43 percent of the customers consider property  assessment experience as most impactful in defining their overall impression of the brand Top rated experience parameters A) Property details and offerings B) Location visit and accessibility C) Accuracy of risk assessment Hygiene parameters A) Fair costing and market estimate B) Future potential of development in the area Leasing Key customer considerations Did the brand make leasing informative and seamless? Importance of the stage 50 percent of the customers consider the leasing experience as most impactful in defining their overall impression of the brand Top rated experience parameters A) Regular stakeholder communication B) Support on financing and payments C) Stringent legal and regulatory compliance Hygiene parameters A) Thorough due diligence B) Fair negotiation and pricing Leasing period and renewals Key customer considerations Did the brand meet the commitments? Importance of the stage 7 percent of the customers consider utilizing the property for day-to-day operations as most impactful in defining their overall impression of the brand Top rated experience parameters A) Timely renovation B) Regular compliance and reporting Hygiene parameters A) Vendor relationship B) Efficient crisis management and risk mitigation C) Easy lease renewal Government regulation, brand image of the builder and location are top customer considerations while assessing property Q1 - Did the brand offer enough help for me to assess the property? Voice of Customer insights Location visit and accessibility are crucial parameters for customers when assessing a property – “The location is very important; I need a property connected by a main road and metro“ “I saw a lot of properties; some were good, but there were problems like it is not near any road or food shops.” “If I don't like the location, I don't go for that property.” Customers cited that they evaluate properties based on zoning and regulations – “The government regulations are very strict near schools, petrol pumps, hospitals, and liquor shops, so I avoid leasing property near these places."" Clear communication on payment terms, taxes and revealing any legal compliances ensures customer conversions Q2 - Did the brand make leasing informative and seamless? Voice of Customer insights Customers stated that support on financing increases the ease of leasing the property – ""If the payment terms are flexible, it becomes easier to lease a property.“ Customisations and fit-outs facilitated by builders are prioritised for leasing commercial properties – “I approached the builder for customisation, they provided the contact for another person. I would have preferred full support from them to make the changes.” Customers value good project management and transparent communication – “A few builders don’t reveal the entire information. There is some water issue on the property or there is no power backup. They might also hide penalties or unpaid taxes in order to make the sale.” Post- leasing, builders must ensure sustainability and timely renovations for renewals Q3 - Did the brand meet the commitments? Voice of Customer insights Post leasing, builders are maintaining a good relationship with the customers – Efficient property management and maintenance is another area where customer ratings are high For continuous engagement with the customer and ensuring regular renewals – Buiders should match local competitors in infrastructure upgrades. Builders must incorporate energy-efficient systems, like solar panels, LED lighting, and smart thermostats, that can significantly reduce energy consumption. Consistently showcasing a history of completed projects can demonstrate the builder's reliability and success. Striking the right balance between delighting the customer and the cost of servicing them is key to maximising value Performance of the segment on the prioritised experience attributes Companies are expanding to tier 2 and tier 3 cities as part of post-pandemic movement of the talent pool With rising costs and saturation in tier 1 cities, builders are expanding their portfolio in tier 2 and tier 3 cities. With high demand for GCCs in tier 1 and tier 2 cities, selecting a location is increasingly influenced by the availability of the right talent pool. Rising demand for green energy compliant office spaces Tenants recognise the long-term benefits of energy-efficient, eco-friendly buildings and are willing to pay a premium for socially responsible builders. Renovations and upgrades to address the return-to-office shift Flexible workforce has driven businesses seeking cost-effective and adaptable solutions, such as renovation and redevelopment of existing properties versus newer development. Builders must align their strategy with customer trends for effective short-term investment plans Customer retention is driven by transparent communication, trusted brand name and reliable customer support Customer segmentation based on Satisfaction and Loyalty (percentage share of respondents) Customer retention is dependent on their satisfaction with the brand and their tendency to explore alternatives. ‘Ambassador’ are highly satisfied customers who will keep contributing to the brand’s success. ‘Switchers’ on the other hand, are always seeking better options. ‘Critics’ as the third segment, actively convey negative feedback about the brand, if not satisfied. Finally, ‘Dependents’ are customers who remain loyal despite low satisfaction due to lack of alternatives in the market. Perceived overpricing and hidden costs directly impact a developer’s credibility 11 percent of customers seek more transparent and cost-effective alternatives when there are unexpected expenses and lower than expected returns Unresponsive support and post-sales neglect leads to customer churn 7 percent of customers value a personalised approach that addresses their specific needs. A generic, one-size-fits-all service can push them away Negative word-of-mouth or online reviews can significantly impact a developer's credibility. On the other hand, A broad portfolio signals that the builder has a wealth of experience and a range of successful projects, which instills confidence and trust ‘Expectation’ and ‘Integrity’ pillars hold high weightage in defining the overall experience, with a need for improvement on ‘Empathy’ Performance across the KPMG Six pillars of Customer Experience (Weightage of the pillars to the overall experience requirements) ‘Expectation’ (23 percent) is the key pillar in defining the overall experience with any commercial real estate builder, followed by ‘Integrity’ (22 percent) Builders can meet customer expectations by – Keeping the lines of communication open Offering virtual tours, 3D renderings, and interactive floor plans can provide a more immersive experience for potential customers Being responsive to inquiries and providing prompt customer support Offering flexible lease terms and payment plans particularly appealing to startups and small businesses. Builders are failing to meet customer expectations on ‘Empathy’. Small initiatives can go a long way – Take the time to understand the challenges and pain points your customers are facing Offer customised solutions that cater to the specific needs and preferences of each customer Build a personal connection with customers by showing genuine interest in their success. Managing customer expectations throughout project management will translate into high rates driven by trusted operations Top experience attributes influencing the customer’s willingness to pay Meeting customer expectations on the range of facilities as well as the look and feel of the property at possession Superior quality of construction and maintenance of amenities High level of trust between customer and brand Transparent communication on all legal compliances, government regulations and contract terms High quality service across all interactions with sales staff, in alignment with property cost An individual’s willingness to pay a premium is driven by immediate needs. As today’s customer evolves, the focal aspects of premiumisation has shifted from functionality to experience. This aspect may translate as personalised convenience, focus on wellbeing or even exclusive amenities. Ensuring customers’ peace of mind can help builders claim a premium on the property 31 percent of customers have a greater propensity to pay if the builder meets their expectations on facilities, construction quality, premise maintenance, etc. 28 percent of customers would pay more to the builders they trust and who seem reliable 25 percent of customers will have a greater propensity to pay if the builder – Communicates actual timelines Encourages customer feedback Offers regular updates on renovations and lease terms Personalised attention from a broker and in-depth knowledge of the market will offer better turnaround on offer negotiations Key Contacts Nikhil Sethi National Leader Consumer Goods and Co-Lead Customer & Operations KPMG in India mail Chintan Patel Partner, Deal Advisory & Head - Building, Construction and Real Estate KPMG in India mail Disclaimers This content sets forth the views of KPMG based on the completeness and accuracy of responses received from the participants and any assumptions that were included. If any of the responses is not complete or accurate, it could have a material effect on our conclusions. In accordance with its policy, KPMG advises that neither it nor any partner, director or employee undertakes any responsibility arising in any way whatsoever, to any person in respect of the matters dealt with in this content, including any errors or omissions therein, arising through negligence or otherwise, howsoever caused. While preparing the content, we have assumed the authenticity of all the responses or information referred or provided. We have not independently verified the accuracy, completeness, correctness or authenticity of the same. We assume no responsibility for content or any responses or information referred or provided. We have not performed an audit and do not express an opinion or any other form of assurance. Further, content is not intended, nor should it be interpreted to be legal advice or opinion. In connection with the content or any part thereof, KPMG does not owe duty of care (whether in contract or in tort or under statute or otherwise) to any person or party to whom the content is circulated to and KPMG shall not be liable to any party who uses or relies on this content. KPMG hereby disclaims all responsibility or liability for any costs, damages, losses, liabilities, expenses incurred by such third party arising out of or in connection with the content or any part thereof. The content contained herein is of a general nature and is not intended to address the circumstances of any particular individual or entity. Although we endeavor to provide accurate and timely information, there can be no guarantee that such information is accurate as of the date it is received or that it will continue to be accurate in the future. No one should act on such information without appropriate professional advice after a thorough examination of the particular situation. By reading the content the reader shall be deemed to have accepted the terms mentioned hereinabove. KPMG Assurance and Consulting Services LLP, Lodha Excelus, Apollo Mills Compound, NM Joshi Marg, Mahalaxmi, Mumbai – 400 011 Phone: +91 22 3989 6000, Fax: +91 22 3983 6000. © 2025 KPMG Assurance and Consulting Services LLP, an Indian Limited Liability Partnership and a member firm of the KPMG global organization of independent member firms affiliated with KPMG International Limited, a private English company limited by guarantee. All rights reserved. Contact Contact Us Submit RFP Contact Contact Us Submit RFP Media Press Releases Media Press Releases Company Careers About Us Company Careers About Us Legal Privacy Accessibility Help © 2025 KPMG Assurance and Consulting Services LLP, an Indian Limited Liability Partnership and a member firm of the KPMG global organization of independent member firms affiliated with KPMG International Limited, a private English company limited by guarantee. All rights reserved. For more detail about the structure of the KPMG global organization please visit https://kpmg.com/governance . north Back to top",2025-03-01 00:00:00,KPMG
"India CX Report'25: Residential Real Estate
        
        Findings across the process of selling residential properties to individuals and families
        
          Read morechevron_right",https://kpmg.com/in/en/insights/2025/03/india-cx-report-2025/real-estate/residential-real-estate.html,"India CX Report'25: Residential Real Estate close contact_mail Contact us India (EN) close Search cancel menu close Insights Back Our Insights Our Perspectives Artificial Intelligence Supply chain Energy and Renewables Cyber Security Economy and Growth Environmental, Social and Governance (ESG) Technology Risk and Regulation Workforce Transformation Global Capability Centres Assurance Industries Back All industries Aerospace, Defence & Space Energy, Natural Resources and Chemicals Media Building and Construction Financial Services Sports Consumer Markets Government Technology Education and Skills Development Emerging Giants Program Telecommunications Life Sciences Transport and Logistics Services Back What we do Advisory Environmental, Social and Governance (ESG) Tax The KPMG Learning Academy Board Leadership Transformation Powered Connected Elevate Trusted Managed Services Artificial Intelligence You can with AI Trusted AI Artificial Intelligence Insights Who we are Back About us Leadership Media Offices Alumni How we work Alliances KPMG. Make the Difference. Client Stories Analyst Relations Our Impact Plan Corporate Citizenship Working with us Back Careers Experienced Professionals Life at KPMG in India Culture and values Students KPMG Global Services Back KGS Leadership Our people Corporate Social Responsibility Consulting Deal Advisory & Strategy Tax Capability Hubs close contact_mail Contact us India (EN) close search Search search Your search term was too short. Search terms must include 3 or more characters. Previous search terms close Cancel Insights Mastering intentional experiences: India CX report' 25 India CX Report'25: Real Estate India CX Report'25: Residential Real Estate India CX Report'25: Residential Real Estate Findings across the process of selling residential properties to individuals and families Share Differentiating at the right journey touchpoints is the key to value creation Pre - Purchase Key customer considerations Did the builder offer enough help for me to assess the property? Importance of the stage 44 percent of customers consider property assessment experience as most impactful in defining the overall perception of the brand Top rated experience parameters A) Location visit and accessibility B) Positive environmental impact and sustainability C) Accuracy of property specifications Hygiene parameters A) Reputation of the builder or contractor B) Fair pricing and payment schedule During Purchase Key customer considerations Did the builder make the purchase process informative and seamless? Importance of the stage 46 percent of customers consider property registration-to-possession experience as most impactful in defining the overall perception of the brand Top rated experience parameters A) Efficient project management B) Support on financing and payment structures C) Option of customisations and fit-outs Hygiene parameters A) Supplier and contractor coordination Post - Purchase Key customer considerations Did the brand meet its commitments? Importance of the stage 10 percent of customers consider the ownership experience as most impactful in defining the overall perception of the brand Top rated experience parameters A) Timely renovation and upgrades Hygiene parameters A) Ease of reselling B) Sustainability practice maintenance When customers are exploring options, credentials of builder plays a crucial role in impacting customer experience Q1 - Did the brand offer enough help for me to assess the property? Voice of Customer insights Location visit and accessibility are crucial for customers when assessing a property – “We had many options but opted for this one because the location and interiors were good.“ Customers stated that they evaluate properties based on zoning and regulations – “I prefer buying from big names because they make sure they follow all government regulations.“ Customers also factor in the reputation of builders and contractors during the pre-purchase stage – ""In Delhi, I'm aware of two prominent builders, brand A and brand B."" “We are more comfortable and have peace of mind when we buy a property from a big name. Operations will run seamlessly and there will not be any problems in the future.” Transparent and proactive communication on the contractual terms as well as about the progress status of the project helps improve the overall experience Q2 - Did the brand make the purchase process informative and seamless? Voice of Customer insights Transparent communication builds brand trust – “Difficulty is that proper information is lacking. Nobody will tell you the full truth. They hide construction issues and delays in order to sell the property.“ ""If a brand provides good service, it builds trust.“ Contractual terms and conditions should be easy to understand to enable a seamless process for the customer – “Builder A had very tall buildings, and the lower floors were already booked. The process was very detailed, with a lot of scrutiny and formalities, which felt a bit overwhelming. The material used was good, but the process and height of the buildings were not suitable for us."" Ease of reselling and ongoing efforts on sustainability require improvement at a sector level Q3 - Did the brand meet its commitments? Voice of Customer insights Poor property management and maintenance can significantly impact ownership experience and tenant satisfaction – “Brand C always has some issues. I lived in one of their projects, and there were many plumbing problems due to saline water. Every three to four months, we had to get plumbing work done. There was also no Narmada water connection, which is available in my current building."" ""I checked out Brand D’s construction too, but their work was not fully complete. There were some patchworks and cracks on the walls, so I cancelled it.“ “First, I spent so much to buy the house, now I am paying towards maintenance every month. If regular upkeep is not there in the society, then all that extra amount is a waste. I expect basic maintenance and management from the society.” Striking the right balance between delighting the customer and the cost of servicing them is key to maximising value Performance of the segment on the prioritised experience attributes Customers are increasingly seeking homes equipped with  smart technology features and proximity to basic facilities Customers are keen on properties in gated colonies at prime locations, which ensures proximity to necessities such as schools and hospitals. In a time of constant surveillance and regular visits from delivery agents, security is another attribute sought by residential customers. High demand for the mid and high-end segment: Builder portfolio should contain a good mix of affordable, mid-range, and luxury properties, as the purpose of investment may differ from customer to customer. Complementary facilities such as concierge or club memberships are good to have but are not actively sought by the customers. Low performance of the segment across prioritised experience attributes can be mapped to low customer retention Customer segmentation based on Satisfaction and Loyalty (percentage share of respondents) Customer retention is dependent on their satisfaction with the brand and their tendency to explore alternatives. ‘Ambassadors’ are highly satisfied customers who will keep contributing to the brand’s success. ‘Switchers’ on the other hand, are always seeking better options. ‘Critics’ as the third segment, actively convey negative feedback about the brand, if not satisfied. Finally, ‘Dependents’ are customers who remain loyal despite low satisfaction due to lack of alternatives in the market. Attributes that build strong ambassadors for the segment: 15 percent of customers actively recommend builders with high top of the mind recall built via social circle and brand visibility. 8 percent of customers trust builders due to the high number of projects emerging in the locality, reflecting the builder's strong financial standing. Attributes leading to customer churn: High-value purchases are under customer scrutiny from the first connect. Hence, builders must reveal all details on the website or during in-person discussions. For 8 percent of customers, this reinforces trust in the brand. ‘Expectation’, ‘Integrity’ and ‘Personalisation’ pillars hold high weightage in defining customer experience for the residential segment Performance across the KPMG Six pillars of Customer Experience (Weightage of the pillars to the overall experience requirements) Attributes under ‘Expectation’ pillar, driving customer experience are – Higher the purchase value, higher the customer expectations. Real Estate builders must ensure developments meet the promises made to the customers on paper Customers should be offered multiple options to consider Construction quality should be in line with the brand image The development should be present in the preferred area of your target segment. Attributes under ‘Integrity’ pillar, driving customer experience are – Clear communication on prices, which are not altered at a later period Builders must put an equal emphasis on instilling trust within the local community. Word-of-mouth is still a prominent channel for advocacy as opposed to the online channels. Attributes under ‘Personalisation’ pillar, driving customer experience are – Omnichannel communication, follow-up leading to customer acquisitions, and a shared browsing experience with 3D renderings will drive sales. Ensuring customer peace of mind delivered via excellent service can help drive  prices of the property Top experience attributes influencing the customer’s willingness to pay Meeting customer expectations on the range of facilities available as well as the look and feel of the property at possession Superior quality of construction and maintenance of property High levels of trust between customer and brand Good location with proximity to schools, hospitals, markets and other essential services High quality service across all interactions with sales staff, in alignment with property cost An individual’s willingness to pay a premium is driven by immediate needs. As today’s customer evolves, the focal aspect of premiumisation has shifted from functionality to experience. This aspect may translate as personalised convenience, focus on wellbeing or even exclusive amenities. Ensuring customers’ peace of mind can help builders claim a premium on the property 32 percent of customers have a greater propensity to pay if the builder meets their expectations on amenities, construction quality, maintenance of the premises, etc. 28 percent of customers would pay more to builders they trust Value of residential property rises with strong community endorsements For the residential segment, 24 percent would pay more for a property with a great community or positive word-of-mouth from existing residents. 24 percent of customers are willing to pay more if they feel the sales staff reflects the property's value in service. Key Contacts Nikhil Sethi National Leader Consumer Goods and Co-Lead Customer & Operations KPMG in India mail Chintan Patel Partner, Deal Advisory & Head - Building, Construction and Real Estate KPMG in India mail Disclaimers This content sets forth the views of KPMG based on the completeness and accuracy of responses received from the participants and any assumptions that were included. If any of the responses is not complete or accurate, it could have a material effect on our conclusions. In accordance with its policy, KPMG advises that neither it nor any partner, director or employee undertakes any responsibility arising in any way whatsoever, to any person in respect of the matters dealt with in this content, including any errors or omissions therein, arising through negligence or otherwise, howsoever caused. While preparing the content, we have assumed the authenticity of all the responses or information referred or provided. We have not independently verified the accuracy, completeness, correctness or authenticity of the same. We assume no responsibility for content or any responses or information referred or provided. We have not performed an audit and do not express an opinion or any other form of assurance. Further, content is not intended, nor should it be interpreted to be legal advice or opinion. In connection with the content or any part thereof, KPMG does not owe duty of care (whether in contract or in tort or under statute or otherwise) to any person or party to whom the content is circulated to and KPMG shall not be liable to any party who uses or relies on this content. KPMG hereby disclaims all responsibility or liability for any costs, damages, losses, liabilities, expenses incurred by such third party arising out of or in connection with the content or any part thereof. The content contained herein is of a general nature and is not intended to address the circumstances of any particular individual or entity. Although we endeavor to provide accurate and timely information, there can be no guarantee that such information is accurate as of the date it is received or that it will continue to be accurate in the future. No one should act on such information without appropriate professional advice after a thorough examination of the particular situation. By reading the content the reader shall be deemed to have accepted the terms mentioned hereinabove. KPMG Assurance and Consulting Services LLP, Lodha Excelus, Apollo Mills Compound, NM Joshi Marg, Mahalaxmi, Mumbai – 400 011 Phone: +91 22 3989 6000, Fax: +91 22 3983 6000. © 2025 KPMG Assurance and Consulting Services LLP, an Indian Limited Liability Partnership and a member firm of the KPMG global organization of independent member firms affiliated with KPMG International Limited, a private English company limited by guarantee. All rights reserved. Contact Contact Us Submit RFP Contact Contact Us Submit RFP Media Press Releases Media Press Releases Company Careers About Us Company Careers About Us Legal Privacy Accessibility Help © 2025 KPMG Assurance and Consulting Services LLP, an Indian Limited Liability Partnership and a member firm of the KPMG global organization of independent member firms affiliated with KPMG International Limited, a private English company limited by guarantee. All rights reserved. For more detail about the structure of the KPMG global organization please visit https://kpmg.com/governance . north Back to top",2025-03-01 00:00:00,KPMG
"India CX Report'25: Real Estate
        
        The real estate landscape is more dynamic than ever, propelled by innovation, a focus on sustainability, and the evolving needs of modern communities
        
          Read morechevron_right",https://kpmg.com/in/en/insights/2025/03/india-cx-report-2025/real-estate.html,"India CX Report'25: Real Estate close contact_mail Contact us India (EN) close Search cancel menu close Insights Back Our Insights Our Perspectives Artificial Intelligence Supply chain Energy and Renewables Cyber Security Economy and Growth Environmental, Social and Governance (ESG) Technology Risk and Regulation Workforce Transformation Global Capability Centres Assurance Industries Back All industries Aerospace, Defence & Space Energy, Natural Resources and Chemicals Media Building and Construction Financial Services Sports Consumer Markets Government Technology Education and Skills Development Emerging Giants Program Telecommunications Life Sciences Transport and Logistics Services Back What we do Advisory Environmental, Social and Governance (ESG) Tax The KPMG Learning Academy Board Leadership Transformation Powered Connected Elevate Trusted Managed Services Artificial Intelligence You can with AI Trusted AI Artificial Intelligence Insights Who we are Back About us Leadership Media Offices Alumni How we work Alliances KPMG. Make the Difference. Client Stories Analyst Relations Our Impact Plan Corporate Citizenship Working with us Back Careers Experienced Professionals Life at KPMG in India Culture and values Students KPMG Global Services Back KGS Leadership Our people Corporate Social Responsibility Consulting Deal Advisory & Strategy Tax Capability Hubs close contact_mail Contact us India (EN) close search Search search Your search term was too short. Search terms must include 3 or more characters. Previous search terms close Cancel Insights Mastering intentional experiences: India CX report' 25 India CX Report'25: Real Estate India CX Report'25: Real Estate The real estate landscape is more dynamic than ever, propelled by innovation, a focus on sustainability, and the evolving needs of modern communities Share Did you know? chevron_left Residential Real Estate Commercial Real Estate chevron_right groups When customers are exploring options, credentials of builder plays a crucial role in impacting customer experience real_estate_agent Transparent and proactive communication on the contractual terms as well as on the progress status of the project helps improve the overall experience support_agent 15 percent of customers actively recommend builders with high top of the mind recall built via social circle and brand visibility data_thresholding ‘Expectation’, ‘Integrity’ and ‘Personalisation’ pillars hold high weightage in defining customer experience for the residential segment business 50 percent of customers consider point-of-sale as most impactful in defining their overall experience in the commercial real estate segment add_ic_call Clear communication on payment terms, taxes and revealing any legal compliances ensures customer conversions account_balance_wallet 31 percent of customers have greater  propensity to pay if builders meet their expectations on amenities, construction quality, premise maintenance etc assignment_returned Unexpected expenses and lower than expected returns can erode trust and lead to at least 11 percent of customers seeking more transparent and cost-effective alternatives India CX Report'25: Residential Real Estate Findings across the process of selling residential properties to individuals and families Read more India CX Report'25: Commercial Real Estate Findings across the process of leasing properties for business purposes, including office buildings, retail spaces, and industrial warehouses Read more For real estate customers, trust in the developer's brand is crucial. Customers look for reliability, quality, and adherence to timelines, often relying on word-of-mouth recommendations and market reviews. Project location, community-centric developments, sustainability, and smart technology are shaping expectations, making it essential for brands to adapt and innovate. Chintan Patel Partner, Deal Advisory & Head - Building, Construction and Real Estate KPMG in India Key Contacts Nikhil Sethi National Leader Consumer Goods and Co-Lead Customer & Operations KPMG in India mail Chintan Patel Partner, Deal Advisory & Head - Building, Construction and Real Estate KPMG in India mail Disclaimers This content sets forth the views of KPMG based on the completeness and accuracy of responses received from the participants and any assumptions that were included. If any of the responses is not complete or accurate, it could have a material effect on our conclusions. In accordance with its policy, KPMG advises that neither it nor any partner, director or employee undertakes any responsibility arising in any way whatsoever, to any person in respect of the matters dealt with in this content, including any errors or omissions therein, arising through negligence or otherwise, howsoever caused. While preparing the content, we have assumed the authenticity of all the responses or information referred or provided. We have not independently verified the accuracy, completeness, correctness or authenticity of the same. We assume no responsibility for content or any responses or information referred or provided. We have not performed an audit and do not express an opinion or any other form of assurance. Further, content is not intended, nor should it be interpreted to be legal advice or opinion. In connection with the content or any part thereof, KPMG does not owe duty of care (whether in contract or in tort or under statute or otherwise) to any person or party to whom the content is circulated to and KPMG shall not be liable to any party who uses or relies on this content. KPMG hereby disclaims all responsibility or liability for any costs, damages, losses, liabilities, expenses incurred by such third party arising out of or in connection with the content or any part thereof. The content contained herein is of a general nature and is not intended to address the circumstances of any particular individual or entity. Although we endeavor to provide accurate and timely information, there can be no guarantee that such information is accurate as of the date it is received or that it will continue to be accurate in the future. No one should act on such information without appropriate professional advice after a thorough examination of the particular situation. By reading the content the reader shall be deemed to have accepted the terms mentioned hereinabove. KPMG Assurance and Consulting Services LLP, Lodha Excelus, Apollo Mills Compound, NM Joshi Marg, Mahalaxmi, Mumbai – 400 011 Phone: +91 22 3989 6000, Fax: +91 22 3983 6000. © 2025 KPMG Assurance and Consulting Services LLP, an Indian Limited Liability Partnership and a member firm of the KPMG global organization of independent member firms affiliated with KPMG International Limited, a private English company limited by guarantee. All rights reserved. Contact Contact Us Submit RFP Contact Contact Us Submit RFP Media Press Releases Media Press Releases Company Careers About Us Company Careers About Us Legal Privacy Accessibility Help © 2025 KPMG Assurance and Consulting Services LLP, an Indian Limited Liability Partnership and a member firm of the KPMG global organization of independent member firms affiliated with KPMG International Limited, a private English company limited by guarantee. All rights reserved. For more detail about the structure of the KPMG global organization please visit https://kpmg.com/governance . north Back to top",2025-03-01 00:00:00,KPMG
"India CX Report'25: Premium Hotels
        
        Findings across hotels operating at a high price point offering a wide range of facilities and high-quality services
        
          Read morechevron_right",https://kpmg.com/in/en/insights/2025/03/india-cx-report-2025/hotels/premium-hotels.html,"India CX Report'25: Premium Hotels close contact_mail Contact us India (EN) close Search cancel menu close Insights Back Our Insights Our Perspectives Artificial Intelligence Supply chain Energy and Renewables Cyber Security Economy and Growth Environmental, Social and Governance (ESG) Technology Risk and Regulation Workforce Transformation Global Capability Centres Assurance Industries Back All industries Aerospace, Defence & Space Energy, Natural Resources and Chemicals Media Building and Construction Financial Services Sports Consumer Markets Government Technology Education and Skills Development Emerging Giants Program Telecommunications Life Sciences Transport and Logistics Services Back What we do Advisory Environmental, Social and Governance (ESG) Tax The KPMG Learning Academy Board Leadership Transformation Powered Connected Elevate Trusted Managed Services Artificial Intelligence You can with AI Trusted AI Artificial Intelligence Insights Who we are Back About us Leadership Media Offices Alumni How we work Alliances KPMG. Make the Difference. Client Stories Analyst Relations Our Impact Plan Corporate Citizenship Working with us Back Careers Experienced Professionals Life at KPMG in India Culture and values Students KPMG Global Services Back KGS Leadership Our people Corporate Social Responsibility Consulting Deal Advisory & Strategy Tax Capability Hubs close contact_mail Contact us India (EN) close search Search search Your search term was too short. Search terms must include 3 or more characters. Previous search terms close Cancel Home Insights Mastering intentional experiences: India CX report' 25 India CX Report'25: Hotels India CX Report'25: Premium Hotels India CX Report'25: Premium Hotels Findings across hotels operating at a high price point offering a wide range of facilities and high-quality services Share Differentiating at the right journey touchpoints is the key to value creation Pre - stay Key customer considerations Was it easy for me to assess the property and make the booking? Importance of the stage 30 percent of the consumers consider their pre - stay experience as the most impactful stage in defining the overall experience with the brand Top rated experience parameters A) Reviews and testimonials B) Privacy, exclusivity, and security features Hygiene parameters A) Proximity to local attractions & landmarks B) Seamless booking process and communication of hotel rules and policy On - premise stay Key customer considerations Did the hotel meet my expectations? Importance of the stage 65 percent of the consumers consider their on - premise stay as the most impactful in defining the overall experience with the brand Top rated experience parameters A) Check-in experience, professional and empathetic staff B) Room quality, facilities, housekeeping and toiletries Hygiene parameters A) Childcare services B) Management of events and activities C) On-site security personnel Post - stay Key customer considerations Was my experience impactful enough for me to revisit or recommend the hotel to others? Importance of the stage Only 5 percent of the consumers consider post - stay stage as the most impactful in defining the overall experience with the brand Top rated experience parameters A) Post-stay support and query resolution B) Follow-up communication Hygiene parameters A) Smooth & efficient check out process Beyond facilities, clear communication on hotel policies and meeting privacy need, leads to customer conversion Q1 - Was it easy for me to assess the property and make the booking? Voice of Customer insights Presence of facilities – like pool, gym, spa services – is a crucial factor for customers while assessing a property – “Hotel A has everything, like a gym, steam bath, conference rooms, and all the facilities you expect from a branded hotel. Boutique resorts don't have all these facilities."" “The location is important, but the food, swimming pool, and room service are also crucial” “If there is a swimming pool, I would be more than happy to book a room there.” Customers expect hotels to provide recreational facilities catering to all age groups – “They will provide smart TV facilities with a subscription to OTT channels. Additionally, every hotel must have a play station, indoor and outdoor game areas, a swimming pool, and a garden with plenty of activities for children.” Managing customer expectations around services during their stay, defines their overall experience Q2 - Did the hotel meet my expectations? Voice of Customer insights A good check-in experience, professional and empathetic staff can significantly improve customer experience – “ The whole property infrastructure and its overall quality are important. The second factor is the staff. The property can be massive with great services and facilities, but if the staff are not equally humble and nice towards their guests, it won't make a good combination. These two together will make the experience good .” “ Hotel B is a professional-level hotel with trained staff who know how to treat customers. ” Customers expect delivery on what was promised – “ When we booked the room, it was supposed to be a double bed with AC. However, there was no AC in the entire hotel, even though they offered the option and charged for it .” Most brands performed well on the post-stay experience parameters; Potential to differentiate on check-out process and luggage assistance Q3 - Was my experience impactful enough for me to revisit or recommend the hotel to others? Voice of Customer insights Customers value a smooth and efficient check out process – “ I think it's important for hotels to maintain their standard of service and improve in areas such as staff behavior and the check-in and check-out process, making it more guest-friendly. They should try to understand different aspects of guests in a much better way. It would be great if hotels could accommodate late check-outs or midnight check-ins, around 2 or 3 AM, and manage everything well ” “ If they also offer pick-up and drop-off services, that would be helpful for me. These things would incline me towards picking a property with these facilities. “ Overall, the segment demonstrates good customer ratings on all the parameters Striking the right balance between delighting customer and the cost of servicing them is key to maximising value Performance of the segment on the prioritized experience attributes Customers are expecting integration of technology to existing facilities around premium hotels Facilitation of customer support via AI or mobile app can streamline their stay• Customized room settings can be better operationalised in smart rooms with automated lighting and temperature control Leisure travelers want wellness packages as part of their stays Premium hotels are incorporating wellness-focused facilities and services, such as spa treatments, fitness programs, and healthy dining options, to cater to the health-conscious traveler Customers are less focused on the website experience, since majority of the bookings are coming from OTA (online travel agency) platforms. Customer retention is high for premium hotels with 55 percent guests re - booking their stay citing great customer support and value for money as the top reasons Customer segmentation based on satisfaction and loyalty (percentage share of respondents) Customer retention is dependent on their satisfaction with the brand and their tendency to explore alternatives. ‘Ambassador’ are highly satisfied customers who will keep contributing to the brand’s success. ‘Switchers’ on the other hand, are always seeking better options. ‘Critics’ as the third segment, actively convey negative feedback about the brand, if not satisfied. Finally, ‘Dependents’ are customers who remain loyal despite low satisfaction due to lack of alternatives in the market. Maintaining and exceeding committed expectations is a key attribute to customer loyalty Failing to provide assurance of facilities and a positive experience, may result in churning of 11% of the customers 10% guests are likely to never return to the premium hotels if the sense of luxury is undermined 10% guests won't rebook a premium hotel if customer support fails to meet their high expectations because it diminishes the perceived value of the premium price. The ‘Expectation’ pillar has the highest weightage in defining customer experience; Need for improvement on ‘Resolution’ pillar Performance across the KPMG Six pillars of Customer Experience (Weightage of the pillars to the overall experience requirements) Expectation (23 percent) is the key pillar in defining the overall experience with any premium hotel brand, followed by Integrity (18 percent) Premium hotels can meet customer expectations by – Gather feedback to understand what guests expect. Continuously enhancing facilities to exceed guest expectations. Premium hotels are failing to meet customer needs on ‘Resolution’. Small initiatives can go a long way – Offer round-the-clock customer support to address issues promptly. Ensure staff are well-trained in conflict resolution and empathetic communication. Provide multiple, clear channels for guests to voice their concerns, such as phone, email, and in-person. Customize solutions to fit the unique needs of each guest, showing attentiveness and dedication. Anticipate common issues and have proactive measures in place to prevent them. The customer’s willingness to pay more is high across the leading pillars  of experience - ‘Expectation’  and  ‘Integrity’ The top 5 experience attributes influencing the customer’s willingness to pay a premium Prompt and quality support from staff across online/ offline channels High-end facilities and services offered across the hotel premises Complete delivery on promised brand experience, for the money paid Widespread availability of the hotel-chain across locations Relevant program structure and personalised benefits, keeping the customer coming back for more An individual’s willingness to pay a premium is driven by immediate needs. As today’s customer evolves, the focal aspects of premiumisation has shifted from functionality to experience. These aspect may as well translate as personalised convenience, omnichannel communication or even exclusivity in customer support High-paying guests expect exceptional service 35 percent guest feel quality customer support is crucial for premium hotel brands as it goes hand-in-hand with brand reputation In premium hotels, facilities contribute more to creating a luxurious experience than the level of service provided. 32 percent would pay more for better room comfort as well as overall ambience around the hotel premises. However, only 21 percent would pay more for better service Location drives rates for premium hotels 28 percent would pay more for a hotel located centrally or near airport, tourist attractions, based on their purpose of stay Key Contacts Nikhil Sethi National Leader Consumer Goods and Co-Lead Customer & Operations KPMG in India mail Chintan Patel Partner, Deal Advisory & Head - Building, Construction and Real Estate KPMG in India mail Disclaimers This content sets forth the views of KPMG based on the completeness and accuracy of responses received from the participants and any assumptions that were included. If any of the responses is not complete or accurate, it could have a material effect on our conclusions. In accordance with its policy, KPMG advises that neither it nor any partner, director or employee undertakes any responsibility arising in any way whatsoever, to any person in respect of the matters dealt with in this content, including any errors or omissions therein, arising through negligence or otherwise, howsoever caused. While preparing the content, we have assumed the authenticity of all the responses or information referred or provided. We have not independently verified the accuracy, completeness, correctness or authenticity of the same. We assume no responsibility for content or any responses or information referred or provided. We have not performed an audit and do not express an opinion or any other form of assurance. Further, content is not intended, nor should it be interpreted to be legal advice or opinion. In connection with the content or any part thereof, KPMG does not owe duty of care (whether in contract or in tort or under statute or otherwise) to any person or party to whom the content is circulated to and KPMG shall not be liable to any party who uses or relies on this content. KPMG hereby disclaims all responsibility or liability for any costs, damages, losses, liabilities, expenses incurred by such third party arising out of or in connection with the content or any part thereof. The content contained herein is of a general nature and is not intended to address the circumstances of any particular individual or entity. Although we endeavor to provide accurate and timely information, there can be no guarantee that such information is accurate as of the date it is received or that it will continue to be accurate in the future. No one should act on such information without appropriate professional advice after a thorough examination of the particular situation. By reading the content the reader shall be deemed to have accepted the terms mentioned hereinabove. KPMG Assurance and Consulting Services LLP, Lodha Excelus, Apollo Mills Compound, NM Joshi Marg, Mahalaxmi, Mumbai – 400 011 Phone: +91 22 3989 6000, Fax: +91 22 3983 6000. © 2025 KPMG Assurance and Consulting Services LLP, an Indian Limited Liability Partnership and a member firm of the KPMG global organization of independent member firms affiliated with KPMG International Limited, a private English company limited by guarantee. All rights reserved. Contact Contact Us Submit RFP Contact Contact Us Submit RFP Media Press Releases Media Press Releases Company Careers About Us Company Careers About Us Legal Privacy Accessibility Help © 2025 KPMG Assurance and Consulting Services LLP, an Indian Limited Liability Partnership and a member firm of the KPMG global organization of independent member firms affiliated with KPMG International Limited, a private English company limited by guarantee. All rights reserved. For more detail about the structure of the KPMG global organization please visit https://kpmg.com/governance . north Back to top",2025-03-01 00:00:00,KPMG
"India CX Report'25: Hotels
        
        Hoteliers must assess the role of facilities and service levels in delivering the right Customer Experience across different establishments
        
          Read morechevron_right",https://kpmg.com/in/en/insights/2025/03/india-cx-report-2025/hotels.html,"India CX Report'25: Hotels close contact_mail Contact us India (EN) close Search cancel menu close Insights Back Our Insights Our Perspectives Artificial Intelligence Supply chain Energy and Renewables Cyber Security Economy and Growth Environmental, Social and Governance (ESG) Technology Risk and Regulation Workforce Transformation Global Capability Centres Assurance Industries Back All industries Aerospace, Defence & Space Energy, Natural Resources and Chemicals Media Building and Construction Financial Services Sports Consumer Markets Government Technology Education and Skills Development Emerging Giants Program Telecommunications Life Sciences Transport and Logistics Services Back What we do Advisory Environmental, Social and Governance (ESG) Tax The KPMG Learning Academy Board Leadership Transformation Powered Connected Elevate Trusted Managed Services Artificial Intelligence You can with AI Trusted AI Artificial Intelligence Insights Who we are Back About us Leadership Media Offices Alumni How we work Alliances KPMG. Make the Difference. Client Stories Analyst Relations Our Impact Plan Corporate Citizenship Working with us Back Careers Experienced Professionals Life at KPMG in India Culture and values Students KPMG Global Services Back KGS Leadership Our people Corporate Social Responsibility Consulting Deal Advisory & Strategy Tax Capability Hubs close contact_mail Contact us India (EN) close search Search search Your search term was too short. Search terms must include 3 or more characters. Previous search terms close Cancel Home Insights Mastering intentional experiences: India CX report' 25 India CX Report'25: Hotels India CX Report'25: Hotels Hoteliers must assess the role of facilities and service levels in delivering the right Customer Experience across different establishments Share Did you know? chevron_left Premium Hotels Budget Hotels chevron_right workspace_premium Premium hotel segment has an opportunity to differentiate on the booking process, communication on policy, and childcare services drive_file_rename_outline Segment is performing well on the prioritised attributes such as on-site experience, customer support, and quality of rooms and facilities gpp_good Good performance of the segment across prioritised experience attributes can be mapped to high customer retention wth 55 percent of customers being brand ambassadors attach_money The customer’s willingness to pay more is high across the leading pillars  of experience - ‘Expectation’  and  ‘Integrity’ support_agent 57 percent of the consumers consider their on-premise stay as the most impactful in defining the overall experience with the brand thumb_up_alt Despite good performance in the pre-stay and on-premise stay, the segment is performing poorly on the post-visit touchpoints, particularly Transparent billing Option of luggage assistance key The key attribute driving both ambassadors and switchers is ‘Value for money’ insights Although customers prioritize the ‘Expectation’ pillar, their willingness to pay more is higher for the ‘Empathy’ pillar India CX Report'25: Premium Hotels Findings across hotels operating at a high price point offering a wide range of facilities and high-quality services Read more India CX Report'25: Budget Hotels Findings across hotels offering essential facilities at an affordable price point Read more In premium hotel segment, along with service levels, facilities play a crucial role in making or breaking the customer experience. Brands can hence differentiate themselves by offering wellness focused facilities such as gyms, spas and healthy dining options. Providing childcare options for families on leisure trips, ensuring personalised guest experiences, and seamless digital check-ins can also help brands in the segment stand out from their peers. The segment also sees high levels of repeat customers with 55 percent of customers being strong ambassadors. Customer's strong willingness to pay more is high across the experience pillars of ‘Expectation’ and ‘Integrity’ and hence, improving on these pillars will drive further brand advocacy and market growth Chintan Patel Partner, Deal Advisory & Head - Building, Construction and Real Estate Key Contacts Nikhil Sethi National Leader Consumer Goods and Co-Lead Customer & Operations KPMG in India mail Chintan Patel Partner, Deal Advisory & Head - Building, Construction and Real Estate KPMG in India mail Disclaimers This content sets forth the views of KPMG based on the completeness and accuracy of responses received from the participants and any assumptions that were included. If any of the responses is not complete or accurate, it could have a material effect on our conclusions. In accordance with its policy, KPMG advises that neither it nor any partner, director or employee undertakes any responsibility arising in any way whatsoever, to any person in respect of the matters dealt with in this content, including any errors or omissions therein, arising through negligence or otherwise, howsoever caused. While preparing the content, we have assumed the authenticity of all the responses or information referred or provided. We have not independently verified the accuracy, completeness, correctness or authenticity of the same. We assume no responsibility for content or any responses or information referred or provided. We have not performed an audit and do not express an opinion or any other form of assurance. Further, content is not intended, nor should it be interpreted to be legal advice or opinion. In connection with the content or any part thereof, KPMG does not owe duty of care (whether in contract or in tort or under statute or otherwise) to any person or party to whom the content is circulated to and KPMG shall not be liable to any party who uses or relies on this content. KPMG hereby disclaims all responsibility or liability for any costs, damages, losses, liabilities, expenses incurred by such third party arising out of or in connection with the content or any part thereof. The content contained herein is of a general nature and is not intended to address the circumstances of any particular individual or entity. Although we endeavor to provide accurate and timely information, there can be no guarantee that such information is accurate as of the date it is received or that it will continue to be accurate in the future. No one should act on such information without appropriate professional advice after a thorough examination of the particular situation. By reading the content the reader shall be deemed to have accepted the terms mentioned hereinabove. KPMG Assurance and Consulting Services LLP, Lodha Excelus, Apollo Mills Compound, NM Joshi Marg, Mahalaxmi, Mumbai – 400 011 Phone: +91 22 3989 6000, Fax: +91 22 3983 6000. © 2025 KPMG Assurance and Consulting Services LLP, an Indian Limited Liability Partnership and a member firm of the KPMG global organization of independent member firms affiliated with KPMG International Limited, a private English company limited by guarantee. All rights reserved. Contact Contact Us Submit RFP Contact Contact Us Submit RFP Media Press Releases Media Press Releases Company Careers About Us Company Careers About Us Legal Privacy Accessibility Help © 2025 KPMG Assurance and Consulting Services LLP, an Indian Limited Liability Partnership and a member firm of the KPMG global organization of independent member firms affiliated with KPMG International Limited, a private English company limited by guarantee. All rights reserved. For more detail about the structure of the KPMG global organization please visit https://kpmg.com/governance . north Back to top",2025-03-01 00:00:00,KPMG
"India CX Report'25: Budget Hotels
        
        Findings across hotels offering essential facilities at an affordable price point
        
          Read morechevron_right",https://kpmg.com/in/en/insights/2025/03/india-cx-report-2025/hotels/budget-hotels.html,"India CX Report'25: Budget Hotels close contact_mail Contact us India (EN) close Search cancel menu close Insights Back Our Insights Our Perspectives Artificial Intelligence Supply chain Energy and Renewables Cyber Security Economy and Growth Environmental, Social and Governance (ESG) Technology Risk and Regulation Workforce Transformation Global Capability Centres Assurance Industries Back All industries Aerospace, Defence & Space Energy, Natural Resources and Chemicals Media Building and Construction Financial Services Sports Consumer Markets Government Technology Education and Skills Development Emerging Giants Program Telecommunications Life Sciences Transport and Logistics Services Back What we do Advisory Environmental, Social and Governance (ESG) Tax The KPMG Learning Academy Board Leadership Transformation Powered Connected Elevate Trusted Managed Services Artificial Intelligence You can with AI Trusted AI Artificial Intelligence Insights Who we are Back About us Leadership Media Offices Alumni How we work Alliances KPMG. Make the Difference. Client Stories Analyst Relations Our Impact Plan Corporate Citizenship Working with us Back Careers Experienced Professionals Life at KPMG in India Culture and values Students KPMG Global Services Back KGS Leadership Our people Corporate Social Responsibility Consulting Deal Advisory & Strategy Tax Capability Hubs close contact_mail Contact us India (EN) close search Search search Your search term was too short. Search terms must include 3 or more characters. Previous search terms close Cancel Home Insights Mastering intentional experiences: India CX report' 25 India CX Report'25: Hotels India CX Report'25: Budget Hotels India CX Report'25: Budget Hotels Findings across hotels offering essential facilities at an affordable price point Share Differentiating at the right journey touchpoints is the key to value creation Pre - stay Key customer considerations Was it easy for me to assess the property and make the booking? Importance of the stage 35 percent of the customers put emphasis on the pre - stay booking experience while defining their overall experience with the hotel Top rated experience parameters A) Reviews and testimonials B) Responsiveness to requests like early check in, pick and drop facility C) Overall impression on - value for money Hygiene parameters A) Proximity to local attractions and landmarks B) Seamlessness of the booking process C) Discounts, deals and offers On - premise stay Key customer considerations Did the hotel meet my expectations? Importance of the stage 57 percent of the customers put emphasis on the on - premise stay experience while defining their overall experience with the hotel Top rated experience parameters A) Delivery on what was promised B) Professional and empathetic staff C) Check-in experience Hygiene parameters A) Dining and beverage options B) Daily housekeeping C) Complimentary toiletries Post - stay Key customer considerations Was my experience impactful enough for me to revisit or recommend the hotel to others? Importance of the stage 8 percent of the customers put emphasis on the post - stay experience in defining their overall experience with the hotel Top rated experience parameters A) Smooth and efficient check out process B) Post-stay support and query resolution Hygiene parameters A) Luggage assistance Segment performance is strong; Rate card and customer reviews are the deciding factor for bookings Q1 - Was it easy for me to assess the property and make the booking? Voice of Customer insights Overall impression on value for money is an important factor for customers while assessing the property and making the booking – “ Our budget is usually around 5,500 to 6,000 rupees per day, including breakfast. If a high rated hotel fits that budget, we would try it .“ “ The location should be interesting, and the rates should be reasonable .“ Customers rely on accessible and unbiased reviews and testimonials to make a booking decision – "" The people who write reviews, as far as I have seen, pay a lot of attention to cleanliness. No one would prefer to live in dirty rooms if they are paying for it .“ Despite good overall performance in the on - premise stay, differentiation is possible in check-in, dining and housekeeping services Q2 - Did the hotel meet my expectations? Voice of Customer insights Customers look for appealing dining and beverage options during their stay – "" The food must be good, especially when traveling with children. If the food isn't good, we have to go far to find something suitable.” ""The food was good, we had breakfast there every day, and it was a holistic or complete breakfast with the option of choosing from two or three cuisines. There  was South Indian, North Indian Punjabi food, a bit of Chinese, and some continental options. “ Customer’s perception of ‘value for money’ is reinforced if hotels provid e – Daily housekeeping Complimentary toiletries. Striking the right balance between delighting customer and the cost of servicing them is key to maximising value Performance of the segment on the prioritised experience attributes Programs like the Swadesh Darshan Scheme and PRASAD are boosting tourism infrastructure and promoting domestic travel, hence brands should rationalise investments in the right areas - Since majority of the bookings are coming from OTA platforms, the customer is less focused on the website experience Customers have limited expectations from budget hotels on the range of facilities. With high market saturation and increasing competition from boutique hotels, the budget hotel segment should explore differentiation on- Loyalty programs should reward repeat bookings. These programs should include discounts on future stays, complimentary upgrades, or exclusive access to facilities This data can help identify trends and preferences, allowing hotels to offer targeted promotions and services that appeal to their loyal customers, ultimately driving revenue growth. Performance of the segment across prioritised experience attributes can be mapped to low customer retention Customer segmentation based on satisfaction and loyalty (percentage share of respondents) Customer retention is dependent on their satisfaction with the brand and their tendency to explore alternatives. ‘Ambassador’ are highly satisfied customers who will keep contributing to the brand’s success. ‘Switchers’ on the other hand, are always seeking better options. ‘Critics’ as the third segment, actively convey negative feedback about the brand, if not satisfied. Finally, ‘Dependents’ are customers who remain loyal despite low satisfaction due to lack of alternatives in the market. 11 percent guests are more likely to remain loyal to budget hotels that offer - Personalised customer services, creating a positive guest experience Engage in community outreach programs or environmental sustainability efforts 26 percent guests who felt they didn’t receive good value for money are likely to switch to an alternate hotel brand 24 percent will not return to the same hotel if the service experience is bad 18 percent of the guest, prefer staying with Hotels with credibility, and failing to provide assurance of facilities and a positive experience, may result in low customer retention Despite highest weightage of ‘Expectation’ pillar in defining customer experience, fulfilment on the requirement is low Performance across the KPMG Six pillars of Customer Experience (Weightage of the pillars to the overall experience requirements) ‘Expectation’ (24 percent) is the key pillar of experience while assessing experience with a brand, followed by ‘Integrity’ (20 percent) and ‘Empathy’ (20 percent) Budget hotels are failing to meet customer needs on ‘Personalisation’. Small initiatives can go a long way – Acknowledge and offer complimentary services on occasions like birthdays, anniversaries Allow guests to choose their room preferences, such as bed type, floor level, view, or even pillow type, in advance Provide personalised recommendations for local attractions, dining, and activities based on the guest's interests. Budget hotels also need to reinforce empathy while providing services. Train staff to actively listen and understand the needs and concerns of guests Recognise and respect the diverse backgrounds and cultures of guests Ensure that employees are well-trained, supported, and appreciated. Customers are willing to pay more from same services, if their expectations are consistently met on facilities and services The top 5 experience attributes influencing the customer’s willing to pay a premium Complete delivery on the promises made on the experience provided by the service for the money paid Helping, respectful, and empathetic service from staff across online/ offline channels The brand is well known and preferred amongst social circle - family, peers, and influencers Widespread availability of the hotel-chain across locations Relevant program structure and personalised benefits, keeping the customer coming back for more An individual’s willingness to pay a premium is driven by immediate needs. As today’s customer evolves, the focal aspects of premiumisation has shifted from functionality to experience. These aspect may as well translate as personalised convenience, omnichannel communication, or even exclusivity in customer support. Meeting customer expectations drives a sense of premiumisation 35 percent of the customers would feel the price is justified, if the facilities and services exceed the pictures or even the value promised while booking Beyond facilities in the room, service is the only dynamic factor, which makes or breaks good customer experience 30 percent would pay more for the same room, in a hotel that is perceived to provide or has provided better services in the past. In newer locations, a known, trusted brand, wins the hand. 24 percent would pay more for a brand that is well known and trusted by their family. Hence, positive word-of-mouth plays a key role in justifying high prices. Key Contacts Nikhil Sethi National Leader Consumer Goods and Co-Lead Customer & Operations KPMG in India mail Chintan Patel Partner, Deal Advisory & Head - Building, Construction and Real Estate KPMG in India mail Disclaimers This content sets forth the views of KPMG based on the completeness and accuracy of responses received from the participants and any assumptions that were included. If any of the responses is not complete or accurate, it could have a material effect on our conclusions. In accordance with its policy, KPMG advises that neither it nor any partner, director or employee undertakes any responsibility arising in any way whatsoever, to any person in respect of the matters dealt with in this content, including any errors or omissions therein, arising through negligence or otherwise, howsoever caused. While preparing the content, we have assumed the authenticity of all the responses or information referred or provided. We have not independently verified the accuracy, completeness, correctness or authenticity of the same. We assume no responsibility for content or any responses or information referred or provided. We have not performed an audit and do not express an opinion or any other form of assurance. Further, content is not intended, nor should it be interpreted to be legal advice or opinion. In connection with the content or any part thereof, KPMG does not owe duty of care (whether in contract or in tort or under statute or otherwise) to any person or party to whom the content is circulated to and KPMG shall not be liable to any party who uses or relies on this content. KPMG hereby disclaims all responsibility or liability for any costs, damages, losses, liabilities, expenses incurred by such third party arising out of or in connection with the content or any part thereof. The content contained herein is of a general nature and is not intended to address the circumstances of any particular individual or entity. Although we endeavor to provide accurate and timely information, there can be no guarantee that such information is accurate as of the date it is received or that it will continue to be accurate in the future. No one should act on such information without appropriate professional advice after a thorough examination of the particular situation. By reading the content the reader shall be deemed to have accepted the terms mentioned hereinabove. KPMG Assurance and Consulting Services LLP, Lodha Excelus, Apollo Mills Compound, NM Joshi Marg, Mahalaxmi, Mumbai – 400 011 Phone: +91 22 3989 6000, Fax: +91 22 3983 6000. © 2025 KPMG Assurance and Consulting Services LLP, an Indian Limited Liability Partnership and a member firm of the KPMG global organization of independent member firms affiliated with KPMG International Limited, a private English company limited by guarantee. All rights reserved. Contact Contact Us Submit RFP Contact Contact Us Submit RFP Media Press Releases Media Press Releases Company Careers About Us Company Careers About Us Legal Privacy Accessibility Help © 2025 KPMG Assurance and Consulting Services LLP, an Indian Limited Liability Partnership and a member firm of the KPMG global organization of independent member firms affiliated with KPMG International Limited, a private English company limited by guarantee. All rights reserved. For more detail about the structure of the KPMG global organization please visit https://kpmg.com/governance . north Back to top",2025-03-01 00:00:00,KPMG
"India CX Report'25: Consumer Durables
        
        Appliances have evolved beyond functionality. They now embody the essence of smart living
        
          Read morechevron_right",https://kpmg.com/in/en/insights/2025/03/india-cx-report-2025/consumer-durables.html,"India CX Report'25: Consumer Durables close contact_mail Contact us India (EN) close Search cancel menu close Insights Back Our Insights Our Perspectives Artificial Intelligence Supply chain Energy and Renewables Cyber Security Economy and Growth Environmental, Social and Governance (ESG) Technology Risk and Regulation Workforce Transformation Global Capability Centres Assurance Industries Back All industries Aerospace, Defence & Space Energy, Natural Resources and Chemicals Media Building and Construction Financial Services Sports Consumer Markets Government Technology Education and Skills Development Emerging Giants Program Telecommunications Life Sciences Transport and Logistics Services Back What we do Advisory Environmental, Social and Governance (ESG) Tax The KPMG Learning Academy Board Leadership Transformation Powered Connected Elevate Trusted Managed Services Artificial Intelligence You can with AI Trusted AI Artificial Intelligence Insights Who we are Back About us Leadership Media Offices Alumni How we work Alliances KPMG. Make the Difference. Client Stories Analyst Relations Our Impact Plan Corporate Citizenship Working with us Back Careers Experienced Professionals Life at KPMG in India Culture and values Students KPMG Global Services Back KGS Leadership Our people Corporate Social Responsibility Consulting Deal Advisory & Strategy Tax Capability Hubs close contact_mail Contact us India (EN) close search Search search Your search term was too short. Search terms must include 3 or more characters. Previous search terms close Cancel Home Insights Mastering intentional experiences: India CX report' 25 India CX Report'25: Consumer Durables India CX Report'25: Consumer Durables Appliances have evolved beyond functionality. They now embody the essence of smart living Share Did you know? chevron_left Large Appliances Small Appliances chevron_right support_agent Customer retention is low for large appliances, with 43 percent switchers seeking newer aspects and better deals thumb_up_alt Effective customer support and fostering trust in the brand are essential for building loyalty in the durable goods sector key Product quality and swift complaint resolution play a crucial role in shaping a customer's willingness to pay insights The segment is meeting only 79 percent of the customer’s experience requirement with low performance across ‘Personalisation’ pillar support_agent Customer stickiness is driven by trusted and reliable operations, translating into justified price-point, prompt support and preserved brand image category Customers are facing friction during assessment if the category is highly dependent on technical parameters vs functionality key 52 percent customers put more emphasis on POS (point-of-sale) experience. Warranties are a key differentiator, while online product testing remains a critical customer need donut_small Seamless ownership and trust drives premiumisation for small appliances India CX Report'25: Large Appliances Findings across electrical and electronic durables with limited portability and infrequent purchase cycle Read more India CX Report'25: Small Appliances Findings across electrical and electronic durables with high portability and frequent purchase cycles Read more Consumer durable brands must prioritise personalisation through technology. By leveraging data-driven insights, brands can tailor their offerings to meet individual customer preferences and build stronger emotional connections. Additionally, brands must focus on creating seamless omnichannel journeys, integrating physical and digital touchpoints to ensure a cohesive customer experience. This holistic approach builds trust and loyalty across multiple channels. By fostering long-term customer relationships and ensuring consistent engagement, brands can transform one-time transactions into recurring revenues, bolstering sustainable growth in the market. Nikhil Sethi National Leader Consumer Goods and Co-Lead Customer & Operations Key Contact Nikhil Sethi National Leader Consumer Goods and Co-Lead Customer & Operations KPMG in India mail Disclaimers This content sets forth the views of KPMG based on the completeness and accuracy of responses received from the participants and any assumptions that were included. If any of the responses is not complete or accurate, it could have a material effect on our conclusions. In accordance with its policy, KPMG advises that neither it nor any partner, director or employee undertakes any responsibility arising in any way whatsoever, to any person in respect of the matters dealt with in this content, including any errors or omissions therein, arising through negligence or otherwise, howsoever caused. While preparing the content, we have assumed the authenticity of all the responses or information referred or provided. We have not independently verified the accuracy, completeness, correctness or authenticity of the same. We assume no responsibility for content or any responses or information referred or provided. We have not performed an audit and do not express an opinion or any other form of assurance. Further, content is not intended, nor should it be interpreted to be legal advice or opinion. In connection with the content or any part thereof, KPMG does not owe duty of care (whether in contract or in tort or under statute or otherwise) to any person or party to whom the content is circulated to and KPMG shall not be liable to any party who uses or relies on this content. KPMG hereby disclaims all responsibility or liability for any costs, damages, losses, liabilities, expenses incurred by such third party arising out of or in connection with the content or any part thereof. The content contained herein is of a general nature and is not intended to address the circumstances of any particular individual or entity. Although we endeavor to provide accurate and timely information, there can be no guarantee that such information is accurate as of the date it is received or that it will continue to be accurate in the future. No one should act on such information without appropriate professional advice after a thorough examination of the particular situation. By reading the content the reader shall be deemed to have accepted the terms mentioned hereinabove. KPMG Assurance and Consulting Services LLP, Lodha Excelus, Apollo Mills Compound, NM Joshi Marg, Mahalaxmi, Mumbai – 400 011 Phone: +91 22 3989 6000, Fax: +91 22 3983 6000. © 2025 KPMG Assurance and Consulting Services LLP, an Indian Limited Liability Partnership and a member firm of the KPMG global organization of independent member firms affiliated with KPMG International Limited, a private English company limited by guarantee. All rights reserved. Contact Contact Us Submit RFP Contact Contact Us Submit RFP Media Press Releases Media Press Releases Company Careers About Us Company Careers About Us Legal Privacy Accessibility Help © 2025 KPMG Assurance and Consulting Services LLP, an Indian Limited Liability Partnership and a member firm of the KPMG global organization of independent member firms affiliated with KPMG International Limited, a private English company limited by guarantee. All rights reserved. For more detail about the structure of the KPMG global organization please visit https://kpmg.com/governance . north Back to top",2025-03-01 00:00:00,KPMG
"India CX Report'25: Small Appliances
        
        Findings across electrical and electronic durables with high portability and frequent purchase cycles
        
          Read morechevron_right",https://kpmg.com/in/en/insights/2025/03/india-cx-report-2025/consumer-durables/small-appliances.html,"India CX Report'25: Small Appliances close contact_mail Contact us India (EN) close Search cancel menu close Insights Back Our Insights Our Perspectives Artificial Intelligence Supply chain Energy and Renewables Cyber Security Economy and Growth Environmental, Social and Governance (ESG) Technology Risk and Regulation Workforce Transformation Global Capability Centres Assurance Industries Back All industries Aerospace, Defence & Space Energy, Natural Resources and Chemicals Media Building and Construction Financial Services Sports Consumer Markets Government Technology Education and Skills Development Emerging Giants Program Telecommunications Life Sciences Transport and Logistics Services Back What we do Advisory Environmental, Social and Governance (ESG) Tax The KPMG Learning Academy Board Leadership Transformation Powered Connected Elevate Trusted Managed Services Artificial Intelligence You can with AI Trusted AI Artificial Intelligence Insights Who we are Back About us Leadership Media Offices Alumni How we work Alliances KPMG. Make the Difference. Client Stories Analyst Relations Our Impact Plan Corporate Citizenship Working with us Back Careers Experienced Professionals Life at KPMG in India Culture and values Students KPMG Global Services Back KGS Leadership Our people Corporate Social Responsibility Consulting Deal Advisory & Strategy Tax Capability Hubs close contact_mail Contact us India (EN) close search Search search Your search term was too short. Search terms must include 3 or more characters. Previous search terms close Cancel Home Insights Mastering intentional experiences: India CX report' 25 India CX Report'25: Consumer Durables India CX Report'25: Small Appliances India CX Report'25: Small Appliances Findings across electrical and electronic durables with high portability and frequent purchase cycles Share Differentiating at the right journey touchpoints is the key to value creation Pre - purchase Key customer considerations Did the store/ website make it easy for me to assess the product and make the decision? Importance of the stage 36 percent of the consumers consider the pre - purchase experience as most impactful across all journey touchpoints Top rated experience parameters A) Website UX/UI and ease of understanding technical requirements B) Expert reviews and customer testimonials Hygiene parameters A) Offline demo and sales support Purchase Key customer considerations Was my POS (point-of-sale) experience good/ bad vs expected? Importance of the stage 52 percent of the consumers consider the purchase experience as most impactful across all journey touchpoints Top rated experience parameters A) Accuracy of product suggestions online or from salesman based on your requirement B) Warranty coverage Hygiene parameters A) Money saver offerings and special discounts B) Appliance testing Post - purchase Key customer considerations Did the product delivery and usage, meet the committed expectations? Importance of the stage 12 percent of the consumers consider the post - purchase experience as most impactful across all journey touchpoints Top rated experience parameters A) Ease of warranty extension B) Ease of product exchange in case of damage Hygiene parameters A) Convenience of availing customer support B) Online demo Customers encounter challenges in evaluating categories which are technical rather than functional Q1 - Did the store/ website make it easy for me to assess the product and make the decision? Voice of Customer insights Brand visibility and price range are the key customer considerations for small appliances “The SEO of native brands are better. I was researching different brands online to understand which one is under my budget, what are the features and functionality they offer, etc. This one brand which I was not aware of before, kept popping up in my searches ” “When looking for options it’s all about features – whether a certain product offers more or better features. Price is also very important, in a similar price range, I would go ahead and buy the better product (feature wise)” Three out of the six parameters, have a high variance between the ratings– website UX/UI, stock availability, and sales support at the store, specially while assessing water purifiers and invertors. Warranties are a key POS differentiator, while online product testing remains a critical customer need Q2 - Was my POS (point-of-sale) experience good/ bad vs expected? Voice of Customer insights Customer considers warranty, hidden service charges and customer reviews while making a purchase decision - “In other brands, I have pay some or the other charges (service, warranty etc.) almost on a monthly basis. I don’t like that tactic. Service means everything and it should be all inclusive. ” “Initially, I was confused on which one to buy but the two-year warranty was extremely crucial.” “When I am assessing a brand, I would consider customer reviews which are negative towards the brand and not any particular product feature. In the end if the brand has a positive image in the market the service would be good.” Appliance testing is the lowest performing parameter, specially being difficult to enable for online purchases. Post-purchase customer engagement is low, with most brands showing uniform performance Q3 - Did the product delivery and usage, meet the committed expectations? Voice of Customer insights Quality of resolution and reliable delivery with installation, supports in closing on a great purchase experience “ I mean, the entire delivery and installation process went so smooth. They installed within 15-20 minutes, and it was good .” “We have been using it regularly since the purchase and so far we have not faced any issues, hence haven't availed customer support . ” Overall, the segment excels in post-sales engagement, with average ratings ranging from 4.0 to 5.0, reflecting that the product largely meets customer expectations. Striking the right balance between delighting the customer and the cost of servicing them is key to maximising value Performance of the segment on the expected experience attributes Customers prefer compact and versatile products With space constraints and busy lifestyles, compact appliances that serve multiple purposes, are gaining popularity. While ‘product quality and range’ is high on priority, the segment is still low on meeting customer needs. Increased adoption in semi-urban and rural areas Awareness and accessibility are boosting demand for small appliances in these regions, supported by rising incomes and lifestyle changes due to hybrid working. Hence, better execution on delivery, returns, customer support, and in-store support, is essential for new customer acquisition. Customers are becoming more tech-savvy by the day The convenience of online shopping, coupled with detailed product reviews and competitive pricing, is driving more customers to purchase small appliances online. Customers are increasingly opting for IoT and AI-enabled appliances that offer energy efficiency and advanced controls. Customer stickiness is driven by trusted and reliable operations, translating into justified price-point, prompt support and preserved brand image Customer segmentation based on Satisfaction and Loyalty (percentage share of respondents) Customer retention is dependent on their satisfaction with the brand and their tendency to explore alternatives. ‘Ambassador’ are highly satisfied customers who will keep contributing to the brand’s success. ‘Switchers’ on the other hand, are always seeking better options. ‘Critics’ as the third segment, actively convey negative feedback about the brand, if not satisfied. Finally, ‘Dependents’ are customers who remain loyal despite low satisfaction due to lack of alternatives in the market. High-quality products and exceptional customer support is driving loyalty for 48 percent of the customers, serving as brand ambassadors Potential for brand switching due to unmet expectations Failure to meet brand promise makes ten percent of customers feel their investment was wasted, prompting them to explore other brands. If a brand’s reliability and reputation falter due to inconsistent performance or negative experiences, eight percent of customers may lose confidence and switch to more dependable alternatives. Unhelpful staff or lack of product demonstrations, can frustrate eight percent of customers and lead them to seek brands with better engagement and support. The segment is fulfilling 79/100 of the CX requirements, with a need for improvement on ‘Expectation’,’ Time and Effort’, and  ‘Empathy’  pillars Performance across the KPMG Six pillars of Customer Experience (Weightage of the pillars to the overall experience requirements) Expectation (22 percent), and Empathy (18 percent) are the key pillars of experience driving purchase decision Brands can also improve performance on 'Empathy’ pillar by a few of the following interventions – Simplify buying through user-friendly websites, mobile apps, and efficient in-store experiences. Offer appliances with pre-programmed settings and smart features (e.g., voice control, automatic adjustments) to minimise customer intervention. Create clear and concise user manuals, video tutorials, and maintenance tips to help customers use and care for their appliances. Brands can also improve performance on ‘Empathy’ pillar by - Developing products that cater to diverse customer groups, including those with specific physical or technological needs. Acknowledging customer loyalty by celebrating milestones like anniversaries of purchases. Addressing potential issues promptly, updating customers on delays or changes. Meeting customer expectations and saving time and effort on their part is impacting their willingness to pay Top experience attributes influencing the customer's willingness to pay Promised delivery of expectations from brand and product or the price paid Hassle-free delivery of product along with easy tracking and timely updates Ease of use, quality, and responsiveness of customer service High brand credibility driven in part by positive communication from social circles Consistent delivery of high-quality products with a range of engaging offerings An individual’s willingness to pay a premium is driven by immediate needs. As the today’s customer evolves, the focal aspects of premiumisation has shifted from functionality to experience. This aspect may translate as seamless ownership, omnichannel browsing or even exclusivity in customer support. Seamless ownership and trust drives premiumisation for small appliances 23 percent customers value timely and secure delivery, ensuring their appliance arrives in perfect condition without delays or damages, which justifies paying a premium for. 23 percent customers are willing to invest more on the brand which consistently delivers on its promises—such as quality, durability, or energy efficiency. Quick and effective support for queries, repairs, or installation issues enhances convenience and satisfaction. Thereby, 18 percent customers pay more for a seamless ownership experience 17 percent customers are willing to pay more for a trusted brand name. Key Contact Nikhil Sethi National Leader Consumer Goods and Co-Lead Customer & Operations KPMG in India mail Contact Contact Us Submit RFP Contact Contact Us Submit RFP Media Press Releases Media Press Releases Company Careers About Us Company Careers About Us Legal Privacy Accessibility Help © 2025 KPMG Assurance and Consulting Services LLP, an Indian Limited Liability Partnership and a member firm of the KPMG global organization of independent member firms affiliated with KPMG International Limited, a private English company limited by guarantee. All rights reserved. For more detail about the structure of the KPMG global organization please visit https://kpmg.com/governance . north Back to top",2025-03-01 00:00:00,KPMG
"India CX Report'25: Large Appliances
        
        Findings across electrical and electronic durables with limited portability and infrequent purchase cycle
        
          Read morechevron_right",https://kpmg.com/in/en/insights/2025/03/india-cx-report-2025/consumer-durables/large-appliances.html,"India CX Report'25: Large Appliances close contact_mail Contact us India (EN) close Search cancel menu close Insights Back Our Insights Our Perspectives Artificial Intelligence Supply chain Energy and Renewables Cyber Security Economy and Growth Environmental, Social and Governance (ESG) Technology Risk and Regulation Workforce Transformation Global Capability Centres Assurance Industries Back All industries Aerospace, Defence & Space Energy, Natural Resources and Chemicals Media Building and Construction Financial Services Sports Consumer Markets Government Technology Education and Skills Development Emerging Giants Program Telecommunications Life Sciences Transport and Logistics Services Back What we do Advisory Environmental, Social and Governance (ESG) Tax The KPMG Learning Academy Board Leadership Transformation Powered Connected Elevate Trusted Managed Services Artificial Intelligence You can with AI Trusted AI Artificial Intelligence Insights Who we are Back About us Leadership Media Offices Alumni How we work Alliances KPMG. Make the Difference. Client Stories Analyst Relations Our Impact Plan Corporate Citizenship Working with us Back Careers Experienced Professionals Life at KPMG in India Culture and values Students KPMG Global Services Back KGS Leadership Our people Corporate Social Responsibility Consulting Deal Advisory & Strategy Tax Capability Hubs close contact_mail Contact us India (EN) close search Search search Your search term was too short. Search terms must include 3 or more characters. Previous search terms close Cancel Home Insights Mastering intentional experiences: India CX report' 25 India CX Report'25: Consumer Durables India CX Report'25: Large Appliances India CX Report'25: Large Appliances Findings across electrical and electronic durables with limited portability and infrequent purchase cycle Share Differentiating at the right journey touchpoints is the key to value creation Pre - purchase Key customer considerations Did the store/ website make it easy for me to assess the product and make the decision? Importance of the stage 41 percent of the consumers put emphasis on pre - purchase stage in defining the overall experience with the brand as most impactful across all journey touchpoints Top rated experience parameters A) Ease of comparing options/ features B)  Relevance of customer reviews Hygiene parameters A) Ease of understanding technical requirements B) Ease of visualising aspects of the appliance Purchase Key customer considerations Was my POS (point-of-sale) experience good/ bad vs expected? Importance of the stage 46 percent of the consumers consider the purchase experience as most impactful across all journey touchpoint Top rated experience parameters A) Appliance testing and demo B) Variety of payment options - EMI, COD C) Warranty coverage Hygiene parameters A) Ease of comparing price across platform B) Money saver offerings C) Accuracy of product suggestion Post - purchase Key customer considerations Did the product delivery and usage, meet the committed expectations? Importance of the stage 13 percentof the consumers consider the post - purchase experience as most impactful across all journey touchpoint Top rated experience parameters A) Ease of warranty extension B) Quality of resolution C) Remove point Hygiene parameters A) Troubleshooting support B) Ease of product exchange in case of damage Global brands have better performance vs Indian brands during pre - purchase; Need for improvement across product comparison Q1 - Did the store/ website make it easy for me to assess the product and make the decision? Voice of Customer insights Low stock availability at the store was cited as a factor influencing customer decision at the pre-purchase stage – “I went to nearby shop and I saw there was brand A, Since brand B was not available, I purchased brand A, despite being a regular customer of brand B” “ I generally purchase ACs from two specific Japanese brands. However, when I went to the store, a two-tom AC was not available in my preferred brand. Hence, I had to go with brand X, one which I had not considered originally” Customers also cited that reviews were crucial in assessing the purchase “If a brand I like is launching a new product, I'll definitely purchase it. However, the product should have great customer reviews online” Better service at store and managing transparency on price, can significantly improve customer conversions Q2 - Was my POS (point-of-sale) experience good/ bad vs expected? Voice of Customer insights Accuracy of product suggestions can significantly impact customer experience during purchase “I didn't like the service at the store. Their intention was only to sell the product. Ma'am, this model is good. You can take this. But they were not giving the solution I needed. So, I didn't like that.” Customers compare price across platforms and want money saver offerings and special discounts “In showroom, they said there is no offer on the product. The same product, was there on e-commerce with offer. So Rs.38,000 washing machine in store was Rs.33,000 on marketplaces.” “Also, at the store, they did not have any offers on my preferred credit card. So, that was the reason behind my decision to not make the purchase. They must at least provide offers on 2-3 cards, which are commonly owned by people” Customer interaction with the brand is low beyond warranty extension and product exchange during post-purchase Q3 - Did the product delivery and usage, meet the committed expectations? Voice of Customer insights At a segment level, the ease of product exchange is a friction area for the customers. Brands which provide great deals and special discounts especially for loyal and regular customers have received a better rating. A notable variance in customer ratings was observed regarding the ease of warranty extension. The initial step—warranty registration—is currently manual and heavily reliant on customer effort. By automating this process and utilizing previously shared customer information for timely reminders, brands can streamline warranty extensions and significantly enhance the overall experience. Striking the right balance between delighting the customer and the cost of servicing them is key to maximising value Performance of the segment on the prioritised experience attributes Consumers are increasingly opting for opting for feature rich products – Instilling brand trust and offering high-quality products are the key attributes brands are performing well on. Products that offer multiple functions are gaining popularity Artificial intelligence and smart connectivity are playing a bigger role in consumer decision-making, as it is easier to maintain or reach out for customer support on those products Despite the trend towards premiumisation, affordability remains important – Many consumers are willing to try new products if they are budget-friendly and offer good value Customer retention is low for large appliances, with  43 percent switchers seeking newer aspects and better deals Customer segmentation based on Satisfaction and Loyalty (percentage share of respondents) Customer retention is dependent on their satisfaction with the brand and their tendency to explore alternatives. ‘Ambassador’ are highly satisfied customers who will keep contributing to the brand’s success. ‘Switchers’ on the other hand, are always seeking better options. ‘Critics’ as the third segment, actively convey negative feedback about the brand, if not satisfied. Finally, ‘Dependents’ are customers who remain loyal despite low satisfaction due to lack of alternatives in the market. Customer loyalty driven by high product quality and exceptional customer support A substantial 55 percent of the customer base serves as brand ambassadors, consistently choosing their preferred brand based on the reliability and performance of the products and efficient and helpful customer service Potential for brand switching due to unmet expectations If the product does not live up to these expectations, nine percent consumers may seek alternatives. Timely and hassle-free delivery is crucial. Any delays, damages, or inconvenience during the delivery process can lead to customer dissatisfaction and potential brand switching. The ability of the segment to perform on CX requirements is 79/100, with a need for improvement on the ‘Personalisation’ pillar Performance across the KPMG Six pillars of Customer Experience (Weightage of the pillars to the overall experience requirements) ‘Expectation’ (22 percent) and ‘Empathy’ (18 percent) are the key pillars of experience while making a purchase decision Within expectation, the top two attributes driving decisions are – Promised value for the money paid Appliance quality with a wide range of features. Within Empathy, the top two attributes driving decisions are Service by staff across all channels Store experience. On average, brands are fulfilling 79 percent on the experience requirements. The most underperforming pillar being ‘Personalisation’ Brands must provide an omnichannel browsing experience and product customisations. The segment is driving profitability from its loyal customers, with high willingness to pay for product quality and trusted brand name Top experience attributes influencing the customer’s willing to pay Consistent delivery of high-quality products with a range of engaging offerings Ease of use, quality, and responsiveness of customer service Helping, respectful and empathetic service from staff across online/ offline channels High brand credibility driven in part by positive communication from social circles Simplicity of the buying process, including a smooth, fast, and secure checkout An individual’s willingness to pay a premium is driven by immediate needs. As the today’s customer evolves, the focal aspects of premiumisation has shifted from functionality to experience. This aspect may translate as seamless ownership, omnichannel browsing or even exclusivity in customer support. 32 percent consumers are more willing to pay a premium for high-quality appliances due to the assurance of durability, performance, and long-term value. 31 percent customers will pay more for easy to use customer support and satisfactory resolution 27 percent of the customers can be influenced to pay a premium on – Trusted brand names offers assurance of quality, reliability, and after-sales service. Customers are willing to pay more for a seamless checkout process because it saves them time, reduces stress, and ensures a smooth and hassle-free purchase experience. Key Contact Nikhil Sethi National Leader Consumer Goods and Co-Lead Customer & Operations KPMG in India mail Contact Contact Us Submit RFP Contact Contact Us Submit RFP Media Press Releases Media Press Releases Company Careers About Us Company Careers About Us Legal Privacy Accessibility Help © 2025 KPMG Assurance and Consulting Services LLP, an Indian Limited Liability Partnership and a member firm of the KPMG global organization of independent member firms affiliated with KPMG International Limited, a private English company limited by guarantee. All rights reserved. For more detail about the structure of the KPMG global organization please visit https://kpmg.com/governance . north Back to top",2025-03-01 00:00:00,KPMG
"Evolving third party landscape in India's media and entertainment industry
        
        Addressing third-party risks for ensuring the sustainable growth, compliance, and resilience of the media and entertainment sector
        
          Read morechevron_right",https://kpmg.com/in/en/insights/2025/03/evolving-third-party-landscape-in-indias-media-and-entertainment-industry.html,"Evolving third party landscape in India's media and entertainment industry close contact_mail Contact us India (EN) close Search cancel menu close Insights Back Our Insights Our Perspectives Artificial Intelligence Supply chain Energy and Renewables Cyber Security Economy and Growth Environmental, Social and Governance (ESG) Technology Risk and Regulation Workforce Transformation Global Capability Centres Assurance Industries Back All industries Aerospace, Defence & Space Energy, Natural Resources and Chemicals Media Building and Construction Financial Services Sports Consumer Markets Government Technology Education and Skills Development Emerging Giants Program Telecommunications Life Sciences Transport and Logistics Services Back What we do Advisory Environmental, Social and Governance (ESG) Tax The KPMG Learning Academy Board Leadership Transformation Powered Connected Elevate Trusted Managed Services Artificial Intelligence You can with AI Trusted AI Artificial Intelligence Insights Who we are Back About us Leadership Media Offices Alumni How we work Alliances KPMG. Make the Difference. Client Stories Analyst Relations Our Impact Plan Corporate Citizenship Working with us Back Careers Experienced Professionals Life at KPMG in India Culture and values Students KPMG Global Services Back KGS Leadership Our people Corporate Social Responsibility Consulting Deal Advisory & Strategy Tax Capability Hubs close contact_mail Contact us India (EN) close search Search search Your search term was too short. Search terms must include 3 or more characters. Previous search terms close Cancel Home Insights Evolving third party landscape in India's media and entertainment industry Evolving third party landscape in India's media and entertainment industry Addressing third-party risks for ensuring the sustainable growth, compliance, and resilience of the media and entertainment sector event 28 Mar, 2025 Share “Evolving third party landscape in India's media and entertainment industry"" provides an in-depth analysis of the dynamic media and entertainment (M&E) sector in India. It highlights the transition from traditional formats to digital platforms, emphasising the opportunities and risks associated with this evolution. The report underscores the importance of third-party risk management, focusing on the diverse range of third parties such as content creators, distributors, digital platforms, advertising agencies, and production houses. Key risks identified include intellectual property violations, data privacy issues, regulatory non-compliances, and reputational damage. The global M&E industry size is estimated at USD32.21 billion in 2025 and is expected to reach USD 46.89 billion by 2030, with the Indian market expected to grow at a CAGR of 10.2%, reaching USD 30.8 billion by 2024 and USD3.08 trillion by 2026. The report also discusses past, present, and future trends, including the decline of print media, the rise of influencer partnerships, and the transformative impact of AI and data analytics on content production and distribution. Regulatory compliance is a significant focus, with detailed insights into data protection laws, content licensing, and ethical practices. The report identifies key compliance areas and regulatory bodies in India, such as the Ministry of Information and Broadcasting, Central Board of Film Certification, and Telecom Regulatory Authority of India. It also outlines typical risks associated with third parties, including reputational, legal, regulatory, and financial risks. The analysis is supported by data from KPMG in India's evaluation of over 1,000 third parties, highlighting the prevalence of compliance issues, litigation, insolvency, and fraudulent activities. The report concludes with a demonstration of KPMG in India's expertise in managing third-party risks, emphasising the need for robust due diligence processes to navigate the complex M&E landscape effectively. This comprehensive overview provides valuable insights for stakeholders aiming to mitigate risks and ensure sustainable growth in India's evolving media and entertainment industry. Evolving third party landscape in India's media and entertainment industry Addressing third-party risks for ensuring the sustainable growth, compliance, and resilience of the media and entertainment sector Download the report (1.08 MB) Key Contacts Maneesha Garg Partner & Head – Managed Services, Forensic, F&A, HR, Learning, Insight Led sales, Digital business operations and Sourcing KPMG in India mail Ummehaani Partner – Third party due diligence; ESG Supply chain diligence KPMG in India mail Access our latest insights on Apple or Android devices Click here for Google play Click here for App Store Contact Contact Us Submit RFP Contact Contact Us Submit RFP Media Press Releases Media Press Releases Company Careers About Us Company Careers About Us Legal Privacy Accessibility Help © 2025 KPMG Assurance and Consulting Services LLP, an Indian Limited Liability Partnership and a member firm of the KPMG global organization of independent member firms affiliated with KPMG International Limited, a private English company limited by guarantee. All rights reserved. For more detail about the structure of the KPMG global organization please visit https://kpmg.com/governance . north Back to top",2025-03-01 00:00:00,KPMG
"Issue no. 104 | March 2025
        
        This edition discusses topics such as optional concentration test in business combination, auto PLI scheme and regulatory updates
        
          Read morechevron_right",https://kpmg.com/in/en/insights/2025/03/aau-accounting-and-auditing-update-march-2025.html,"Issue no. 104 | March 2025 close contact_mail Contact us India (EN) close Search cancel menu close Insights Back Our Insights Our Perspectives Artificial Intelligence Supply chain Energy and Renewables Cyber Security Economy and Growth Environmental, Social and Governance (ESG) Technology Risk and Regulation Workforce Transformation Global Capability Centres Assurance Industries Back All industries Aerospace, Defence & Space Energy, Natural Resources and Chemicals Media Building and Construction Financial Services Sports Consumer Markets Government Technology Education and Skills Development Emerging Giants Program Telecommunications Life Sciences Transport and Logistics Services Back What we do Advisory Environmental, Social and Governance (ESG) Tax The KPMG Learning Academy Board Leadership Transformation Powered Connected Elevate Trusted Managed Services Artificial Intelligence You can with AI Trusted AI Artificial Intelligence Insights Who we are Back About us Leadership Media Offices Alumni How we work Alliances KPMG. Make the Difference. Client Stories Analyst Relations Our Impact Plan Corporate Citizenship Working with us Back Careers Experienced Professionals Life at KPMG in India Culture and values Students KPMG Global Services Back KGS Leadership Our people Corporate Social Responsibility Consulting Deal Advisory & Strategy Tax Capability Hubs close contact_mail Contact us India (EN) close search Search search Your search term was too short. Search terms must include 3 or more characters. Previous search terms close Cancel Home Insights Issue no. 104 | March 2025 Issue no. 104 | March 2025 This edition discusses topics such as optional concentration test in business combination, auto PLI scheme and regulatory updates event 28 Mar, 2025 Share Ind AS 103, Business Combinations provides a structured framework for accounting of business combinations including guidance related to topics such as assessing whether the acquired set of activities and assets constitute a business, identification of acquirer and acquisition date, measuring consideration, measuring non-controlling interests, etc. A critical consideration in accounting for business acquisitions is the classification of the acquired set of activities and assets as either a business or a group of assets. This classification impacts how the transaction is reported in financial statements. Given the complexities involved, Ind AS 103 provides an acquirer with a choice of using a simplified approach, referred to as the ‘concentration test’, to determine whether the acquired set of assets and activities constitute a business or not. This edition of Accounting and Auditing Update (AAU) includes an article that discusses the key principles while using the optional concentration test. In September 2021, the Government of India had introduced the Production Linked Incentive Scheme for Automobile and Auto Component Industry (auto sector) (PLI Scheme). The PLI Scheme provides financial incentives to boost the domestic capability of manufacturing of Advanced Automotive Technology (AAT) products and attract investments in the automotive manufacturing value chain. This publication features an article that provides an overview of the PLI scheme. The article, inter-alia, discusses the basic eligibility criteria and annual performance conditions for being eligible to claim the incentive under the scheme, the claim application process and key accounting considerations for applicants. As always, we have included a regular round-up of recent regulatory updates in India and internationally. As always, we have included a regular round-up of recent regulatory updates in India and internationally. We would be delighted to receive feedback and suggestions from you on the topics we should cover in forthcoming editions of AAU. For more information on this update, please write to aaupdate@kpmg.com . Issue no. 104 | March 2025 Accounting and Auditing Update March 2025 Read more Chapter 1 The optional concentration test in business combination Read more Chapter 2 Auto PLI scheme Read more Chapter 3 Regulatory updates Read more Access our latest insights on Apple or Android devices Click here for Google play Click here for App Store Contact Contact Us Submit RFP Contact Contact Us Submit RFP Media Press Releases Media Press Releases Company Careers About Us Company Careers About Us Legal Privacy Accessibility Help © 2025 KPMG Assurance and Consulting Services LLP, an Indian Limited Liability Partnership and a member firm of the KPMG global organization of independent member firms affiliated with KPMG International Limited, a private English company limited by guarantee. All rights reserved. For more detail about the structure of the KPMG global organization please visit https://kpmg.com/governance . north Back to top",2025-03-01 00:00:00,KPMG
"Related party transactions – Minimum information for review
        
        This issue of the First Notes provides an overview of the Industry Standards issued for minimum information for review of related party transactions
        
          Read morechevron_right",https://kpmg.com/in/en/insights/2025/03/firstnotes-related-party-transactions-minimum-information-for-review.html,"Related party transactions – Minimum information for review close contact_mail Contact us India (EN) close Search cancel menu close Insights Back Our Insights Our Perspectives Artificial Intelligence Supply chain Energy and Renewables Cyber Security Economy and Growth Environmental, Social and Governance (ESG) Technology Risk and Regulation Workforce Transformation Global Capability Centres Assurance Industries Back All industries Aerospace, Defence & Space Energy, Natural Resources and Chemicals Media Building and Construction Financial Services Sports Consumer Markets Government Technology Education and Skills Development Emerging Giants Program Telecommunications Life Sciences Transport and Logistics Services Back What we do Advisory Environmental, Social and Governance (ESG) Tax The KPMG Learning Academy Board Leadership Transformation Powered Connected Elevate Trusted Managed Services Artificial Intelligence You can with AI Trusted AI Artificial Intelligence Insights Who we are Back About us Leadership Media Offices Alumni How we work Alliances KPMG. Make the Difference. Client Stories Analyst Relations Our Impact Plan Corporate Citizenship Working with us Back Careers Experienced Professionals Life at KPMG in India Culture and values Students KPMG Global Services Back KGS Leadership Our people Corporate Social Responsibility Consulting Deal Advisory & Strategy Tax Capability Hubs close contact_mail Contact us India (EN) close search Search search Your search term was too short. Search terms must include 3 or more characters. Previous search terms close Cancel Home Insights Related party transactions – Minimum information for review Related party transactions – Minimum information for review This issue of the First Notes provides an overview of the Industry Standards issued for minimum information for review of related party transactions event 25 Mar, 2025 Share Introduction The Securities and Exchange Board of India (SEBI) (Listing Obligations and Disclosure Requirements) Regulations, 2015 (LODR Regulations) requires Related Party Transactions (RPTs) to be approved by the Audit Committee and, where applicable, by the shareholders. The (SEBI) issued a Master Circular on 11 November 2024, providing broad requirements on the information to be placed before the Audit Committee and shareholders for approval of RPTs under Section III-B of the said SEBI Circular. However, no specific format for such information was provided. New development To facilitate a uniform approach and assist listed entities in complying with these requirements, SEBI issued a circular on 14 February 2025, specifying that listed entities should comply with the Industry Standards on ‘Minimum information to be provided for Review of the Audit Committee and Shareholders for approval of an RPT’ (RPT Industry Standards). The RPT Industry Standards have been formulated by the Industry Standards Forum (ISF), comprising representatives from three industry associations: Associated Chambers of Commerce and Industry of India (ASSOCHAM), Confederation of Indian Industry (CII), and Federation of Indian Chambers of Commerce and Industry (FICCI) in consultation with SEBI. This issue of First Notes aims to provide an overview of the Industry Standards issued for minimum requirements for the approval of RPTs. The RPT Industry Standards will be applicable effective 1 July 2025. Related party transactions – Minimum information for review This issue of the First Notes provides an overview of the Industry Standards issued for minimum information for review of related party transactions Download Access our latest insights on Apple or Android devices Click here for Google play Click here for App Store Contact Contact Us Submit RFP Contact Contact Us Submit RFP Media Press Releases Media Press Releases Company Careers About Us Company Careers About Us Legal Privacy Accessibility Help © 2025 KPMG Assurance and Consulting Services LLP, an Indian Limited Liability Partnership and a member firm of the KPMG global organization of independent member firms affiliated with KPMG International Limited, a private English company limited by guarantee. All rights reserved. For more detail about the structure of the KPMG global organization please visit https://kpmg.com/governance . north Back to top",2025-03-01 00:00:00,KPMG
"Third-party risks in the pharmaceutical supply chain
        
        Mitigating risks in pharmaceutical supply chain - bribery, counterfeit drugs and fraud. Offering PoV on risk mitigation and regulatory insights
        
          Read morechevron_right",https://kpmg.com/in/en/insights/2025/03/third-party-risks-in-the-pharmaceutical-supply-chain.html,"Third-party risks in the pharmaceutical supply chain close contact_mail Contact us India (EN) close Search cancel menu close Insights Back Our Insights Our Perspectives Artificial Intelligence Supply chain Energy and Renewables Cyber Security Economy and Growth Environmental, Social and Governance (ESG) Technology Risk and Regulation Workforce Transformation Global Capability Centres Assurance Industries Back All industries Aerospace, Defence & Space Energy, Natural Resources and Chemicals Media Building and Construction Financial Services Sports Consumer Markets Government Technology Education and Skills Development Emerging Giants Program Telecommunications Life Sciences Transport and Logistics Services Back What we do Advisory Environmental, Social and Governance (ESG) Tax The KPMG Learning Academy Board Leadership Transformation Powered Connected Elevate Trusted Managed Services Artificial Intelligence You can with AI Trusted AI Artificial Intelligence Insights Who we are Back About us Leadership Media Offices Alumni How we work Alliances KPMG. Make the Difference. Client Stories Analyst Relations Our Impact Plan Corporate Citizenship Working with us Back Careers Experienced Professionals Life at KPMG in India Culture and values Students KPMG Global Services Back KGS Leadership Our people Corporate Social Responsibility Consulting Deal Advisory & Strategy Tax Capability Hubs close contact_mail Contact us India (EN) close search Search search Your search term was too short. Search terms must include 3 or more characters. Previous search terms close Cancel Home Insights Third-party risks in the pharmaceutical supply chain Third-party risks in the pharmaceutical supply chain Mitigating risks in pharmaceutical supply chain - bribery, counterfeit drugs and fraud. Offering PoV on risk mitigation and regulatory insights event 24 Mar, 2025 Share The pharmaceutical supply chain is confronted with various risks that can significantly affect both operational efficiency and public health outcomes. Our Point of View (PoV) provides information on key issues such as bribery and corruption, emergence of counterfeit medications, environmental factors and damages, supply chain manipulation characterised by fraud or misrepresentation of products and theft, and diversion of pharmaceutical products, whether occurring during manufacturing, transit, or at distribution points, demonstrated through our experience in conducting risk assessments for clients and outlines the regulatory requirements of the industry. How can pharmaceutical companies mitigate risks in their supply chain? In order to manage the risks within supply chain, pharmaceutical companies must put appropriate measures in place to monitor and control the supply chain’s operational activities. Due diligence plays a major role in mitigating these supply chain risks – financial, operational, ESG (Environmental, Social and Governance), reputational, quality control, legal and compliance, regulatory, concentration, among other risks. Regulatory compliance: a mandatory requirement to mitigate supply chain risks in pharmaceutical industry In recent years, the healthcare and pharmaceutical industry has undergone significant changes driven by stringent regulatory requirements in disclosures, technological progress, the growth of remote care, shifting consumer habits towards innovative products, the effects of the COVID-19 pandemic, and the emergence of new competitors in the market. Acknowledging the opportunity for expansion, governments across the world have initiated efforts to regulate the pharmaceutical industry. The pharmaceutical industry is heavily regulated by country-specific regulatory authorities. Considering the potential risks such as legal, financial, operational, and environmental risks, it is imperative for pharmaceutical manufacturers to have a thorough understanding of the regulatory authorities that oversee their operations in order to mitigate the risks associated with non-compliance. Regulatory approvals are mandatory in the U.S., Europe, and other regions across the globe for the introduction of new pharmaceuticals and medical devices into the market, as well as at each stage of the supply chain including raw material supply, manufacturing, distribution, and marketing, etc. Pharmaceutical companies are increasingly depending on supply chains to tap into specialised expertise, cut costs, speed up product delivery, and manage logistics more effectively. However, throughout the supply chain stages, the third-parties have violated several regulations set by regulatory authorities. This reliance on supply chains exposes them to various risks, including regulatory, reputational, and operational risks. Pharmaceutical companies depend on third-parties for various reasons, including gaining specialised knowledge and resources, reducing costs, and managing logistics. Adhering to regulatory standards is essential and cannot be compromised in the pharmaceutical industry. Regulatory agencies formulate guidelines and regulations governing all aspects of the pharmaceutical process, including research and development, manufacturing, distribution, and marketing. Regulatory risks within the pharmaceutical supply chain may encompass instances of non-compliance with established regulations, potentially resulting in delays in shipments or rejection by customs authorities. Due diligence on their supply chains can help to identify and assess potential risks, which can assist pharmaceutical companies in effectively mitigating these risks. Third-party risks in the pharmaceutical supply chain Mitigating risks in pharmaceutical supply chain - bribery, counterfeit drugs and fraud. Offering PoV on risk mitigation and regulatory insights Download the report (1.22 MB) Key Contacts Maneesha Garg Partner & Head – Managed Services, Forensic, F&A, HR, Learning, Insight Led sales, Digital business operations and Sourcing KPMG in India mail Ummehaani Partner – Third party due diligence; ESG Supply chain diligence KPMG in India mail Access our latest insights on Apple or Android devices Click here for Google play Click here for App Store Contact Contact Us Submit RFP Contact Contact Us Submit RFP Media Press Releases Media Press Releases Company Careers About Us Company Careers About Us Legal Privacy Accessibility Help © 2025 KPMG Assurance and Consulting Services LLP, an Indian Limited Liability Partnership and a member firm of the KPMG global organization of independent member firms affiliated with KPMG International Limited, a private English company limited by guarantee. All rights reserved. For more detail about the structure of the KPMG global organization please visit https://kpmg.com/governance . north Back to top",2025-03-01 00:00:00,KPMG
"Intelligent retail
        
        Exploring transformative AI impact in retail, unlocking value through integration of advanced systems. Framework for effective AI solutions in retail
        
          Read morechevron_right",https://kpmg.com/in/en/insights/2025/03/intelligent-retail.html,"Intelligent retail close contact_mail Contact us India (EN) close Search cancel menu close Insights Back Our Insights Our Perspectives Artificial Intelligence Supply chain Energy and Renewables Cyber Security Economy and Growth Environmental, Social and Governance (ESG) Technology Risk and Regulation Workforce Transformation Global Capability Centres Assurance Industries Back All industries Aerospace, Defence & Space Energy, Natural Resources and Chemicals Media Building and Construction Financial Services Sports Consumer Markets Government Technology Education and Skills Development Emerging Giants Program Telecommunications Life Sciences Transport and Logistics Services Back What we do Advisory Environmental, Social and Governance (ESG) Tax The KPMG Learning Academy Board Leadership Transformation Powered Connected Elevate Trusted Managed Services Artificial Intelligence You can with AI Trusted AI Artificial Intelligence Insights Who we are Back About us Leadership Media Offices Alumni How we work Alliances KPMG. Make the Difference. Client Stories Analyst Relations Our Impact Plan Corporate Citizenship Working with us Back Careers Experienced Professionals Life at KPMG in India Culture and values Students KPMG Global Services Back KGS Leadership Our people Corporate Social Responsibility Consulting Deal Advisory & Strategy Tax Capability Hubs close contact_mail Contact us India (EN) close search Search search Your search term was too short. Search terms must include 3 or more characters. Previous search terms close Cancel Home Insights Intelligent retail Intelligent retail Exploring transformative AI impact in retail, unlocking value through integration of advanced systems. Framework for effective AI solutions in retail event 24 Mar, 2025 Share AI is rewriting the rules of Retail. Are you ready? We explore the transformative impact of AI on the retail sector, highlighting how it can unlock significant value. The integration of AI and advanced autonomous systems is paving the way for unprecedented innovation and operational efficiency within the sector. Our findings offer a strategic framework for organizations to effectively leverage AI solutions for retail and enhance customer experiences. At-a-glance insights: AI experience is greater than in other sectors 0% have been using AI for over 3 years 47% of retailers state that AI has become core to their business The benefits are flowing through 0% have seen efficiency improvements 55% have seen a moderate to very high ROI from their investments so far The pressure is on to prove ROI 0% face significant pressure from shareholders to show immediate ROI on AI investment 71% anticipate an ROI of more than 10 percent from AI in the next year Retail is seeing strong impact of AI across business functions and budgets are continuing to increase 64% say their organization has experienced a moderate to high impact from AI on many functions 7 in 10 say the percentage of their organization’s technology budget that goes towards AI will increase over the next year Improving customer experience and decision making comes out top for AI goals How to realize value from your AI transformation journey To address these challenges, KPMG introduces the three phases of AI value — a framework designed to guide retailers through the AI adoption journey. This phased approach provides a structured roadmap, helping retail prioritize investments, align initiatives with business goals, and position themselves effectively in the age of AI in retail. Enable The Enable phase focuses on enabling people and building AI foundations. Organisations appoint a responsible executive, create an AI strategy, identify high-value use cases, boost AI literacy, align with regulations and establish ethical guardrails. AI pilots are launched across functions, while cloud platforms and pre-trained models are leveraged with minimal customisation. Embed The Embed phase integrates AI into workflows, products, services, value streams, robotics, and wearables, delivering greater value. A senior leader drives enterprise-wide workforce redesign, re-skilling and change, embedding AI into operating models with a focus on ethics, trust and security. AI agents and diverse models are deployed, supported by cloud and legacy tech modernisation, while enterprise-wide data enhances operations. Evolve The Evolve phase evolves business models and ecosystems, using AI and frontier technologies like quantum computing and blockchain to solve large sector-wide challenges. AI orchestrates seamless value across enterprises and partners. Emphasizing ethics and trust with real-time security, this phase uplifts human potential with broad and deep workforce training, fostering a creative, innovative and value-driven future. Intelligent retail Exploring transformative AI impact in retail, unlocking value through integration of advanced systems. Framework for effective AI solutions in retail Download the report Key Contact Dr. Puneet Mansukhani Partner TE-Retail I Sector Head Retail I Head Global Retail - Digital and Technology Transformation KPMG in India mail Access our latest insights on Apple or Android devices Click here for Google play Click here for App Store Contact Contact Us Submit RFP Contact Contact Us Submit RFP Media Press Releases Media Press Releases Company Careers About Us Company Careers About Us Legal Privacy Accessibility Help © 2025 KPMG Assurance and Consulting Services LLP, an Indian Limited Liability Partnership and a member firm of the KPMG global organization of independent member firms affiliated with KPMG International Limited, a private English company limited by guarantee. All rights reserved. For more detail about the structure of the KPMG global organization please visit https://kpmg.com/governance . north Back to top",2025-03-01 00:00:00,KPMG
"India’s digital transformation provides a blueprint for growth amidst a global polycrisis
        
        The World Economic Forum in Davos highlighted India’s opportunity to emerge as a global digital leader amidst the ‘polycrisis’
        
          Read morechevron_right",https://kpmg.com/in/en/blogs/2025/03/indias-digital-transformation-provides-a-blueprint-for-growth-amidst-a-global-polycrisis.html,"India’s digital transformation provides a blueprint for growth amidst a global polycrisis close contact_mail Contact us India (EN) close Search cancel menu close Insights Back Our Insights Our Perspectives Artificial Intelligence Supply chain Energy and Renewables Cyber Security Economy and Growth Environmental, Social and Governance (ESG) Technology Risk and Regulation Workforce Transformation Global Capability Centres Assurance Industries Back All industries Aerospace, Defence & Space Energy, Natural Resources and Chemicals Media Building and Construction Financial Services Sports Consumer Markets Government Technology Education and Skills Development Emerging Giants Program Telecommunications Life Sciences Transport and Logistics Services Back What we do Advisory Environmental, Social and Governance (ESG) Tax The KPMG Learning Academy Board Leadership Transformation Powered Connected Elevate Trusted Managed Services Artificial Intelligence You can with AI Trusted AI Artificial Intelligence Insights Who we are Back About us Leadership Media Offices Alumni How we work Alliances KPMG. Make the Difference. Client Stories Analyst Relations Our Impact Plan Corporate Citizenship Working with us Back Careers Experienced Professionals Life at KPMG in India Culture and values Students KPMG Global Services Back KGS Leadership Our people Corporate Social Responsibility Consulting Deal Advisory & Strategy Tax Capability Hubs close contact_mail Contact us India (EN) close search Search search Your search term was too short. Search terms must include 3 or more characters. Previous search terms close Cancel Home Blogs India’s digital transformation provides a blueprint for growth amidst a global polycrisis India’s digital transformation provides a blueprint for growth amidst a global polycrisis The World Economic Forum in Davos highlighted India’s opportunity to emerge as a global digital leader amidst the ‘polycrisis’ event 19 Mar, 2025 Share The recently concluded World Economic Forum meet in Davos highlighted India’s opportunity to emerge as a global digital leader amidst the ‘polycrisis’—a combination of geopolitical risk, climate change effects, and tech disruptions, facing the world today. What stood out was the critical role of technology, in navigating these crises. Interesting views were shared on leveraging digital transformation for resilience and growth. India I believe, is already on a solid footing and strategically placed to lead the ‘intelligent age’ with its youthful and tech savvy population and track record of leveraging technology for inclusive growth. Technology will be key for thriving in the intelligent era and navigating uncertainty. It provides a means for organisations to be resilient, create new growth avenues and move with agility in the face of these challenges.  Artificial Intelligence as we all know continues to revolutionize industries with advanced data analysis and predictive capabilities. Today India is leading with pioneering innovations, setting global benchmarks in sectors like space exploration, biotechnology, AI, and quantum technology. These advancements could pave the way for addressing challenges we are confronted with and contribute to our progress and our  commitment to leveraging technology for sustainable growth and development. India’s digital transformation blueprint India’s implementation of projects as Aadhaar, Digital India, and BharatNet exemplify its digital prowess. The unique identification project, Aadhaar, is one of the largest globally, with 1.38 billion enrolments. Nonetheless, we must pause and ask ourselves -Where does India stand on AI? Have significant strides been made? The answer to all these questions is – Yes, but there exists a pressing need for the government to invest in AI at levels comparable to the private sector. The government's vision for Digital Public Infrastructure aims to create a robust, inclusive, and secure digital ecosystem. This is indeed commendable, considering our story provides a unique case of an indigenous, open-sourced, public-private-led and impactful digitalisation story with limited resources. The fact that India’s DPI is conceived domestically as a DPG combined with the mission to make it exportable to other countries needs to be given the necessary attention across the world. To this effect, government data shows Digital India has helped to increase the country’s internet subscriber base multi-fold -- from around 250 million subscribers in 2014 to 950 million subscribers in 2024.  BharatNet has connected around 200,000 villages to broadband. Coupled with these initiatives, the country has also taken steps to harness its human capital by upskilling and re-skilling its workforce to be future ready. Initiatives such as the Pradhan Mantri Gramin Digital Saksharta Abhiyan (PMGDISHA) are taking digital literacy to rural India, while others such as the Skill India Mission and FutureSkills PRIME are making youth employable and training them in new technologies such as AI, Blockchain, IoT and Cybersecurity. Here we must also recognize the India AI Mission which aims to establish a comprehensive AI ecosystem through public-private partnerships. The mission could help in democratizing computing access, improving data quality, developing indigenous AI capabilities, and fostering industry collaboration while ensuring ethical and socially impactful AI projects being undertaken aligns with the government's broader vision of leveraging AI for sustainable growth and development, positioning India as a global leader in AI innovation. These efforts have earned the country a place among the top five in the Stanford Institute for Human-Centered AI’s Global AI Vibrancy Tool, alongside the U.S., the UK and China. As we move forward, the importance of continuous learning and making the workforce future-ready would also be a critical component of the digital transformation journey. With the rapid diffusion of technology, 35 per cent of skillsets are projected to become redundant or transform between now and 2030, according to World Economic Forum's Future of Jobs Report 2025. Collaboration and strategic leveraging of PPPs have played an important role in advancing the country’s digital economy.  The open innovation model exemplifies and bakes in this collaborative approach, bringing the best from diverse stakeholders to solve complex problems. India's UPI platform, with over a billion and a half transactions, is testimony to how open innovation reduces costs, speeds up problem-solving, and promotes inclusivity for a diverse audience. Possible pathways for india to progress from a digital frontrunner to a global digital leader According to a report by the NITI Aayog report titled ""India's Booming Gig and Platform Economy” by 2030, India is projected to have 23.5 million gig workers – up from merely 7.7 million in 2020.  To build on its early successes in digital transformation, India will have to consider this sizable segment, which will play crucial roles in technology, creative services and more.  It will have to build frameworks for continuous upskilling of this mobile labour force and provide safeguards for minimum financial security and well-being. And while the country continues to build on the pillars of collaboration and innovation for digital transformation, it will also have to be mindful of the new risks these technological advances bring.  This may involve a trade-off, balancing risk and innovation to ensure progress on digital transformation is not stalled. Strong governance, ethical AI guidelines, and data privacy frameworks are vital for India's digital leadership. Initiatives like the Digital Personal Data Protection Act and Cyber Surakshit Bharat are foundational for a secure digital economy. Transparency and accountability in organizational digital policies are essential for building trust. As the country progresses towards a Viksit Bharat by 2047, it must build on its successes and accelerate digital transformation to become a global leader. With a robust foundation and an ambitious vision, India can redefine the digital landscape, leading the world in innovation and inclusion. A version of this article was published by CEOInsightsIndia.com on February 28 2025- The same can be read here Author Akhilesh Tuteja Partner & National Leader, Clients and Markets KPMG in India mail Access our latest insights on Apple or Android devices Click here for Google play Click here for App Store Contact Contact Us Submit RFP Contact Contact Us Submit RFP Media Press Releases Media Press Releases Company Careers About Us Company Careers About Us Legal Privacy Accessibility Help © 2025 KPMG Assurance and Consulting Services LLP, an Indian Limited Liability Partnership and a member firm of the KPMG global organization of independent member firms affiliated with KPMG International Limited, a private English company limited by guarantee. All rights reserved. For more detail about the structure of the KPMG global organization please visit https://kpmg.com/governance .",2025-03-01 00:00:00,KPMG
"Cybersecurity considerations 2025
        
        In an AI-dominated business environment, the foundational principles of cybersecurity are even more critical
        
          Read morechevron_right",https://kpmg.com/in/en/insights/2025/03/cybersecurity-considerations-2025.html,"Cybersecurity considerations 2025 close contact_mail Contact us India (EN) close Search cancel menu close Insights Back Our Insights Our Perspectives Artificial Intelligence Supply chain Energy and Renewables Cyber Security Economy and Growth Environmental, Social and Governance (ESG) Technology Risk and Regulation Workforce Transformation Global Capability Centres Assurance Industries Back All industries Aerospace, Defence & Space Energy, Natural Resources and Chemicals Media Building and Construction Financial Services Sports Consumer Markets Government Technology Education and Skills Development Emerging Giants Program Telecommunications Life Sciences Transport and Logistics Services Back What we do Advisory Environmental, Social and Governance (ESG) Tax The KPMG Learning Academy Board Leadership Transformation Powered Connected Elevate Trusted Managed Services Artificial Intelligence You can with AI Trusted AI Artificial Intelligence Insights Who we are Back About us Leadership Media Offices Alumni How we work Alliances KPMG. Make the Difference. Client Stories Analyst Relations Our Impact Plan Corporate Citizenship Working with us Back Careers Experienced Professionals Life at KPMG in India Culture and values Students KPMG Global Services Back KGS Leadership Our people Corporate Social Responsibility Consulting Deal Advisory & Strategy Tax Capability Hubs close contact_mail Contact us India (EN) close search Search search Your search term was too short. Search terms must include 3 or more characters. Previous search terms close Cancel Home Insights Cybersecurity considerations 2025 Cybersecurity considerations 2025 In an AI-dominated business environment, the foundational principles of cybersecurity are even more critical event 18 Mar, 2025 Share The digital landscape continues to evolve at pace – unleashing significant challenges and a sense of urgency amid the need for robust cybersecurity measures. Ubiquitous digital connections and fast-emerging technologies such as AI appear to be redefining almost every facet of our professional and personal lives, making cybersecurity not just a business concern but a universal issue that affects all aspects of society. The KPMG 2024 India CEO Outlook reveals that CEOs view cybersecurity as the top threat to businesses over the last decade. The sixth global installment of KPMG’s annual Cybersecurity Considerations report examines current and emerging obstacles that organisations are facing across various industries – and eight key cybersecurity considerations they should focus on as the rapid pace of change accelerates in today’s dynamic environment.The KPMG annual Cybersecurity considerations report identifies eight key considerations that CISOs should prioritise in 2024 to help mitigate risk, drive business growth and build resilience. Explore the eight key cyber considerations and uncover the key actions organisations can take as they seek to accelerate recovery times, reduce the impact of incidents on employees, customers, and partners and aim to ensure their security plans enable — rather than expose — the business. Cybersecurity considerations 2025 Modern, robust cybersecurity has become a key requirement for success as threats and costly attacks proliferate. Today’s CISOs should embrace modern digital capabilities that can help them navigate emerging complexities and maintain a resilient future. Cybersecurity considerations 2025 In an AI-dominated business environment, the foundational principles of cybersecurity are even more critical. Download the report Explore the eight key cybersecurity considerations for 2025 The ever-evolving role of the CISO What CISOs and their teams focus on, and how they interact with the rest of the organisation is fluid, as the cybersecurity function becomes more broadly embedded within and better understood across the organisation. The power of the people As organisations continue to transform their business models in the face of new digital disruptions, many are experiencing real challenges around workload, which is exacerbating the long-discussed cyber skills gap. AI and automation can help, but there is an underlying risk of talent attrition as many teams struggle to cope. Embed trust as AI proliferates AI is here to stay and has a place in virtually every organisational function, but there are a number of key cyber and privacy challenges that have the potential to affect the adoption and deployment of AI. Harness AI for cyber: Racing ahead vs racing safely Many factors appear to be contributing to the buzz around AI adoption, from a lack of training to the fear of missing out and possibly falling behind. A key challenge is weighing the potential benefits of integrating AI into cyber and privacy functions against the potential risks. Platform consolidation: Embrace the potential but recognise the risks Increasingly, many global organisations are looking to reduce the complexity and cost of their technology. Organisations that choose to do so by consolidating tools and services on to a single, or a limited number of platforms should seek to identify and navigate the inherent risks. The digital identity imperative Although there are several initiatives around digital identity sprouting up worldwide, interoperability between systems and enhanced authentication due to the emergence of deepfakes remain challenging, whether because of regulations, risk appetite, and/or public opinion regarding the processing of personal and biometric data. Smart security for smart ecosystems The rise of smart devices and products worldwide is challenging and changing traditional views and approaches toward security, prompting many regulators to introduce new regimes to ensure these products meet basic security requirements. Resilience by design: Cybersecurity for businesses and society Organisations should find a way, from the CISO on down, to create a broad, holistic culture of resilient security throughout their enterprise and with the aim of ensuring all stakeholders are on the same page. Key Contacts Akhilesh Tuteja Partner & National Leader, Clients and Markets KPMG in India mail Atul Gupta Partner and Head - Digital Trust and Cyber KPMG in India mail Access our latest insights on Apple or Android devices Click here for Google play Click here for App Store Contact Contact Us Submit RFP Contact Contact Us Submit RFP Media Press Releases Media Press Releases Company Careers About Us Company Careers About Us Legal Privacy Accessibility Help © 2025 KPMG Assurance and Consulting Services LLP, an Indian Limited Liability Partnership and a member firm of the KPMG global organization of independent member firms affiliated with KPMG International Limited, a private English company limited by guarantee. All rights reserved. For more detail about the structure of the KPMG global organization please visit https://kpmg.com/governance . north Back to top",2025-03-01 00:00:00,KPMG
"India CX Report'25: Airlines
        
        Findings across passenger air carriers with Pan-India presence serving leisure as well as business travelers
        
          Read morechevron_right",https://kpmg.com/in/en/insights/2025/03/india-cx-report-2025/airlines.html,"India CX Report'25: Airlines close contact_mail Contact us India (EN) close Search cancel menu close Insights Back Our Insights Our Perspectives Artificial Intelligence Supply chain Energy and Renewables Cyber Security Economy and Growth Environmental, Social and Governance (ESG) Technology Risk and Regulation Workforce Transformation Global Capability Centres Assurance Industries Back All industries Aerospace, Defence & Space Energy, Natural Resources and Chemicals Media Building and Construction Financial Services Sports Consumer Markets Government Technology Education and Skills Development Emerging Giants Program Telecommunications Life Sciences Transport and Logistics Services Back What we do Advisory Environmental, Social and Governance (ESG) Tax The KPMG Learning Academy Board Leadership Transformation Powered Connected Elevate Trusted Managed Services Artificial Intelligence You can with AI Trusted AI Artificial Intelligence Insights Who we are Back About us Leadership Media Offices Alumni How we work Alliances KPMG. Make the Difference. Client Stories Analyst Relations Our Impact Plan Corporate Citizenship Working with us Back Careers Experienced Professionals Life at KPMG in India Culture and values Students KPMG Global Services Back KGS Leadership Our people Corporate Social Responsibility Consulting Deal Advisory & Strategy Tax Capability Hubs close contact_mail Contact us India (EN) close search Search search Your search term was too short. Search terms must include 3 or more characters. Previous search terms close Cancel Home Insights Mastering intentional experiences: India CX report' 25 India CX Report'25: Airlines India CX Report'25: Airlines Findings across passenger air carriers with Pan-India presence serving leisure as well as business travelers Share Did you know? support_agent During consideration, there is an opportunity to differentiate across monetary parameters – frequent flyer program and money saver offerings assessment In-flight, customer values timely communication on delays and entertainment services at-par with the international carriers airlines Customer requirements across post-flight experience have been consistent over time, resulting in undifferentiated delivery of CX across carriers Airlines must go beyond just fares and network - seamless customer experience, digital engagement, innovation, trust building and operational excellence are the true differentiators. Airlines need to master the art of making the choice effortless before the journey even begins Girish Nair Partner and Head, Aviation Sector Differentiating at the right journey touchpoints is the key to value creation Pre - flight Key customer considerations Was my booking and check-in experience with the airline seamless? Importance of the stage 36 per cent of the consumers put emphasis on pre-flight stage in defining the overall experience with the brand Top rated experience parameters A) Onboarding experience B) Seamless check-in C) Transparency of information. Hygiene parameters A) Frequent flyer programs B) Value for money offerings In - flight Key customer considerations Did the in - flight experience meet my expectation? Importance of the stage 58 per cent of the consumers put emphasis on in - flight stage in defining the overall experience with the brand Top rated experience parameters A) In - flight service and support by staff B) Cabin comfort C) Safety compliance Hygiene parameters A) In - flight entertainment B) Announcements and information Post - flight Key customer considerations Was my post-flight experience hassle-free? Importance of the stage 7 per cent of the consumers put emphasis on post-flight stage in defining the overall experience with the brand Top rated experience parameters A) Baggage handling B) Customer support and response Hygiene parameters A) Deboarding The segment demonstrates an average performance with a potential for differentiation across FFP and money saver offerings Q1 - Was my booking and check-in experience with the airline seamless? Key Insights Customers value on-time performance There is considerable variability in ratings across brands, particularly across Frequent Flyer Program (FFP) and value for money offerings. Therefore, brands should focus on differentiating their customer experience in these areas “ I just want points to be reimbursed against my bookings or airline specific privileges. I will never remember to avail any rewards on clothes and shopping ” “ The app should have my history of seat bookings and pick automatically book that seat using points ” “ I already pay for lounge access through my credit cards, so I will not be willing to pay again as membership ”. In-flight, customer values timely communication on delays and entertainment services at-par with the international carriers Q2 - Did the inflight experience meet my expectation? Key Insights Domestic airlines have been rated low on In-flight entertainment vs foreign airlines. This might be an indicative of Indian travelers preferring foreign airlines when opting for overseas travel “ Beyond in-flight entertainment, if I can get on airport entertainment as well ” Domestic airlines are also rated lower vs International carriers on quality and range of food “ For two or two and a half hours flights, it’s better to not serve food vs serving cold food. Just good tea coffee will suffice ” Customers value timely communication on delays as it helps them plan the next step of the journey “ As a business traveler, my only requirement is that the flight leaves on time. I do not want anything else under in-flight experience ”. Post-flight experience is consistent across carriers indicating customer expectations have not changed over time Q3 - Was my post-flight experience hassle-free? Key Insights Customers expect prompt support and response and responsible baggage handling– “ While traveling with Carrier A, my luggage was misplaced. Although it was eventually found, the airline did not take immediate action and offered little assistance. They directed me to check elsewhere ” Organised deboarding is the last interaction customer has with the brand and is essential to close in on an overall great experience Striking the right balance between delighting customer and the cost of servicing them is key to maximising value Performance of the segment on prioritised experience attributes Omnichannel services and hospitable staff are the key attributes where brands are meeting customer expectations. Other priority attributes include - Customers prioritise carriers that offer competitive pricing and discounts, allowing them to save money on travel expenses. Carriers that offer flexible booking options, including no or low change fees, make it easier for customers to manage their travel plans without incurring additional costs. Multiple route options enable passengers to choose the most convenient and time-efficient flights, reducing overall travel time Modern aircraft equipped with state-of-the-art amenities provide passengers with a more comfortable and luxurious flying experience, which go together with safety and reliability. Overly complex and restrictive redemption process makes it difficult for travelers to utilise their rewards in a convenient and straightforward manner, thereby leading to frustration and decreased loyalty to the program. Low performance of the segment across prioritised experience attributes can be mapped to low customer retention Customer segmentation based on satisfaction and loyalty (percentage share of respondents) Customer retention is dependent on their satisfaction with the brand and their tendency to explore alternatives. ‘Ambassador’ are highly satisfied customers who will keep contributing to the brand’s success. ‘Switchers’ on the other hand, are always seeking better options. ‘Critics’ as the third segment, actively convey negative feedback about the brand, if not satisfied. Finally, ‘Dependents’ are customers who remain loyal despite low satisfaction due to lack of alternatives in the market. 52 per cent of the customer base are ambassadors as their brand of choice meets their expectations on – Responsive customer support Aircraft and associated amenities However, 46 per cent of the consumers are likely to substitute their preferred brand if it fails to meet their expectations on – Hospitality by staff Safe and reliable operations by the carrier The key attribute driving both ambassadors and switchers for the Airlines segment is quality customer support Despite highest weightage of ‘Expectation’ pillar in defining customer experience, fulfilment on the requirement is lowest Performance across the propreitary Six pillars of Customer Experience (Weightage of the pillars to the overall experience requirements) Expectation (22 per cent) and Integrity (19 per cent) are the key pillars of experience while making a purchase decision Within expectation, the top attributes driving a great experience are - Consistent availability of airlines across multiple schedules and routes attracts more travelers, resulting in increased bookings and higher revenue. Meeting expectations on cabin comfort and other service offerings, results in word-of-mouth recommendations from satisfied travelers can further enhance the airline's reputation Within integrity, the top attributes driving a great experience are - Trusted operations build customer confidence in the airline's ability to deliver reliable and safe services. Open availability of information is vital during crisis management like delays, cancellations, or emergencies. Airlines that prioritise transparency and open communication foster a positive brand image. Customers are more likely to choose an airline they perceive as honest and dependable. Customers prioritise ‘Expectation’ pillar however, their willingness to pay a premium is higher for ‘Empathy’ pillar The top 5 experience attributes influencing the customer’s willing to pay a premium Empathetic service and support from airline staff across online/ offline channels Consistent delivery on high-end aircraft, fully integrated with latest amenities Easy to use customer support with responsive and good resolution Operations by trusted carrier which is well recommended within the social circle Complete delivery on the expectations from product/ service for the money paid An individual’s willingness to pay a premium is driven by immediate needs. As the today’s customer evolves, the focal aspects of premiumisation has shifted from functionality to experience. These aspect may as well translate as personalised convenience, omnichannel browsing or even exclusivity in customer support. 30 per cent of the customers, primarily leisure travelers, would pay more for an airline ticket with better service as they value the enhanced comfort, convenience, and overall travel experience it provides. 29 per cent of the customers would pay more for better aircraft and latest amenities translating into cabin comfort Considering the recent cases of aircraft malfunctions, it is evident that travel safety has become a key requirement with at least 29 per cent of the of the customers willing to pay more for the same ticket in a trusted airline vs a new airline 28 per cent would pay more for a responsive customer support in getting hassle-free seat changes, refunds and reschedules “ With offerings like aisle seating, priority check-in and baggage allowance, only I will join a Loyalty program”. Key Contacts Nikhil Sethi National Leader Consumer Goods and Co-Lead Customer & Operations KPMG in India mail Girish Nair Partner and Head, Aviation Sector KPMG in India mail Contact Contact Us Submit RFP Contact Contact Us Submit RFP Media Press Releases Media Press Releases Company Careers About Us Company Careers About Us Legal Privacy Accessibility Help © 2025 KPMG Assurance and Consulting Services LLP, an Indian Limited Liability Partnership and a member firm of the KPMG global organization of independent member firms affiliated with KPMG International Limited, a private English company limited by guarantee. All rights reserved. For more detail about the structure of the KPMG global organization please visit https://kpmg.com/governance . north Back to top",2025-03-01 00:00:00,KPMG
"Mastering intentional experiences: India CX report' 25
        
        Benchmark experience from the customer’s viewpoint, to uncover prioritised attributes driving value
        
          Read morechevron_right",https://kpmg.com/in/en/insights/2025/03/india-cx-report-2025.html,"Mastering intentional experiences: India CX report' 25 close contact_mail Contact us India (EN) close Search cancel menu close Insights Back Our Insights Our Perspectives Artificial Intelligence Supply chain Energy and Renewables Cyber Security Economy and Growth Environmental, Social and Governance (ESG) Technology Risk and Regulation Workforce Transformation Global Capability Centres Assurance Industries Back All industries Aerospace, Defence & Space Energy, Natural Resources and Chemicals Media Building and Construction Financial Services Sports Consumer Markets Government Technology Education and Skills Development Emerging Giants Program Telecommunications Life Sciences Transport and Logistics Services Back What we do Advisory Environmental, Social and Governance (ESG) Tax The KPMG Learning Academy Board Leadership Transformation Powered Connected Elevate Trusted Managed Services Artificial Intelligence You can with AI Trusted AI Artificial Intelligence Insights Who we are Back About us Leadership Media Offices Alumni How we work Alliances KPMG. Make the Difference. Client Stories Analyst Relations Our Impact Plan Corporate Citizenship Working with us Back Careers Experienced Professionals Life at KPMG in India Culture and values Students KPMG Global Services Back KGS Leadership Our people Corporate Social Responsibility Consulting Deal Advisory & Strategy Tax Capability Hubs close contact_mail Contact us India (EN) close search Search search Your search term was too short. Search terms must include 3 or more characters. Previous search terms close Cancel Home Insights Mastering intentional experiences: India CX report' 25 Mastering intentional experiences: India CX report' 25 Benchmark experience from the customer’s viewpoint, to uncover prioritised attributes driving value event 17 Mar, 2025 Share Why CX is Important? Customer Experience (CX) can be a key influencer of value creation by shaping growth and profitability while reducing business risks in today’s competitive world. It has the potential to fuel growth by enabling businesses to efficiently acquire new customers while strengthening relationships with existing ones, boosting renewals and expansions. Moreover, CX can enhance profitability by increasing the perceived value of offerings, allowing businesses to stand out in crowded markets and lowering customer acquisition costs by generating referrals, and improving conversion rates. CX can even be an enabler of business risk reduction by building trust and thereby improving the reliability of cash flows and acceptance of new offerings. This report explores how investing in superior CX can redefine the way businesses connect with customers to create measurable value Explore how brands can create value through differentiated CX, with KPMG in India’s CX survey findings touch_app Enhance engagement by differentiating at key customer touchpoints support_agent Invest in experience attributes that matter most to your customers filter_center_focus Focus on key attributes to boost loyalty and create brand ambassadors local_post_office Deliver on specific CX pillars aligned with customer experience needs Key sectors of 2025 CX report India CX Report'25: Financial Services Financial services providers are empowering individuals through innovation, transparency, and solutions that adapt to evolving lifestyles Read more India CX Report'25: Real Estate The real estate landscape is more dynamic than ever, propelled by innovation, a focus on sustainability, and the evolving needs of modern communities Read more India CX Report'25: Hotels Hoteliers must assess the role of facilities and service levels in delivering the right Customer Experience across different establishments Read more India CX Report'25: Consumer Durables Appliances have evolved beyond functionality. They now embody the essence of smart living Read more India CX Report'25: Aviation Airlines need to master the art of making choices effortless for the customer before the journey even begins Read more About the research We have been conducting customer-focused annual research since 2010. Last year’s report showcased the performance of 154 Indian brands across nine industries in delivering customer experience (CX). This year’s comprehensive study involved 6600+ individual B2C and B2B evaluations across 280+ brands, along with in-depth interviews with sector experts. The research for this study was conducted using an online survey methodology. Respondent demographics – Tier 1, and Tier 2 cities across North, South, East, and West regions. Equitable mix of male and female population sets Survey includes online, offline, and hybrid channels of interaction. An interaction is defined as purchasing via the brand’s website or an exclusive brand outlet/store To participate in the research and respond to questions about a specific brand, respondents must have interacted with that brand within the last six months. The respondent could be a key decision-maker for the purchase or just a contributor The respondents were also categorised as lapsed users, switchers, or loyalists of the brand in question. Upon analysis, we empirically discovered the impact of customer experience on both tangible and intangible value creation. We identified the contribution of six pillars—Personalisation, Expectation, Time and Effort, Integrity, Resolution, and Empathy—in delivering customer experience excellence throughout the customer’s purchase/service journey. These pillars are intricately connected, forming a robust framework to assess each customer-brand interaction.” 11 Sectors 280+ brands covered 6600+ customers surveyed, 100+ qualitative interviews Covers - 12 regions across Tier I and Tier II cities Key metrics: The six pillars of CEE Personalisation Using individualised attention to drive emotional connect Show me you know me Recognise our  history together Surprise me with something relevant Individualise what you do Time and Effort Minimising customer effort and creating frictionless processes Make my time investment pleasurable Maximum of three steps to my objective No longer than 2 minutes of wait Advice me of pitfalls ahead Expectation Managing, meeting and exceeding customer expectation Be competent Offer what was promised and more Surprise me with additional benefits Provide value consistent with what I paid Integrity Being trustworthy and engendering trust Act in my best interest Do what you say you will Stand for something more than profit Keep me informed Resolution Turning a disappointing experience into a great one See my point  of view Go the extra mile if required Surprise me in how you fix my issues A warm and sincere apology Empathy Achieving an understanding of  the customer’s circumstances  to drive deep rapport Invest time in listening to me Provide the right emotional response Treat me as your priority Take ownership of my issues Key Contact Nikhil Sethi National Leader Consumer Goods and Co-Lead Customer & Operations KPMG in India mail Disclaimers This content sets forth the views of KPMG based on the completeness and accuracy of responses received from the participants and any assumptions that were included. If any of the responses is not complete or accurate, it could have a material effect on our conclusions. In accordance with its policy, KPMG advises that neither it nor any partner, director or employee undertakes any responsibility arising in any way whatsoever, to any person in respect of the matters dealt with in this content, including any errors or omissions therein, arising through negligence or otherwise, howsoever caused. While preparing the content, we have assumed the authenticity of all the responses or information referred or provided. We have not independently verified the accuracy, completeness, correctness or authenticity of the same. We assume no responsibility for content or any responses or information referred or provided. We have not performed an audit and do not express an opinion or any other form of assurance. Further, content is not intended, nor should it be interpreted to be legal advice or opinion. In connection with the content or any part thereof, KPMG does not owe duty of care (whether in contract or in tort or under statute or otherwise) to any person or party to whom the content is circulated to and KPMG shall not be liable to any party who uses or relies on this content. KPMG hereby disclaims all responsibility or liability for any costs, damages, losses, liabilities, expenses incurred by such third party arising out of or in connection with the content or any part thereof. The content contained herein is of a general nature and is not intended to address the circumstances of any particular individual or entity. Although we endeavor to provide accurate and timely information, there can be no guarantee that such information is accurate as of the date it is received or that it will continue to be accurate in the future. No one should act on such information without appropriate professional advice after a thorough examination of the particular situation. By reading the content the reader shall be deemed to have accepted the terms mentioned hereinabove. KPMG Assurance and Consulting Services LLP, Lodha Excelus, Apollo Mills Compound, NM Joshi Marg, Mahalaxmi, Mumbai – 400 011 Phone: +91 22 3989 6000, Fax: +91 22 3983 6000. © 2025 KPMG Assurance and Consulting Services LLP, an Indian Limited Liability Partnership and a member firm of the KPMG global organization of independent member firms affiliated with KPMG International Limited, a private English company limited by guarantee. All rights reserved. Contact Contact Us Submit RFP Contact Contact Us Submit RFP Media Press Releases Media Press Releases Company Careers About Us Company Careers About Us Legal Privacy Accessibility Help © 2025 KPMG Assurance and Consulting Services LLP, an Indian Limited Liability Partnership and a member firm of the KPMG global organization of independent member firms affiliated with KPMG International Limited, a private English company limited by guarantee. All rights reserved. For more detail about the structure of the KPMG global organization please visit https://kpmg.com/governance . north Back to top",2025-03-01 00:00:00,KPMG
"Navigating Reserve Bank of India’s guidelines for NEFT and RTGS payment systems
        
        An overview on how regulated entities involved in the NEFT and RTGS payments chain can ensure compliance to regulatory requirements
        
          Read morechevron_right",https://kpmg.com/in/en/insights/2025/03/navigating-reserve-bank-of-indias-guidelines-for-neft-and-rtgs-payment-systems.html,"Navigating Reserve Bank of India’s guidelines for NEFT and RTGS payment systems close contact_mail Contact us India (EN) close Search cancel menu close Insights Back Our Insights Our Perspectives Artificial Intelligence Supply chain Energy and Renewables Cyber Security Economy and Growth Environmental, Social and Governance (ESG) Technology Risk and Regulation Workforce Transformation Global Capability Centres Assurance Industries Back All industries Aerospace, Defence & Space Energy, Natural Resources and Chemicals Media Building and Construction Financial Services Sports Consumer Markets Government Technology Education and Skills Development Emerging Giants Program Telecommunications Life Sciences Transport and Logistics Services Back What we do Advisory Environmental, Social and Governance (ESG) Tax The KPMG Learning Academy Board Leadership Transformation Powered Connected Elevate Trusted Managed Services Artificial Intelligence You can with AI Trusted AI Artificial Intelligence Insights Who we are Back About us Leadership Media Offices Alumni How we work Alliances KPMG. Make the Difference. Client Stories Analyst Relations Our Impact Plan Corporate Citizenship Working with us Back Careers Experienced Professionals Life at KPMG in India Culture and values Students KPMG Global Services Back KGS Leadership Our people Corporate Social Responsibility Consulting Deal Advisory & Strategy Tax Capability Hubs close contact_mail Contact us India (EN) close search Search search Your search term was too short. Search terms must include 3 or more characters. Previous search terms close Cancel Home Insights Navigating Reserve Bank of India’s guidelines for NEFT and RTGS payment systems Navigating Reserve Bank of India’s guidelines for NEFT and RTGS payment systems An overview on how regulated entities involved in the NEFT and RTGS payments chain can ensure compliance to regulatory requirements event 17 Mar, 2025 Share This report provides KPMG in India’s point of view on the following Reserve Bank of India (RBI) guidelines for NEFT and RTGS payment systems Real-time Gross Settlement System Regulation, RBI, Version 1.0 (dated 21 October 2024) National Electronics Funds Transfer System Procedural Guidelines, RBI, Version 1.1 (dated 25 October 2024) Regulated entities falling under the purview of above guidelines are required to submit annual system audit reports to RBI comprising of review of access criteria and cyber security baseline requirements. The review is required to be conducted by CERT-In empanelled information security auditors for each financial year. Access criteria is a set of norms issued by RBI from time to time to allow a member to access the payment systems. The criteria is defined as part of the RTGS guidelines. In case of NEFT, the payment participant has to be an existing member of the RTGS system or apply for both RTGS and NEFT systems. The membership needs to be reviewed on an annual basis. The circulars also recommend adherence to Cyber Security Baseline Standards as well as rules and guidelines of INFINET, INFINET framework, SFMS, Digital Payment Security Controls, and Storage of Payment System Data as updated from time to time. KPMG in India has vast experience in helping clients to meet regulatory obligations and assess the current cyber security risk posture in their digital payment lifecycle. Clients are also advised on how to improve systems to help ensure secure, efficient, and reliable transactions which fosters stability. Navigating Reserve Bank of India’s guidelines for NEFT and RTGS payment systems An overview on how regulated entities involved in the NEFT and RTGS payments chain can ensure compliance to regulatory requirements Download the report (467 KB) Key Contacts Kunal Pande National Co-Head - Digital Risk and Cyber, National Leader - Digital Trust for Financial Services Sector KPMG in India mail Rohan Padhi Partner, National Co-Lead, Digital Risk and Cloud Security KPMG in India mail Romharsh Razdan Partner, Digital Trust KPMG in India mail Access our latest insights on Apple or Android devices Click here for Google play Click here for App Store Contact Contact Us Submit RFP Contact Contact Us Submit RFP Media Press Releases Media Press Releases Company Careers About Us Company Careers About Us Legal Privacy Accessibility Help © 2025 KPMG Assurance and Consulting Services LLP, an Indian Limited Liability Partnership and a member firm of the KPMG global organization of independent member firms affiliated with KPMG International Limited, a private English company limited by guarantee. All rights reserved. For more detail about the structure of the KPMG global organization please visit https://kpmg.com/governance . north Back to top",2025-03-01 00:00:00,KPMG
"Indian ports are now better, but what’s next?
        
        Indian ports have seen significant improvement, but to reach full potential, focus is on connectivity, process efficiency, and embracing tech
        
          Read morechevron_right",https://kpmg.com/in/en/blogs/2025/03/indian-ports-are-now-better-but-whats-next.html,"Indian ports are now better, but what’s next? close contact_mail Contact us India (EN) close Search cancel menu close Insights Back Our Insights Our Perspectives Artificial Intelligence Supply chain Energy and Renewables Cyber Security Economy and Growth Environmental, Social and Governance (ESG) Technology Risk and Regulation Workforce Transformation Global Capability Centres Assurance Industries Back All industries Aerospace, Defence & Space Energy, Natural Resources and Chemicals Media Building and Construction Financial Services Sports Consumer Markets Government Technology Education and Skills Development Emerging Giants Program Telecommunications Life Sciences Transport and Logistics Services Back What we do Advisory Environmental, Social and Governance (ESG) Tax The KPMG Learning Academy Board Leadership Transformation Powered Connected Elevate Trusted Managed Services Artificial Intelligence You can with AI Trusted AI Artificial Intelligence Insights Who we are Back About us Leadership Media Offices Alumni How we work Alliances KPMG. Make the Difference. Client Stories Analyst Relations Our Impact Plan Corporate Citizenship Working with us Back Careers Experienced Professionals Life at KPMG in India Culture and values Students KPMG Global Services Back KGS Leadership Our people Corporate Social Responsibility Consulting Deal Advisory & Strategy Tax Capability Hubs close contact_mail Contact us India (EN) close search Search search Your search term was too short. Search terms must include 3 or more characters. Previous search terms close Cancel Home Blogs Indian ports are now better, but what’s next? Indian ports are now better, but what’s next? Indian ports have seen significant improvement, but to reach full potential, focus is on connectivity, process efficiency, and embracing tech event 13 Mar, 2025 Share Indian ports are now better, smarter and more agile, as the country continues its positive economic march. Currently, a total of nine Indian ports rank among the top 100 globally, up from just three in 2020. 1 On an average, the container dwell time at Indian ports is now only 3 days as compared to 4 days in countries like the UAE and South Africa, 7 days in the USA and 10 days in Germany. 2 India’s port capacity too has marked a notable increase—from 871.52 MMTPA in 2014–2015 to 1629.86 in 2023–2024. 3 The story so far Over the years, consistent efforts have been undertaken to transform ports into key pillars of India’s manufacturing and export ambitions, capitalising on emerging opportunities from shifts in global supply chains. First, enhanced private sector participation ushered in vital changes in port operations. Over time, public entities have strategically outsourced cargo handling to private players, leading to innovation and substantial infrastructure upgradations. In the past 25 years, public-private partnerships have facilitated investments of over INR55,000 crore, enabling key transformations. 4 This module, encouraging more private sector involvement, has not only driven operational improvements but also enabled healthy competition, laying the groundwork for a modern and more efficient maritime sector. Second, integrated focus on multi-sectoral infrastructure development, which includes vastly developed road networks and commercial rail corridors, is addressing key logistical challenges that previously hampered the efficiency of Indian ports. Third, strategic initiatives, such as Sagarmala and the Maritime India Vision 2030, are further accelerating port modernisation efforts and promoting regional economic hubs. The government also recently announced a range of incentives in the Union Budget 2025 to boost domestic shipbuilding, inland waterways and ship recycling initiatives, giving a significant boost to the shipping sector. All these measures are improving India’s maritime sector. For instance, recently, the Vishakhapatnam port, one of India’s leading ports, clocked the fastest ever 50 MT cargo handling in its 90-year history. 5 Cargo traffic too has increased at a CAGR of about 6 per cent in the past two decades, signalling progress. 6 So, where do we go from here? Today, Indian ports are not only more globally competitive but are also positioning themselves as integral components of global trade routes. However, with a vast coastline of about 7,500 kilometres, a lot more can be done to enhance our port infrastructure, making India a key shipping hub. 7 So, how do we maximise our potential? A more interconnected ecosystem While there have been considerable strides made in connectivity and infrastructure development, last-mile connectivity remains a key challenge. For instance, the Jawaharlal Nehru Port in Navi Mumbai, one of the country’s busiest, often faces delays due to inefficient last-mile transport links. A high dependence on road transport, where congested roads and underdeveloped highways slow cargo movement, continues to hinder port efficiency. While the Western Dedicated Freight Corridor has great potential, delayed completion has limited its impact. Reviewing implementation strategies thoroughly can speed up completion, leading to more efficient port operations and seamless cargo movement. In a broader sense, fast-tracking the development of logistics infrastructure, including rail, road and inland waterways, is essential to ensure smoother port operations. Addressing recurring challenges, such as land acquisition hurdles and regulatory bottlenecks, can also be key to maximising the potential of Indian ports. Besides, India, with its strategically positioned vast coastline, can establish a systematic network of ports, similar to China’s model of port clusters, which includes the integration of islands and coastal regions into a large shipping complex, connected to the mainland by state-of-the-art infrastructure. Such a model can also help India enter the transshipment space. Currently, around 75 per cent of India’s transshipped cargo is handled by transshipment hub ports in countries like Singapore, Malaysia and Sri Lanka, resulting in an annual loss of USD200–220 million in potential revenue. 8 With three transshipment ports coming up, India has the opportunity to reduce dependence on foreign ports and capture this market. Addressing process inefficiencies Although cargo handling capacity has steadily increased at major ports, there remains room for improvement, as the average capacity utilisation for most of these remains somewhere around 49.1 per cent as of  FY23. 9 One of the main reasons for this is process inefficiencies. While regulatory processes have seen improvements, such as increased digitalisation and paperless systems, these differ in implementation across ports, creating an inconsistent procedural environment. For instance, the dwell time for export processes varies substantially, ranging from 46.3 hours to 149.4 hours across different ports. 10 Although of late, customs clearance processes have become more efficient, other areas, such as truck entry and exit times and security checks, can be improved. Standardising operational procedures across all ports can streamline cargo movement and ensure uniformity in regulatory compliance, something that the government can consider on priority. Emerging tech shaping India’s maritime future Indian ports are steadily embracing enhanced automation and cutting-edge technologies, leading to significant efficiency gains—such as streamlined cargo handling—and paving the way for more sustainable solutions through green energy initiatives. For instance, Kerala’s Vinzhim Port, India’s first fully automated port capable of handling megamax containerships and ensuring quick vessel turnaround, recently began operations. 11 Besides, in another push towards digitalisation, the government launched the Unified Logistics Interface Platform for ports, an integrated system that can help stakeholders in extensive logistics planning. While these developments are cheerful news, the government and the private sector need to push the needle further to meet international standards. For instance, implementing advanced big data analytics at ports and terminals can enable predictive analysis, which can help in reducing downtime and prevent equipment failures. Additionally, AI-driven interfaces can optimise supply chain analytics and enable smart port operations—from vessel arrival to cargo transportation—enhancing efficiency throughout the process. India’s maritime sector can also draw lessons from global leaders like Singapore, which uses AI for vessel traffic and smart anchorage management, and China, home to the world’s most automated container terminals. 12 Shipping is a cornerstone of international trade and an essential piece of the puzzle in boosting exports. For India to be considered a more attractive alternative compared to other Asian giants in shipping and trade, the development of India’s maritime sector is a strategic imperative. Footnotes [1] The Container Port Performance Index 2023, World Bank, accessed on 14 October 2024 [2] Press Release, Ministry of Ports, Shipping and Waterways, 28 April 2023, accessed on 14 October 2024 [3] Strengthening India’s Maritime Sector: Port Capacity Expansion and Inland Waterway Development, Press Information Bureau, 8 August 2024, accessed on 13 December 2024 [4] India’s Ports: Public-Private Partnership Propelling Growth, India Seatrade News, 24 October 2024, accessed on 13 December 2024 [5] Visakhapatnam Port Crosses the 50-MT Cargo Handling Record, Maritime Gateway, 28 November 2023, accessed on 14 October 2024 [6] Key Statistics: Trends in Cargo Movement, India Infrastructure, 21 August 2023, accessed on 13 March 2025 [7] Maritime Ports in India: Statistics and Facts, Statista, 19 December 2023, accessed on 14 October 2024 [8] 3 Transhipment Ports That Are Quickly Taking Shape in India: Analysing Their Impact, Opportunities and Challenges, India Infra Hub, 20 October 2023, accessed on 14 October 2024 [9] Updates on Indian Port Sector, Ministry of Ports, Shipping and Waterways, 31 March 2023, accessed on 14 October 2024 [10] Transitioning to Ports 4.0: Technology Advances Drive Innovation and Efficiency, Indian Infrastructure, 21 August 2023, accessed on 14 October 2024 [11] India’s First Automated Port Begins Operations, Forklift Action, 25 July 2024, accessed on 14 October 2024 [12] China Leads World’s Automated Container Terminals Amid Smart Technology Boom, CGTN, 29 January 2024, accessed on 14 October 2024 Author Neeraj Bansal Partner and Head India Global KPMG in India mail Access our latest insights on Apple or Android devices Click here for Google play Click here for App Store Contact Contact Us Submit RFP Contact Contact Us Submit RFP Media Press Releases Media Press Releases Company Careers About Us Company Careers About Us Legal Privacy Accessibility Help © 2025 KPMG Assurance and Consulting Services LLP, an Indian Limited Liability Partnership and a member firm of the KPMG global organization of independent member firms affiliated with KPMG International Limited, a private English company limited by guarantee. All rights reserved. For more detail about the structure of the KPMG global organization please visit https://kpmg.com/governance .",2025-03-01 00:00:00,KPMG
"Innovative strategies for cost optimisation – A need for cement players now
        
        Cement industry navigates EBITDA pressure with innovative cost optimisation in fuel procurement, logistics and manpower for efficiency gains
        
          Read morechevron_right",https://kpmg.com/in/en/blogs/2025/03/innovative-strategies-for-cost-optimisation-a-need-for-cement-players-now.html,"Innovative strategies for cost optimisation – A need for cement players now close contact_mail Contact us India (EN) close Search cancel menu close Insights Back Our Insights Our Perspectives Artificial Intelligence Supply chain Energy and Renewables Cyber Security Economy and Growth Environmental, Social and Governance (ESG) Technology Risk and Regulation Workforce Transformation Global Capability Centres Assurance Industries Back All industries Aerospace, Defence & Space Energy, Natural Resources and Chemicals Media Building and Construction Financial Services Sports Consumer Markets Government Technology Education and Skills Development Emerging Giants Program Telecommunications Life Sciences Transport and Logistics Services Back What we do Advisory Environmental, Social and Governance (ESG) Tax The KPMG Learning Academy Board Leadership Transformation Powered Connected Elevate Trusted Managed Services Artificial Intelligence You can with AI Trusted AI Artificial Intelligence Insights Who we are Back About us Leadership Media Offices Alumni How we work Alliances KPMG. Make the Difference. Client Stories Analyst Relations Our Impact Plan Corporate Citizenship Working with us Back Careers Experienced Professionals Life at KPMG in India Culture and values Students KPMG Global Services Back KGS Leadership Our people Corporate Social Responsibility Consulting Deal Advisory & Strategy Tax Capability Hubs close contact_mail Contact us India (EN) close search Search search Your search term was too short. Search terms must include 3 or more characters. Previous search terms close Cancel Home Blogs Innovative strategies for cost optimisation – A need for cement players now Innovative strategies for cost optimisation – A need for cement players now Cement industry navigates EBITDA pressure with innovative cost optimisation in fuel procurement, logistics and manpower for efficiency gains event 13 Mar, 2025 Share Over the last two quarters, margins of cement players are under pressure and some of the players have shown a 25 to 30% reduction in their EBITDA. While the key reasons can be attributed to external situation of rising material prices and constraints to increase cement price, all the players are quite actively looking at strategies to enhance bottom line to stay prosperous. The need of the hour for cement players is to think of innovative cost optimisation practices. We will deep dive into optimisation strategies for 3 major cost heads in this article. Optimisation opportunities Energy and fuel cost Energy and fuel cost is one of the key costs for cement sector. While a lot of focus has been done on energy consumption optimisation, Waste heat recovery areas, buying optimisation of coal and petcoke is a new area which cement companies are focusing on. Identifying the right import supplier and source country combination can help in optimising the buying cost. We have seen that if this aspect is intelligently done can lead to an optimisation of 8 to 10% in fuel costs. This would entail mapping the importers in India, quantities they import, companies they supply and deciding the right contracting strategy with the right ones. Having an AI based model to optimise the buying Cost of fuel based on Petcoke price trends, price trends of Coal from different sources both import and domestic, quality variation analysis of different sources etc, is a best practice adopted by some leading players to optimise fuel buying. Analysing quality of different sources of coal such as Indonesian, South African, Middle Eastern, US coal etc and deciding the right fit for your organisation based on Equipment capability can help in optimisation. Exploration with Green Fuels and Alternate Fuel resources is another big area cement players are working on. Logistics cost Logistics Cost is the next biggest cost driver in Cement sector. While prima facie this cost appears to be driven more by demand requirement and market conditions, a sharper focus on drivers of spend will help in optimising this cost. business Many companies operate with a long tail of transporters for each lane to de-risk themselves from cost of unavailability of trucks. However, share of business gets split across multiple transporters leading to lesser bargaining power. Some companies operate based on 3 quote negotiations even today where the breakup of price is opaque to the buyers. Leading companies adopt Zero based Costing methodologies/Should be cost modelling to build up the should be costs and use that for negotiation coupled with share of business optimisation. AI is used by some of the companies here as well in deciding the right share of business based on supplier price and transporter performance scores. bolt Synergy leverage between outbound, inbound, primary and secondary logistics is another innovative way of optimisation. Traditionally inbound and secondary logistics is managed by Procurement function and Outbound & Primary transport is managed by Sales function. This structurally does not allow for optimisation of spend and we have seen that the same transporter manages between two different functions and in some cases even with different rates for same distance. Structured negotiation with the total spend share for the transporter can give substantial optimisation. Many companies have changed the logistics organisation structure between Inbound and Outbound logistics under a common reporting structure. local_shipping Load consolidations and right carrier/mode mix optimisation is a big lever. Based on analytics of load in a particular direction and the vehicle type used provides one with an option of increasing the vehicle capacity. An increased vehicle capacity can reduce the number of trips and at the same time reduces the logistics cost per ton. Loadability is often not measured which if optimised can help in reducing the costs. Evaluating the right logistics mode in terms of Road, Rail and Sea transport based on destination is another lever used by different industries. Some of the leading cement players are exploring waterways to become more sustainable. Manpower costs Manpower costs is one of the next biggest costs in Cement sector. We can look at key strategies for contract manpower costs and white collar costs. Manpower costs Typically contract manpower costs is a big contributor to manpower costs. Companies adopt Piece rate model or Manday rate model in areas such a packing where a daily output is involved. While a piece rate model may appear optimal, many companies don’t really get into details of how the piece rate is arrived at. Assumptions taken for piece rate calculation such as number of people planned to be deployed, skill levels of people considered, and wage rate assumed for each level leave a lot of room for optimisation. Once the value is unearthed, companies rationalise the number of contractors and increase share of business with a few contractors to realise the value unearthed. White collar costs Another innovative lever in white collar manpower is evaluating the people deployment/ cost incurred by core and non-core functions and exploring possibilities of managed services for non-core functions. Payroll/ IT service functions are mostly outsourced by many companies but companies today have started looking at other subfunctions/functions such as Recruitment/ Tax/ Accounting where service providers are asked reduce cost of service year on year through automation and digital interventions and. Another trend we see is even the non-core activities of core functions like Procurement are being actively outsourced. The strategy here is to variabalise the fixed costs which helps companies in downturn to still stay profitable. While we have deliberated on strategies for 3 top cost heads with a few levers, there are other cost heads such as indirect spend, packaging costs which also provide more optimisation potential. The need of the hour for cement players is to think of an innovative approach to cost optimisation with new levers, to achieve higher order bottomline benefits. A version of this article was published by Indian Cement Review Magazine in its March 2025 issue. The same can be read here Author S Sathish Partner and National Sector Leader – Industrial Manufacturing KPMG in India mail Access our latest insights on Apple or Android devices Click here for Google play Click here for App Store Contact Contact Us Submit RFP Contact Contact Us Submit RFP Media Press Releases Media Press Releases Company Careers About Us Company Careers About Us Legal Privacy Accessibility Help © 2025 KPMG Assurance and Consulting Services LLP, an Indian Limited Liability Partnership and a member firm of the KPMG global organization of independent member firms affiliated with KPMG International Limited, a private English company limited by guarantee. All rights reserved. For more detail about the structure of the KPMG global organization please visit https://kpmg.com/governance . north Back to top",2025-03-01 00:00:00,KPMG
"Aviation
        
        Airlines need to master the art of making choices effortless for the customer before the journey even begins
        
          Read morechevron_right",https://kpmg.com/in/en/insights/2025/03/india-cx-report-2025/aviation.html,"India CX Report'25: Airlines close contact_mail Contact us India (EN) close Search cancel menu close Insights Back Our Insights Our Perspectives Artificial Intelligence Supply chain Energy and Renewables Cyber Security Economy and Growth Environmental, Social and Governance (ESG) Technology Risk and Regulation Workforce Transformation Global Capability Centres Assurance Industries Back All industries Aerospace, Defence & Space Energy, Natural Resources and Chemicals Media Building and Construction Financial Services Sports Consumer Markets Government Technology Education and Skills Development Emerging Giants Program Telecommunications Life Sciences Transport and Logistics Services Back What we do Advisory Environmental, Social and Governance (ESG) Tax The KPMG Learning Academy Board Leadership Transformation Powered Connected Elevate Trusted Managed Services Artificial Intelligence You can with AI Trusted AI Artificial Intelligence Insights Who we are Back About us Leadership Media Offices Alumni How we work Alliances KPMG. Make the Difference. Client Stories Analyst Relations Our Impact Plan Corporate Citizenship Working with us Back Careers Experienced Professionals Life at KPMG in India Culture and values Students KPMG Global Services Back KGS Leadership Our people Corporate Social Responsibility Consulting Deal Advisory & Strategy Tax Capability Hubs close contact_mail Contact us India (EN) close search Search search Your search term was too short. Search terms must include 3 or more characters. Previous search terms close Cancel Home Insights Mastering intentional experiences: India CX report' 25 India CX Report'25: Airlines India CX Report'25: Airlines Findings across passenger air carriers with Pan-India presence serving leisure as well as business travelers Share Did you know? support_agent During consideration, there is an opportunity to differentiate across monetary parameters – frequent flyer program and money saver offerings assessment In-flight, customer values timely communication on delays and entertainment services at-par with the international carriers airlines Customer requirements across post-flight experience have been consistent over time, resulting in undifferentiated delivery of CX across carriers Airlines must go beyond just fares and network - seamless customer experience, digital engagement, innovation, trust building and operational excellence are the true differentiators. Airlines need to master the art of making the choice effortless before the journey even begins Girish Nair Partner and Head, Aviation Sector Differentiating at the right journey touchpoints is the key to value creation Pre - flight Key customer considerations Was my booking and check-in experience with the airline seamless? Importance of the stage 36 per cent of the consumers put emphasis on pre-flight stage in defining the overall experience with the brand Top rated experience parameters A) Onboarding experience B) Seamless check-in C) Transparency of information. Hygiene parameters A) Frequent flyer programs B) Value for money offerings In - flight Key customer considerations Did the in - flight experience meet my expectation? Importance of the stage 58 per cent of the consumers put emphasis on in - flight stage in defining the overall experience with the brand Top rated experience parameters A) In - flight service and support by staff B) Cabin comfort C) Safety compliance Hygiene parameters A) In - flight entertainment B) Announcements and information Post - flight Key customer considerations Was my post-flight experience hassle-free? Importance of the stage 7 per cent of the consumers put emphasis on post-flight stage in defining the overall experience with the brand Top rated experience parameters A) Baggage handling B) Customer support and response Hygiene parameters A) Deboarding The segment demonstrates an average performance with a potential for differentiation across FFP and money saver offerings Q1 - Was my booking and check-in experience with the airline seamless? Key Insights Customers value on-time performance There is considerable variability in ratings across brands, particularly across Frequent Flyer Program (FFP) and value for money offerings. Therefore, brands should focus on differentiating their customer experience in these areas “ I just want points to be reimbursed against my bookings or airline specific privileges. I will never remember to avail any rewards on clothes and shopping ” “ The app should have my history of seat bookings and pick automatically book that seat using points ” “ I already pay for lounge access through my credit cards, so I will not be willing to pay again as membership ”. In-flight, customer values timely communication on delays and entertainment services at-par with the international carriers Q2 - Did the inflight experience meet my expectation? Key Insights Domestic airlines have been rated low on In-flight entertainment vs foreign airlines. This might be an indicative of Indian travelers preferring foreign airlines when opting for overseas travel “ Beyond in-flight entertainment, if I can get on airport entertainment as well ” Domestic airlines are also rated lower vs International carriers on quality and range of food “ For two or two and a half hours flights, it’s better to not serve food vs serving cold food. Just good tea coffee will suffice ” Customers value timely communication on delays as it helps them plan the next step of the journey “ As a business traveler, my only requirement is that the flight leaves on time. I do not want anything else under in-flight experience ”. Post-flight experience is consistent across carriers indicating customer expectations have not changed over time Q3 - Was my post-flight experience hassle-free? Key Insights Customers expect prompt support and response and responsible baggage handling– “ While traveling with Carrier A, my luggage was misplaced. Although it was eventually found, the airline did not take immediate action and offered little assistance. They directed me to check elsewhere ” Organised deboarding is the last interaction customer has with the brand and is essential to close in on an overall great experience Striking the right balance between delighting customer and the cost of servicing them is key to maximising value Performance of the segment on prioritised experience attributes Omnichannel services and hospitable staff are the key attributes where brands are meeting customer expectations. Other priority attributes include - Customers prioritise carriers that offer competitive pricing and discounts, allowing them to save money on travel expenses. Carriers that offer flexible booking options, including no or low change fees, make it easier for customers to manage their travel plans without incurring additional costs. Multiple route options enable passengers to choose the most convenient and time-efficient flights, reducing overall travel time Modern aircraft equipped with state-of-the-art amenities provide passengers with a more comfortable and luxurious flying experience, which go together with safety and reliability. Overly complex and restrictive redemption process makes it difficult for travelers to utilise their rewards in a convenient and straightforward manner, thereby leading to frustration and decreased loyalty to the program. Low performance of the segment across prioritised experience attributes can be mapped to low customer retention Customer segmentation based on satisfaction and loyalty (percentage share of respondents) Customer retention is dependent on their satisfaction with the brand and their tendency to explore alternatives. ‘Ambassador’ are highly satisfied customers who will keep contributing to the brand’s success. ‘Switchers’ on the other hand, are always seeking better options. ‘Critics’ as the third segment, actively convey negative feedback about the brand, if not satisfied. Finally, ‘Dependents’ are customers who remain loyal despite low satisfaction due to lack of alternatives in the market. 52 per cent of the customer base are ambassadors as their brand of choice meets their expectations on – Responsive customer support Aircraft and associated amenities However, 46 per cent of the consumers are likely to substitute their preferred brand if it fails to meet their expectations on – Hospitality by staff Safe and reliable operations by the carrier The key attribute driving both ambassadors and switchers for the Airlines segment is quality customer support Despite highest weightage of ‘Expectation’ pillar in defining customer experience, fulfilment on the requirement is lowest Performance across the propreitary Six pillars of Customer Experience (Weightage of the pillars to the overall experience requirements) Expectation (22 per cent) and Integrity (19 per cent) are the key pillars of experience while making a purchase decision Within expectation, the top attributes driving a great experience are - Consistent availability of airlines across multiple schedules and routes attracts more travelers, resulting in increased bookings and higher revenue. Meeting expectations on cabin comfort and other service offerings, results in word-of-mouth recommendations from satisfied travelers can further enhance the airline's reputation Within integrity, the top attributes driving a great experience are - Trusted operations build customer confidence in the airline's ability to deliver reliable and safe services. Open availability of information is vital during crisis management like delays, cancellations, or emergencies. Airlines that prioritise transparency and open communication foster a positive brand image. Customers are more likely to choose an airline they perceive as honest and dependable. Customers prioritise ‘Expectation’ pillar however, their willingness to pay a premium is higher for ‘Empathy’ pillar The top 5 experience attributes influencing the customer’s willing to pay a premium Empathetic service and support from airline staff across online/ offline channels Consistent delivery on high-end aircraft, fully integrated with latest amenities Easy to use customer support with responsive and good resolution Operations by trusted carrier which is well recommended within the social circle Complete delivery on the expectations from product/ service for the money paid An individual’s willingness to pay a premium is driven by immediate needs. As the today’s customer evolves, the focal aspects of premiumisation has shifted from functionality to experience. These aspect may as well translate as personalised convenience, omnichannel browsing or even exclusivity in customer support. 30 per cent of the customers, primarily leisure travelers, would pay more for an airline ticket with better service as they value the enhanced comfort, convenience, and overall travel experience it provides. 29 per cent of the customers would pay more for better aircraft and latest amenities translating into cabin comfort Considering the recent cases of aircraft malfunctions, it is evident that travel safety has become a key requirement with at least 29 per cent of the of the customers willing to pay more for the same ticket in a trusted airline vs a new airline 28 per cent would pay more for a responsive customer support in getting hassle-free seat changes, refunds and reschedules “ With offerings like aisle seating, priority check-in and baggage allowance, only I will join a Loyalty program”. Key Contacts Nikhil Sethi National Leader Consumer Goods and Co-Lead Customer & Operations KPMG in India mail Girish Nair Partner and Head, Aviation Sector KPMG in India mail Contact Contact Us Submit RFP Contact Contact Us Submit RFP Media Press Releases Media Press Releases Company Careers About Us Company Careers About Us Legal Privacy Accessibility Help © 2025 KPMG Assurance and Consulting Services LLP, an Indian Limited Liability Partnership and a member firm of the KPMG global organization of independent member firms affiliated with KPMG International Limited, a private English company limited by guarantee. All rights reserved. For more detail about the structure of the KPMG global organization please visit https://kpmg.com/governance . north Back to top",2025-03-01 00:00:00,KPMG
"Pulse of Fintech: H2 2024
        
        Biannual analysis of global fintech funding trends, highlighting key insights, investment shifts, and emerging opportunities in H2 2024
        
          Read morechevron_right",https://kpmg.com/in/en/insights/2025/03/pulse-of-fintech-h2-2024.html,"Pulse of Fintech: H2 2024 close contact_mail Contact us India (EN) close Search cancel menu close Insights Back Our Insights Our Perspectives Artificial Intelligence Supply chain Energy and Renewables Cyber Security Economy and Growth Environmental, Social and Governance (ESG) Technology Risk and Regulation Workforce Transformation Global Capability Centres Assurance Industries Back All industries Aerospace, Defence & Space Energy, Natural Resources and Chemicals Media Building and Construction Financial Services Sports Consumer Markets Government Technology Education and Skills Development Emerging Giants Program Telecommunications Life Sciences Transport and Logistics Services Back What we do Advisory Environmental, Social and Governance (ESG) Tax The KPMG Learning Academy Board Leadership Transformation Powered Connected Elevate Trusted Managed Services Artificial Intelligence You can with AI Trusted AI Artificial Intelligence Insights Who we are Back About us Leadership Media Offices Alumni How we work Alliances KPMG. Make the Difference. Client Stories Analyst Relations Our Impact Plan Corporate Citizenship Working with us Back Careers Experienced Professionals Life at KPMG in India Culture and values Students KPMG Global Services Back KGS Leadership Our people Corporate Social Responsibility Consulting Deal Advisory & Strategy Tax Capability Hubs close contact_mail Contact us India (EN) close search Search search Your search term was too short. Search terms must include 3 or more characters. Previous search terms close Cancel Home Insights Pulse of Fintech: H2 2024 Pulse of Fintech: H2 2024 Biannual analysis of global fintech funding trends, highlighting key insights, investment shifts, and emerging opportunities in H2 2024 event 11 Mar, 2025 Share H2 2024 - Pulse of Fintech latest edition 2024 proved to be another challenging year for the global fintech market as both total investment ($95.6 billion) and the volume of deals (4,639) fell to seven-year lows. Ongoing macroeconomic challenges, geopolitical conflicts and tensions, and a number of high-profile elections in major jurisdictions around the world kept the level of uncertainty very high, leading to a pullback in fintech investment particularly on the M&A and PE fronts. H2’24 was more subdued than H1’24 by a fair margin. Total global investment fell from $51.7 billion to $43.9 billion between the first and second halves of the year, driven by M&A deal value and VC investment falling from $28.1 billion to $21.6 billion and from $22.5 billion to $20.9 billion, respectively. But these numbers only tell a part of the story, as Q3’24 and Q4’24 saw wildly different results; M&A deal value nearly doubled from $7.4 billion to $14.2 billion quarter-over-quarter, while VC investment rose from $9.7 billion to $11.2 billion over the same period. The Americas accounted for the largest share of fintech investment in H2’24 ($31 billion), including the only $1 billion+ deals (Nuvei — $6.3 billion, Envestnet — $4.5 billion, Candescent — $2.45 billion, Transact Campus - $1.6 billion, Bridge - $1.1 billion). Comparatively, the EMEA region attracted $7.3 billion — led by the $561 million acquisition of Netherlands-based Knab Bank, while ASPAC saw $5.5 billion — led by a $788 million raise by Philippines-based Mynt. The payments space remained the hottest fintech subsector over 2024 by far, attracting $31 billion in investment, followed by digital assets and currencies ($9.1 billion) and regtech ($7.4 billion). Looking back over the second half of 2024, we can see how the sentiment of fintech investors shifted from cautious to cautiously optimistic. Key trends we saw during H2’24 included: A noticeable uptick in investment in between Q3’24 and Q4’24 Strengthening consolidation in the payments industry Growing focus on defensive plays, including take private deals and divestitures Increasing use of secondary transactions to provide liquidity Fintech in India continues to attract the investors community especially with investments in wealth-tech and lending. Although, certain segments of fintech lending may face headwinds, overall industry continues to be a big innovator, contributor and more so an important business partner to large financial institutions. Sanjay Doshi Partner, Financial Services Advisory Leader, KPMG in India Heading into 2025, there is growing positivity for a rebound in global fintech investment given declining interest rates and some lessening of uncertainty in the wake of what was a key election year. Many eyes will be on the US in H1’25 as early actions by the new administration could have an effect on fintech investment activity moving forward. Whether you’re the CEO of a large financial institution or the founder of an emerging fintech, it’s critical to consider how your company can take advantage of cuts to interest rates and the declining cost of capital to seize the opportunities that might be in store for the year ahead. As you read this edition of Pulse of Fintech, ask yourself: How can we ensure that our organisation is well positioned to take advantage of emerging opportunities while still managing our risks effectively? Pulse of Fintech H2’24 Global analysis of fintech funding Download the report (3.2MB) Key Contact Sanjay Doshi Partner, Financial Services Advisory Leader KPMG in India mail Access our latest insights on Apple or Android devices Click here for Google play Click here for App Store Contact Contact Us Submit RFP Contact Contact Us Submit RFP Media Press Releases Media Press Releases Company Careers About Us Company Careers About Us Legal Privacy Accessibility Help © 2025 KPMG Assurance and Consulting Services LLP, an Indian Limited Liability Partnership and a member firm of the KPMG global organization of independent member firms affiliated with KPMG International Limited, a private English company limited by guarantee. All rights reserved. For more detail about the structure of the KPMG global organization please visit https://kpmg.com/governance . north Back to top",2025-03-01 00:00:00,KPMG
"The rise of silver generation: Transforming the senior living landscape
        
        Exploring trends, innovations, and opportunities in senior living to create inclusive, future-ready communities for the evolving silver generation
        
          Read morechevron_right",https://kpmg.com/in/en/insights/2025/03/the-rise-of-silver-generation-transforming-the-senior-living-landscape.html,"The rise of silver generation: Transforming the senior living landscape close contact_mail Contact us India (EN) close Search cancel menu close Insights Back Our Insights Our Perspectives Artificial Intelligence Supply chain Energy and Renewables Cyber Security Economy and Growth Environmental, Social and Governance (ESG) Technology Risk and Regulation Workforce Transformation Global Capability Centres Assurance Industries Back All industries Aerospace, Defence & Space Energy, Natural Resources and Chemicals Media Building and Construction Financial Services Sports Consumer Markets Government Technology Education and Skills Development Emerging Giants Program Telecommunications Life Sciences Transport and Logistics Services Back What we do Advisory Environmental, Social and Governance (ESG) Tax The KPMG Learning Academy Board Leadership Transformation Powered Connected Elevate Trusted Managed Services Artificial Intelligence You can with AI Trusted AI Artificial Intelligence Insights Who we are Back About us Leadership Media Offices Alumni How we work Alliances KPMG. Make the Difference. Client Stories Analyst Relations Our Impact Plan Corporate Citizenship Working with us Back Careers Experienced Professionals Life at KPMG in India Culture and values Students KPMG Global Services Back KGS Leadership Our people Corporate Social Responsibility Consulting Deal Advisory & Strategy Tax Capability Hubs close contact_mail Contact us India (EN) close search Search search Your search term was too short. Search terms must include 3 or more characters. Previous search terms close Cancel Home Insights The rise of silver generation: Transforming the senior living landscape The rise of silver generation: Transforming the senior living landscape Exploring trends, innovations, and opportunities in senior living to create inclusive, future-ready communities for the evolving silver generation event 08 Mar, 2025 Share The global senior living market, valued at approximately USD 190 Bn in 2020, is poised to double to USD 375 Bn by 2030, driven by shifting demographics and rising life expectancy. The silver economy comprising older adults as active economic participants has emerged as a powerful force for economic and social transformation. No longer merely recipients of care, older adults are increasingly contributing to economic growth. By fostering innovation, inclusive policies, and sustainable infrastructure, the silver economy presents a unique opportunity to reshape societies for a more resilient and adaptive future. India is poised to play a crucial role in this evolving landscape. By 2050, India is projected to account for 16 per cent of the global population aged 60 and older approximately 346 Mn seniors out of an estimated 2.1 Bn worldwide. While this percentage is lower than some countries, India’s sheer population size makes this shift economically and socially significant. This demographic wave will profoundly impact healthcare, social services, and economic policies, making senior living a critical sector for national development. Unlocking the Potential of India’s Senior Living Sector India’s senior living sector is at a nascent stage but holds immense promise. Cities such as Pune (1.2 Mn seniors) and Bengaluru (1.03 Mn seniors) are witnessing robust growth in senior demographics, while Chennai, Kolkata, Coimbatore, and Hyderabad have shown steady increases. However, large untapped markets in northern and central regions remain underdeveloped due to cultural preferences for family caregiving and limited supply of senior living facilities. Bridging this gap will require tailored solutions that align with the diverse needs and aspirations of Indian seniors. Adopting global best practices will be key to unlocking India’s senior living potential. This includes, centralised and localised policy frameworks, innovative rental and ownership models, flexible financing options and incentives, seamless integration with healthcare providers. Operating Models Driving Growth The senior living sector offers diverse operating models, each with unique benefits and challenge Outright Sale Model The most preferred option, providing tangible ownership and long-term capital appreciation Pure Rental Model Gaining gradual acceptance, this model offers steady income for developers and greater flexibility for seniors Leasehold Model Popular in countries like Australia and the UK, this model involves paying a lower upfront entry fee for accommodation, with a portion of the fee retained by the operator as a management fee, typically deducted when the resident vacates the unit or upon resale. This helps balance affordability with stability Currently, 84 per cent of India’s senior living supply caters to independent living designed for active seniors, while 16 per cent serves assisted living needs. However, skilled nursing facilities for seniors requiring continuous medical support are limited in scale. This is because the demand is relatively low and depends on individual cases, typically arising only in chronic conditions requiring constant support. Creating a Sustainable Ecosystem Realising India’s senior living potential requires a collaborative effort among policymakers, developers, investors, and operators. Government support through tax incentives, subsidised land, and regulatory frameworks will be critical in attracting private investment and making senior housing more accessible and affordable. To truly make an impact, India’s regulatory framework must address, diverse medical needs and care requirements also ensuring quality in the same time, affordability across income groups, inclusive community building models. By blending global best practices with India-specific solutions, the senior living sector can create a sustainable, equitable, and future-ready ecosystem empowering older adults to lead healthier, more fulfilling lives while driving economic growth. The time to act is now. With the right vision, partnerships, and policies, India can unlock the immense potential of its aging population and position itself at the forefront of the global silver economy revolution. The rise of silver generation: Transforming the senior living landscape Exploring trends, innovations, and opportunities in senior living to create inclusive, future-ready communities for the evolving silver generation Download the report (9.9 MB) Key Contact Chintan Patel Partner, Deal Advisory & Head - Building, Construction and Real Estate KPMG in India mail Access our latest insights on Apple or Android devices Click here for Google play Click here for App Store Contact Contact Us Submit RFP Contact Contact Us Submit RFP Media Press Releases Media Press Releases Company Careers About Us Company Careers About Us Legal Privacy Accessibility Help © 2025 KPMG Assurance and Consulting Services LLP, an Indian Limited Liability Partnership and a member firm of the KPMG global organization of independent member firms affiliated with KPMG International Limited, a private English company limited by guarantee. All rights reserved. For more detail about the structure of the KPMG global organization please visit https://kpmg.com/governance . north Back to top",2025-03-01 00:00:00,KPMG
"Aviation leasing and financing ecosystem at GIFT IFSC, India
        
        An overview on the current situation of commercial aircraft leasing in India, and the future scope of leasing
        
          Read morechevron_right",https://kpmg.com/in/en/insights/2025/03/aviation-leasing-and-financing-ecosystem-at-gift-ifsc-india.html,"Aviation leasing and financing ecosystem at GIFT IFSC, India close contact_mail Contact us India (EN) close Search cancel menu close Insights Back Our Insights Our Perspectives Artificial Intelligence Supply chain Energy and Renewables Cyber Security Economy and Growth Environmental, Social and Governance (ESG) Technology Risk and Regulation Workforce Transformation Global Capability Centres Assurance Industries Back All industries Aerospace, Defence & Space Energy, Natural Resources and Chemicals Media Building and Construction Financial Services Sports Consumer Markets Government Technology Education and Skills Development Emerging Giants Program Telecommunications Life Sciences Transport and Logistics Services Back What we do Advisory Environmental, Social and Governance (ESG) Tax The KPMG Learning Academy Board Leadership Transformation Powered Connected Elevate Trusted Managed Services Artificial Intelligence You can with AI Trusted AI Artificial Intelligence Insights Who we are Back About us Leadership Media Offices Alumni How we work Alliances KPMG. Make the Difference. Client Stories Analyst Relations Our Impact Plan Corporate Citizenship Working with us Back Careers Experienced Professionals Life at KPMG in India Culture and values Students KPMG Global Services Back KGS Leadership Our people Corporate Social Responsibility Consulting Deal Advisory & Strategy Tax Capability Hubs close contact_mail Contact us India (EN) close search Search search Your search term was too short. Search terms must include 3 or more characters. Previous search terms close Cancel Home Insights Aviation leasing and financing ecosystem at GIFT IFSC, India Aviation leasing and financing ecosystem at GIFT IFSC, India An overview on the current situation of commercial aircraft leasing in India, and the future scope of leasing event 07 Mar, 2025 Share This report provides an overview on the current situation of commercial aircraft leasing in India, and the future scope of leasing. It highlights the significant potential for growth in this sector and underscores the importance of developing a robust leasing framework to support the explosive growth in India’s aviation industry. The report provides an understanding of India’s overall macro-economic growth in the past decade along with an evolving business ecosystem. It also covers how infrastructure and aviation are critical for achieving India’s Viksit Bharat Vision of 2047. Further, the report introduces the reader to the Indian aviation market. It highlights the growth of the aviation industry in India in past decade, its outlook, and envisaged growth in line with India’s Viksit Bharat Vision @ 2047. It also introduces the reader to the leasing environment and role of GIFT International Financial Service Centre (IFSC) in India. Subsequently, the report deep dives into GIFT IFSC, covering its vision and the journey so far. It encapsulates a detailed understanding about the business opportunities and innovative financial products and services available at GIFT IFSC along with the key business highlights. Additionally, it provides an overview of the jurisdictional comparison followed by a deep dive into the aircraft leasing opportunities available at GIFT IFSC. It also gives an overview on the leasing journey so far, followed by a brief on the regulatory framework, key enablers for aircraft leasing at GIFT IFSC. It further covers potential tax benefits of the GIFT IFSC related to direct tax, indirect tax and other incentives. Summary and way forward With the government's focus on holistic and balanced growth across India, the country is expected to achieve a CAGR of 7-9 per cent in air passenger traffic over the next two decades, indicating a promising future. This trend is mirrored by Indian carriers such as IndiGo and Air India, which are placing record orders to meet passenger demand. Consequently, the aircraft fleet is expected to grow at a CAGR of 6.0-6.3 per cent, primarily driven by wide-body aircraft Given the substantial investment required for aircraft, the industry is increasingly shifting towards leasing rather than owning aircraft. This approach offers benefits such as maintaining asset-light financials, flexibility in adjusting capacity based on demand, and reduced operational costs. Establishing leasing infrastructure in India will not only bolster the aviation industry but also contribute to the country's economic growth The IFSC at GIFT City is a strategic initiative by the government to support the leasing industry in India. The IFSC provides access to global financial markets and currencies, enabling airlines and aviation-related businesses to raise capital from international investors. Additionally, the IFSC offers a robust regulatory framework and tax incentives for aircraft leasing and financing, allowing airlines to procure aircraft at competitive rates and reducing their financial burden While the IFSC at GIFT City is a commendable initiative by the government to attract lessors to India and considerable grounds have been covered in last few years, there are aspects that need to be addressed to position India as a competitive player in the industry. GIFT City must continue to evolve its regulatory framework, tax incentives, address financing challenges, and facilitate ease of doing business to develop the aircraft leasing and financing ecosystem in GIFT IFSC In addition to providing a robust regulatory framework for the smooth functioning of the aircraft leasing industry at the IFSC, it also offers numerous tax benefits to incentivize participation. These incentives include, but are not limited to, deductions and exemptions on income, capital gains, and dividend payable. Furthermore, the introduction of the Protection of Interests in Aircraft Objects Bill aims to enhance legal protection for lessors by addressing concerns about aircraft repossession during airline insolvencies. The bill establishes a legal framework that ensures lessors can promptly reclaim their aircraft if an airline defaults on lease payments or goes bankrupt. By offering these protections, the bill aims to make GIFT City an attractive hub for international lessors, thereby supporting the growth of the aircraft leasing industry in India Aviation leasing and financing ecosystem at GIFT IFSC, India An overview on the current situation of commercial aircraft leasing in India, and the future scope of leasing Download the report (8.9 MB) Key Contact Girish Nair Partner and Head, Aviation Sector KPMG in India mail Access our latest insights on Apple or Android devices Click here for Google play Click here for App Store Contact Contact Us Submit RFP Contact Contact Us Submit RFP Media Press Releases Media Press Releases Company Careers About Us Company Careers About Us Legal Privacy Accessibility Help © 2025 KPMG Assurance and Consulting Services LLP, an Indian Limited Liability Partnership and a member firm of the KPMG global organization of independent member firms affiliated with KPMG International Limited, a private English company limited by guarantee. All rights reserved. For more detail about the structure of the KPMG global organization please visit https://kpmg.com/governance . north Back to top",2025-03-01 00:00:00,KPMG
"Textile industry embraces sustainability and innovation for future growth and success
        
        By adapting to changing market trends, the textile sector can secure its future success in an increasingly competitive global market
        
          Read morechevron_right",https://kpmg.com/in/en/blogs/2025/03/textile-industry-embraces-sustainability-and-innovation-for-future-growth-and-success.html,"Textile industry embraces sustainability and innovation for future growth and success close contact_mail Contact us India (EN) close Search cancel menu close Insights Back Our Insights Our Perspectives Artificial Intelligence Supply chain Energy and Renewables Cyber Security Economy and Growth Environmental, Social and Governance (ESG) Technology Risk and Regulation Workforce Transformation Global Capability Centres Assurance Industries Back All industries Aerospace, Defence & Space Energy, Natural Resources and Chemicals Media Building and Construction Financial Services Sports Consumer Markets Government Technology Education and Skills Development Emerging Giants Program Telecommunications Life Sciences Transport and Logistics Services Back What we do Advisory Environmental, Social and Governance (ESG) Tax The KPMG Learning Academy Board Leadership Transformation Powered Connected Elevate Trusted Managed Services Artificial Intelligence You can with AI Trusted AI Artificial Intelligence Insights Who we are Back About us Leadership Media Offices Alumni How we work Alliances KPMG. Make the Difference. Client Stories Analyst Relations Our Impact Plan Corporate Citizenship Working with us Back Careers Experienced Professionals Life at KPMG in India Culture and values Students KPMG Global Services Back KGS Leadership Our people Corporate Social Responsibility Consulting Deal Advisory & Strategy Tax Capability Hubs close contact_mail Contact us India (EN) close search Search search Your search term was too short. Search terms must include 3 or more characters. Previous search terms close Cancel Home Blogs Textile industry embraces sustainability and innovation for future growth and success Textile industry embraces sustainability and innovation for future growth and success By adapting to changing market trends, the textile sector can secure its future success in an increasingly competitive global market event 03 Mar, 2025 Share The textile industry is constantly evolving, driven by changing consumer demands, technological advancements, and the need to address environmental concerns. As we look to the future of textiles, particularly man-made fibres, it is clear that both challenges and opportunities lie ahead. To be competitive in the global market, textile manufacturers need to continuously invest in research & development and create innovative fabrics that set them apart from competition. As consumers become more environmentally conscious and demand for sustainable fabrics that are produced in an eco-friendly manner, the industry is turning to innovations in eco-friendly materials and production processes. Man-made fibres made from recycled materials such as plastic bottles or ocean waste not only reduce the amount of waste going into landfills and oceans but also have a lower carbon footprint compared to traditional synthetic fibres. Further, smart textiles that monitor health and wellness to fabrics that adapt to changes in temperature, technology is driving innovation in the industry. In addition to using recycled materials, textile manufacturers are also adopting more sustainable production processes. This includes using technologies that reduce water and energy consumption, as well as implementing practices that minimise waste and emissions. By embracing these eco-friendly practices, the industry can not only reduce its environmental impact but also appeal to a growing segment of environmentally conscious consumers. Additionally, focusing on niche markets that value sustainability, such as athleisure or outdoor apparel, can help manufacturers carve out a unique position in the market. While sustainability presents a significant opportunity for growth in the textile industry, there are also challenges that must be addressed. One such challenge is the competition from countries that have duty-free access to major markets. These countries often have lower labour and production costs, making it difficult for manufacturers in other countries to compete on price. With the need for continuous technological advancements, the manufacturers need to remain relevant and differentiate themselves by offering high-quality, sustainable products that meet the evolving needs of consumers. By embracing these challenges as opportunities for growth, the future of the textile industry looks promising. With a focus on sustainability, innovation, and technological advancements, manufacturers can not only reduce their environmental impact but also create products that meet the demands of today's consumers. By staying ahead of the curve and adapting to changing market trends, the textile sector can secure its future success in an increasingly competitive global market. Author Shobhit Agarwal Partner, India Global KPMG in India Access our latest insights on Apple or Android devices Click here for Google play Click here for App Store Contact Contact Us Submit RFP Contact Contact Us Submit RFP Media Press Releases Media Press Releases Company Careers About Us Company Careers About Us Legal Privacy Accessibility Help © 2025 KPMG Assurance and Consulting Services LLP, an Indian Limited Liability Partnership and a member firm of the KPMG global organization of independent member firms affiliated with KPMG International Limited, a private English company limited by guarantee. All rights reserved. For more detail about the structure of the KPMG global organization please visit https://kpmg.com/governance . north Back to top",2025-03-01 00:00:00,KPMG
Agentic AI in the human capital management (HCM) industry,https://www.pwc.in/ghost-templates/agentic-ai-in-the-human-capital-management-hcm-industry.html,"Agentic AI in the human capital management (HCM) industry Leverage Oracle’s agentic AI technology to strengthen your HR function AI agents assisting Chief Human Resources Officers (CHROs) 2Use cases:•Uses generative AI to quickly generate personalised job descriptions that align with the company culture•Relies on candidate score AI to compare applicants based on skills and job history•Uses career planning guide AI to help employees see growth opportunities within the company PwCAgentic AI in the human capital management (HCM) industryRecruiting an AI agent Automates job postings, generates candidate summaries and provides hiring insights01Employee lifecycle management agentAssists with onboarding and internal mobility02Performance management AI agent Suggests goals, drafts feedback and summarises performance reviews03Compliance and lifecycle AI agent Assists with onboarding, internal mobility and regulatory adherence04 April 2025AI agents assisting talent development managers 3April 2025Use cases:•Uses AI-powered goal setting to help employees define clear, measurable objectives•Relies on generative AI for performance feedback to craft structured reviews•Uses AI-driven knowledge base to facilitate quick responses to employees’ HR policy queriesEmployee experience AI agent Provides personalised guidance and conversational AI support01Skills and career AI agentRecommends training and career growth options02Knowledge management AI agentHelps employees find HR-related answers instantly03Tailored career page AI agentProvides personalised, dynamic career pages tailored to different job categories, improving the overall candidate experience and attracting top talent04 PwC Agentic AI in the human capital management (HCM) industryAI Agents assisting HR operations leader 4Use cases:•Faster operational decision-making: AI-powered insights allow the HR operations leader to make data-driven decisions that improve the bottom line.•Better resource allocation and solutions help streamline workforce management and customer interactions, reducing costs and increasing productivity.•AI systems that work across departments help teams align, ensuring that customer engagement is consistent and seamless. By integrating AI-driven insights from all sectors, the HR Operations Leader can plan for long-term strategic growth with scalable, adaptable solutions.Compensation benchmarking AI agentHelps in making well-informed compensation and benefits decisions – e.g. Benefits Analyst and Timecard Assistant01Predictive insights AI agentUses machine learning to refine forecasts and detect anomalies02Compliance and information management AI agentHelps maintain governance standards by assisting in shift scheduling, policy-related tasks and regulatory compliance tracking03Workforce analytics AI agentAI-powered workforce insights, predicting talent needs, attrition risks and workforce productivity trends to improve strategic HR decision-making04 PwC Agentic AI in the human capital management (HCM) industry April 2025At PwC, our purpose is to build trust in society and solve important problems. We’re a network of firms in 151 countries with over 360,000 people who are committed to delivering quality in assurance, advisory and tax services. Find out more and tell us what matters to you by visiting us at www.pwc.com.PwC refers to the PwC network and/or one or more of its member firms, each of which is a separate legal entity. Please see www.pwc.com/structure for further details.© 2025 PwC. All rights reserved.About PwC Data Classification: DC0 (Public)In this document, PwC refers to PricewaterhouseCoopers Private Limited (a limited liability company in India having Corporate Identity Number or CIN : U74140WB1983PTC036093), which is a member firm of PricewaterhouseCoopers International Limited (PwCIL), each member firm of which is a separate legal entity.This document does not constitute professional advice. The information in this document has been obtained or derived from sources believed by PricewaterhouseCoopers Private Limited (PwCPL) to be reliable but PwCPL does not represent that this information is accurate or complete. Any opinions or estimates contained in this document represent the judgment of PwCPL at this time and are subject to change without notice. Readers of this publication are advised to seek their own professional advice before taking any course of action or decision, for which they are entirely responsible, based on the contents of this publication. PwCPL neither accepts or assumes any responsibility or liability to any reader of this publication in respect of the information contained within it or for any decisions readers may take or decide not to or fail to take.© 2025 PricewaterhouseCoopers Private Limited. All rights reserved.AW – April 2025 – M&C 44757pwc.inContact PwC’s Oracle practiceManish GangulyPartnermanish.ganguly@pwc.comHirak KayalPartner and Leaderhirak.kayal@pwc.comVishal SharmaPartnervishal.sharma@pwc.comSanjay SinghPartnersanjay.singh@pwc.comSabitabrata BanerjeePartnersabitabrata.banerjee@pwc.com",2025-03-27,PWC
Indian family offices – the new investors for India’s startup ecosystem,https://www.pwc.in/ghost-templates/indian-family-offices-the-new-investors-for-indias-startup-ecosystem.html,"Indian family offices – 
the new investors for 
India’s startup ecosystemA large segment of India’s high-net-worth families are 
setting up organised structures to invest their family wealth. 
Traditionally, Indian promoter-led businesses have been 
conservative in their investment thesis. However, there 
has been a surge of family offices in the past five years, 
especially after the COVID-19 pandemic, where more and 
more ultra-high net worth individuals (UHNIs) are trying 
to formalise and organise their wealth. While most family 
offices are in tier 1 cities, more families are setting up formal 
or similar family offices in tier 2 and tier 3 cities. The overall 
assets under management (AUM) of Indian family offices 
is still very small compared to the size and scale of global 
family offices which have AUM of trillions of dollars.1 
The evolving role of family offices 
A family office is an entity established to manage and 
oversee the business, investment and personal affairs 
of a high-net-worth families engaged in the business or 
individuals who are hoping to grow and transfer their 
wealth to the coming generations. The main aim of 
these offices is to ensure the long-term preservation and 
growth of family wealth while addressing the family’s 
unique needs and objectives. A mature family office provides services around 
investment management, estate planning, tax advisory 
and philanthropy, and often function as a strategic team 
which provides stewardship to the family business by 
playing the role of a custodian for the family’s capital. 
For high-net-worth and ultra-high-net-worth families, 
managing their complex affairs requires a unified 
strategy. Family offices help in streamlining this process 
by bringing together a team of experts and professionals. 
They also help in identifying, managing and prioritising 
different kinds of risks and customising investment plans 
to align them with the family’s vision and reflect their 
core values. 
1 https://www.forbes.com/sites/josipamajic/2024/09/09/rise-of-family-offices-trillion-dollar-shadows-in-global-finance/
2   |    PwC Indian family offices – the new investors for India’s startup ecosystemThe symbiotic relationship between 
family offices and startups  
The start-up ecosystem has given rise to multiple 
opportunities for family offices. While earlier family offices 
feared this asset class due to the risks related to these 
investments, many are now increasing their allocation 
towards this asset class. Startups also prefer family offices 
as they have patient capital and are less demanding when 
it comes to a seat at the board, management information 
systems (MIS) and operational oversight as compared to 
venture capitalists (VCs). The long-term capital provided 
by family offices supports sustainable growth and 
helps startups avoid the pressures of rapid exits often 
demanded by other investors. Family offices also offer 
enhanced credibility and access to a global network of 
influential contacts.
Single family offices in India have been actively investing 
in the startup ecosystem. They have specialist teams who 
understand the dynamics of an investment process and the 
associated risks in startups. Multi-family offices facilitate 
such investment opportunities for their member family 
offices.  However, multi-family offices are also setting up 
their own fund structures – alternative investment fund 
(AIFs) – with select families which participate as LP , and 
these funds then professionally invest in startups. This 
new model reduces the risks for individual family offices 
as they have professional intermediaries who evaluate the 
quality of investment (parameters of evaluation include the 
founder’s credentials, the business model which is being 
deployed and the organisational strategy) and control the 
investment process.Why family offices invest in 
startups
1Access to new-age ideas and 
technology 
Startups are a high risk, high reward asset class and newer 
family offices are allocating portions of their portfolios for 
startup investments as it allows them to diversify their 
portfolios and gain exposure to disruptive and innovative 
technologies and high-growth ventures, thus allowing them 
to access cutting-edge technologies and complement their 
traditional investment assets. It also provides opportunities 
for capital appreciation, higher return on investment 
(ROI) than traditional investments, and an opportunity to 
network with the brightest and the most innovative minds 
in the industry.
2Impact investing 
Some family offices are also investing in startups which 
creates social impact or addresses environmental related 
concerns. It also allows them to brand themselves, through 
association, as conscious modern businesses.
3Diversification 
Investing into the startup ecosystem allows the new 
generation of family businesses to diversify into newer 
businesses and sectors without disturbing their core 
family business. This addresses an important element of 
continuity of ‘family togetherness’ by allowing the next gen 
to experiment without inhibitions.  For example, some of the 
startups have been seeded by the new gen family members 
through initial funding from their own family office and then 
later raised funds from outside VCs and PEs.
3   |    PwC  Indian family offices – the new investors for India’s startup ecosystem4   |    PwC Indian family offices – the new investors for India’s startup ecosystem
Ways in which family offices can 
invest in startups
1Direct investments 
These can be done via equity investments in startups, 
becoming shareholders and potentially gaining board 
seats. Direct investments can be made during the seed 
funding stage which comprises investing the initial capital 
for startups to kickstart their business or via the later-stage 
funding rounds of series A/B/C, where startups have a more 
established business model along with a fair amount of the 
desired market validation. Investing via convertible notes – 
debt instruments which convert into equity at a later stage 
– often during a future funding round, is another approach. 
This route offers some downside protection while retaining 
the equity upside. 
2VC funds
Putting money in VC funds which focus on startup 
investments has often proven to be a safe approach. This 
provides exposure to a diversified portfolio of startups and 
mitigates the risk arising from investing in a single startup. 
VCs also often provide co-investment opportunities to their 
LPs, enabling family offices to invest along with them in 
specific startups. 3Angel networks 
Joining angel investor networks gives family offices the 
opportunity to co-invest with other experienced investors, 
helping them leverage the advantages from a quality deal 
flow and shared due diligence. 
4Incubators and accelerators:
Investing in or partnering with incubators and accelerators 
enables family offices to gain early access to promising 
startups and the opportunity to mentor them through their 
growth stages, thus providing the former with an edge in 
their investment practices.
5Corporate VC
This includes setting up a corporate venture arm in the 
scenario where the family office has a formidable business 
turnover. This permits strategic investments in those 
startups which align with the family office’s business 
operations and strategic goals.5   |    PwC  Indian family offices – the new investors for India’s startup ecosystem
Key considerations for investing 
into startups
The following factors must be taken into consideration 
before investing in startups:
The founding team
The educational and family background, capabilities, 
motivation and vision of the founders are critical factors. 
The founding team must have a business plan, roadmap 
and milestones carved out for their business.Due diligence 
Conducting a comprehensive due diligence, assessing 
the size of the total addressable market (TAM), figuring out 
the financial KPIs along with ensuring legal and regulatory 
compliance should be considered before investing. 
It is important to keep negative branding and risks of 
litigation at bay.
Sector focus
A targeted approach towards key sectors with strategic 
intent is important for enhancing the probability of success 
for the family office. While the original sector in which they 
operate is a good starting point for considering startups 
in the same space many family offices are also exploring 
new-age sectors such as renewable energy, FinTech, 
HealthTech and other emerging sectors to invest in.
Risk management
It is recommended to diversify investments into different 
ventures. strategic investment plan spread across the 
different stages and lifecycles of a startup helps mitigate the 
risks of a sunk cost.
Exit strategies
Family offices should have a clearly defined exit plan, along 
with timelines. Terms of separation should be discussed 
and agreed upon before making the investment. These 
terms may include initial public offerings, mergers and 
acquisitions, buybacks, secondary sale of equity and other 
terms. It is common practise to invest at a more advanced 
stage in startups on their path towards IPO, to help them 
get better returns for the investor.Earlier, family offices were comfortable with investing into 
startups as a follow-up investment to qualified VCs (usually 
top-tier VCs) as they relied on the diligence and judgement 
of such investors. However, this investment by family offices 
did not augur well for them always, as the VCs’ investment 
thesis allowed them to lose money on select investments 
(usually offset by bumper returns in other investments 
in the larger pool). Secondly, post investment, VCs are 
used to having their own peculiar ways of managing their 
investments, including using board seats effectively. They 
also have competent teams to analyse the MIS of such 
investments. On the other hand, family offices are usually 
understaffed, thereby making this form of investments 
comparatively risky. Therefore, family offices which 
believe in investing in startups regularly need to develop 
inhouse capabilities (with due augmentation from external 
professionals) to undertake their own due diligence with 
respect to financial, commercial, legal or human resources 
aspects in order to take informed decisions pertaining to the 
business’s long-term viability. Although this process may 
prove to be expensive, it will help them to undertake proper 
evaluation and thus make gainful investments. 2 https://economictimes.indiatimes.com/industry/banking/finance/indian-fintech-market-expected-to-reach-usd-150-bn-in-valuation-by-2025-mos-
finance/articleshow/92087752.cms?from=mdr
3 https://economictimes.indiatimes.com/news/economy/finance/indias-digital-payments-market-will-more-than-triple-to-10-trillion-by-2026-report/
articleshow/98522718.cms?from=mdr
4 https://www.hindustantimes.com/india-news/over-400-million-poor-now-have-access-to-banks-due-to-pradhan-mantri-jan-dhan-yojana-finance-
ministry/story-V7ZTGA4VES6PqUIbG8kAOJ.htmlSome of the key sectors in which family offices are investing in are: 
1FinTech
India is home to many of startups in the FinTech space. The 
Indian FinTech space is touted to grow to USD 150 billion by 
2025 at a CAGR of 22% since 2021.2 The growth is a factor 
of rising digital adoption among a burgeoning technologically 
comfortable youth, and a growing demand for new age 
products. Family offices have made investments in payment 
platforms, lending businesses, and Insurtech solutions. 
Further, digital payments in India are going to be in excess 
of USD 10 trillion by 2026.3 This will be made possible by 
policy initiatives, and a business environment favoured 
towards this goal.
In the last ten years, more than 400 million new bank 
accounts have been operationalised in India as part of our 
financial inclusion initiatives such as Jan Dhan Yojana,4 This 
significant increase emphasises the potential of the FinTech 
market catering the rural and underserved populace.4Artificial intelligence (AI)
The increased adoption of AI technologies across industries 
is driving the growth of several AI-related startups. This has 
led to increased investor interest, including family offices, 
who are evaluating and investing into such businesses. This 
surge in investment shows strong investor confidence in 
India’s AI capabilities and the potential for high returns.
The amount of data being generated by both traditional 
and new-age companies requires a dedicated analytical 
engine (hardware and software) and monetisation strategy 
to increase the profit margins of such companies. To cater 
to this demand, several startups are creating products 
pertaining to both these areas, and family offices are 
evaluating and investing into such startups extensively. 
Apart from these considerations, it is important that family 
offices create a detailed investment thesis or policy covering 
the following details:
• sector focus
• theme
• size and minimum percentage
• risk considerations
• control (including board seats)
• stage of monetisation
• minimum return expected
• dilution
• nature of founding team.
As family offices in India expand their role in managing 
complex, multi-generational wealth and increasing 
investments into the startup ecosystem, they also 
encounter challenges around the complexity of regulations 
and taxes of holding structures. However, regulations 
and tax provisions are usually covered under the cost of 
doing business in any part of the world, and most family 
offices hire experienced professionals to manage such 
complexities. 
Family offices are getting increasingly confident about 
startups as a separate and remunerative asset class. 
However, as they embark on their investment journey or 
scale it, they need to be careful and confident about their 
investment thesis, processes and risks and strategise how 
they will manage and monitor the same while ensuring that 
the investment plan and thesis have been customised to fit 
the family’s framework and core values.3Healthcare and HealthTech
For family offices that are inclined towards theme-based 
investments, healthcare offers a huge opportunity. The 
healthcare industry is undergoing rapid transformation owing 
to technological advancements, changing demographics and 
evolving consumer expectations. These shifts are providing 
business opportunities in the pharmaceuticals, biotechnology, 
medical devices, telemedicine and HealthTech. 
6   |    PwC Indian family offices – the new investors for India’s startup ecosystemDue to the growing middle class, increasing disposable 
incomes and changing lifestyles, there is a rising demand 
for diverse consumer products and services. In the past, 
many Indian families have created businesses around 
consumers, and are now using family office structures 
to invest into new-age consumer businesses (essentially 
driven by technology) to learn and understand changing 
consumer preferences and buying habits.  
The health and wellness segment has been gaining 
considerable traction, with more consumers prioritising 
their well-being and holistic living. Family offices 
are also investing in brands which lay emphasis on 
social responsibility and eco-friendly practices due to 
sustainability becoming a key consideration for consumers. 
The rise of e-commerce has changed how consumers shop, 
leading family offices to invest in online retail platforms and 
direct-to-consumer brands which use the nuances of social 
media to identify, acquire and service customers in all parts 
of the country without any physical interaction.2Consumer-centric businesses 
and platformsStartups are an asset class which provides more than 
financial returns to a family office as it allows its next gen to 
experiment and learn beyond their comfort zone.  However, 
it is important that the investment should be aligned to the 
values and vision of the family business. Startups and their 
founders can also learn from the family office counsel. The 
ecosystem of a family office and its businesses can be used 
as a base for the proof of concept by startups.
The relationship between family offices and startups is 
increasingly becoming a merger of the old and the new, the 
traditional and the modern, and experience and innovation. 
Being a growing hub for family offices and startups, India 
has the potential to leveage the benefits of both these 
entities and develop a sustainable business environment.Conclusion
7   |    PwC  Indian family offices – the new investors for India’s startup ecosystempwc.in
Data Classification: DC0 (Public)
In this document, PwC refers to PricewaterhouseCoopers Private Limited (a limited liability company in India having Corporate Identity Number or CIN : 
U74140WB1983PTC036093), which is a member firm of PricewaterhouseCoopers International Limited (PwCIL), each member firm of which is a separate 
legal entity.
This document does not constitute professional advice. The information in this document has been obtained or derived from sources believed by 
PricewaterhouseCoopers Private Limited (PwCPL) to be reliable but PwCPL does not represent that this information is accurate or complete. Any 
opinions or estimates contained in this document represent the judgment of PwCPL at this time and are subject to change without notice. Readers of this 
publication are advised to seek their own professional advice before taking any course of action or decision, for which they are entirely responsible, based 
on the contents of this publication. PwCPL neither accepts or assumes any responsibility or liability to any reader of this publication in respect of the 
information contained within it or for any decisions readers may take or decide not to or fail to take.
© 2025 PricewaterhouseCoopers Private Limited. All rights reserved. 
HS/March 2025 - M&C 44465About PwC
At PwC, our purpose is to build trust in society and solve important problems. We’re a network of firms 
in 151 countries with over 360,000 people who are committed to delivering quality in assurance, advisory 
and tax services. Find out more and tell us what matters to you by visiting us at www.pwc.com.
PwC refers to the PwC network and/or one or more of its member firms, each of which is a separate legal 
entity. Please see www.pwc.com/structure for further details.
© 2025 PwC. All rights reserved.
Amarjeet Makhija, Sreya Majumdar
Contact usAuthors
Amarjeet Makhija
Partner – Startups and Unicorns Leader
PwC India
amarjeet.makhija@pwc.com
Falguni Shah
Partner and Leader – Entrepreneurial 
and Private Business 
PwC India
falguni.shah@pwc.com
Jayant Kumaar
Partner – Deals and Family Office Leader 
PwC India
jayant.kumaar@pwc.com
Sreya Majumdar
Associate Director – Markets
PwC India
sreya.majumdar@pwc.com",2025-03-26,PWC
Intergenerational trust: The key to succession in family business,https://www.pwc.in/ghost-templates/intergenerational-trust-the-key-to-succession-in-family-business.html,"Intergenerational trust:  
The key to succession in 
family businessFebruary 20252   PwC   |   Intergenerational trust: The key to succession in family business
Trust is the cornerstone of family businesses. It can help businesses forge 
relationships among family members and build a thriving organisation. While 
the legacy, values and heritage of a family business offer a solid foundation for 
longevity of family business, the challenge for these businesses lies in how they can 
enable the transition to emerging family members by building intergenerational trust 
for business continuity. This requires focussed and sustained effort to build trust. 
The question arises, how can businesses build trust through a trust equation? 
Trust in the context of family businesses can be understood as the sum of three critical factors: Trust equation
Trust = competency + capability + consistency
1. Competency:  Family members who are able successors need to demonstrate their ability to add 
economic value to the business by developing necessary expertise, gaining external experience and 
building competencies which can enable them in predicting future trends.
2. Capability: Emerging family business leaders should develop the ability to apply their skills effectively 
to achieve measurable outcomes, drive innovation and lead with impact. Leaders who demonstrate 
this capability inspire confidence in their ability to navigate challenges and solve complex problems 
which enhances the trust of the older generation in the next generation. 
3. Consistency: Dependability of the family member in meeting commitments, delivering results and 
aligning operations with the business’s core values fosters confidence in their long-term strategy. 
Consistency of performance on a long term basis is what builds trust over a period of time.3   PwC   |   Intergenerational trust: The key to succession in family business
Why trust equation  
is important
Why building trust is necessary 
for family businesses
Building trust is a time-consuming process which can yield significant results once established. For family 
businesses, trust between the senior members and the next generation is important due to the following 
reasons:
1. Ensure a smooth transition from one generation to another:  Trust minimises resistance, builds 
confidence in the new leadership and builds confidence in stakeholders that the business will continue 
to thrive. Transferring leadership from one generation to the next often creates uncertainty if the trust 
equation is weak.
2. Foster innovation and growth:  Individuals feel empowered to take risks, suggest new ideas and drive 
innovation without fear of failure or judgment. The confidence to succeed and the appetite to take 
calculated risk increases for family members.
3. Develop a culture of collaboration: The ability to manage and resolve differences and remain aligned 
with the shared vision (purpose) of the business increases substantially. 
4. Objectivity in decision-making:  Decision-making is efficient and family members are more likely to 
support strategic directions without doubting motives or abilities. 
5. Build confidence for external stakeholders: A trusted leadership team reassures customers, 
investors and employees, ensuring continuity and stability even during transitional phases. Trust equation is essential for sustaining a family business across generations. It ensures 
collaboration, decision-making and long-term success for family business members. Without trust 
equation the business risks losing its competitive edge, its sense of purpose and harmony among 
family members which is necessary for a seamless leadership transition. 
In family business, trust is an intangible capital which can be accumulated or depleted over a period 
of time. A high trust quotient reduces perceived risks, fosters collaboration and creates room for 
innovation. Conversely, lower trust quotient amplifies tensions, hinders cooperation and impairs 
decision-making. 4   PwC   |   Intergenerational trust: The key to succession in family business
What happens when the trust 
equation is weak or absent  
The absence of or a weak trust equation in family businesses may lead to: 
1. Credibility erosion: The next generation may struggle to gain acceptance from internal and external 
stakeholders. This could lead to reputational damage and loss of business opportunities. 
2. Increased conflict:  A lack of trust breeds suspicion and amplifies interpersonal conflicts which can 
distract the employees from the business’s objectives and damage family relationships. 
3. Obstacle to decision-making: Low trust quotient can slow down decision-making as every action 
and motive may be scrutinised. This can lead to missed opportunities or stagnation. 
4. Resistance to change: In an environment of low trust, efforts made by the next generation to 
modernise or innovate may face pushback, leaving the business ill-prepared for evolving demands of 
the market. 
5. Disinterest in talented family members/professionals:  Family members or professional managers 
may disengage or leave the business if they feel unsupported resulting in a loss of valuable skills and 
perspectives. 
6. Disruption in legacy and continuity:  A family business without trust may fail to preserve its legacy, as 
divisions within the family or poor leadership can erode the foundational values that sustain it. 5   PwC   |   Intergenerational trust: The key to succession in family business
Building trust 
equation 
The trust equation must be actively pursued and built to ensure a seamless transition between generations 
and within the organisation. Given below are some recommendations which family businesses can 
implement to build trust in their companies: 
• Senior members of the family business need to build systems and processes to transition from 
a person-centric to a systems-centric organisation, delegate authority and power, and establish 
governance mechanisms which ensures fairness and lead by example.
• Emerging generation need to demonstrate competence through capability and experience, build 
consistency through reliable actions and bring economic value to the business. 
To build the trust equation there are four key stages through which each individual of the family, especially 
those who are working in the family business, need to go through to transition from developing trust due 
to familial ties to building trust based on objectivity and professional ties. The four stages of building trust 
are: 
1. Social trust: This is the foundation of the relationship which is rooted in shared values. Emotional 
bonds, mutual respect and a shared understanding of the business’s legacy builds the initial layer of 
trust between family members. 
2. Competency trust: Competency trust is forged when individuals demonstrate the skills and 
knowledge which are necessary to contribute meaningfully to the business. This stage is critical in 
proving their readiness for taking greater responsibility and accountability. 
3. Systems trust:  Systems trust is developed through robust processes and governance mechanisms 
which ensures fairness, predictability and transparency. This reduces the dependence on individual 
personalities and creates stability. Predictability and consistency is demonstrated by the family 
members which gives a sense of fairness.
4. Institutional trust:  Institutional trust represents the highest form of trust. It is embedded in the culture, 
systems and governance of the business and ensures sustainability and resilience across generations. 
It also demonstrates excellence and credibility over a period of time.6   PwC   |   Intergenerational trust: The key to succession in family businessThe role of senior members  
of the family business 
The senior generation plays a pivotal role in fostering trust and ensuring a smooth leadership transition. 
Their involvement shapes the readiness and confidence of the next generation while safeguarding the 
business’s legacy. Some of the ways in which the senior members can help the next generation members 
of the family business are: 
1. Mentorship: A senior leader should dedicate time to guide younger family members through complex 
business decisions. For instance, a founder might mentor a next generation member on negotiating 
a major deal or navigating a market downturn, offering insights based on decades of experience. 
Mentorship also involves sharing stories of past successes and failures to prepare the next generation 
for leadership challenges. 
2. Delegation: A senior leader should assign responsibility for a key business unit or a strategic project 
to a younger family member and allow them to demonstrate their capabilities. For instance, the next 
generation could take charge of launching a new product line or expanding operations to a new market 
with the senior leader offering support when needed. Delegation builds confidence while allowing the 
senior generation to evaluate readiness for larger roles. 
3. Recognition: Senior members should also acknowledge the contributions of younger family members 
in company forums or annual meetings. For example, a senior leader might highlight the efforts of 
a next-gen leader who successfully implemented a digital transformation initiative or streamlined a 
supply chain process. Recognition not only builds trust within the family but also reinforces credibility 
among employees and external stakeholders. 
4. Building emotional resilience:  Senior members should coach the next generation on handling 
interpersonal dynamics such as resolving conflicts within the family or managing stakeholder 
expectations. For instance, a senior leader might help a younger family member mediate disagreement 
with peers to foster unity and collaboration. 
5. Setting standards through actions:  A senior leader should demonstrate ethical leadership by 
upholding the values of a family business during business decisions such as prioritising sustainability 
or ensuring fair labour practices. This sets a precedent for the next generation to follow. 
By actively engaging in mentorship, delegation and recognition, senior generation can ensure that 
leadership transitions are smooth and rooted in mutual trust which can pave the way for long-term 
success.Governance structures for  
enabling trust in family businesses
Strong family governance frameworks can play a crucial role in enabling trust and ensuring seamless 
transitions. Some of the key aspects of this framework include: 
1. Family governance mechanisms: Establishing family councils, constitutions or charters to outline 
roles, responsibilities, accountability and shared values which can bring clarity and reduce potential 
conflicts. 
2. Next generation committees:  Setting up platforms where emerging leaders can collaborate, share 
ideas and gain exposure to strategic decision-making. This fosters a sense of ownership and prepares 
them for future leadership. 
3. Independent boards and advisors:  Involving external advisors or board members to bring objectivity 
and expertise to governance and succession planning helps balance emotions with professional 
decision-making. 
4. Transparency and communication:  Maintaining open communication across generations ensures 
alignment, reduces misunderstandings and strengthens trust over time. 
Given below are some of the key areas where family businesses can focus on to develop and enhance 
trust in their organisations:
1. Education and external experience:  The senior members should encourage the next generation 
to gain knowledge and perspectives from outside the family business to enhance their readiness for 
leadership. 
2. Opportunities for growth:  The emerging generation should be provided with a platform to bring in 
proposals which they want to execute in terms of projects, new ventures (adjacencies included) and 
initiatives.
3. Embedding values: Evolve the family business by adopting and adapting to modern practices and 
technology to remain relevant while preserving its identity. 
4. Fair and transparent governance:  The business should build systems which promote fairness and 
accountability to ensure a smooth leadership transition between the two generations. 
Succession in family businesses is not just about transferring ownership; it’s about 
building and sustaining trust. The journey from social to institutional trust requires 
deliberate efforts from both the senior and emerging generations. Trust built on 
competency, capability and consistency ensures a seamless transition of leadership 
and enables family businesses to preserve their legacy.  By consciously investing in 
developing trust and implementing robust governance structures, family  
businesses can create a lasting foundation for generational success, proving  
that the essence of a thriving family enterprise lies in its people, values and  
shared vision. Conclusion 
7   PwC   |   Intergenerational trust: The key to succession in family businesspwc.in
In this document, PwC refers to PricewaterhouseCoopers Private Limited (a limited liability company in India having Corporate Identity Number or 
CIN : U74140WB1983PTC036093), which is a member firm of PricewaterhouseCoopers International Limited (PwCIL), each member firm of which 
is a separate legal entity.
This document does not constitute professional advice. The information in this document has been obtained or derived from sources believed 
by PricewaterhouseCoopers Private Limited (PwCPL) to be reliable but PwCPL does not represent that this information is accurate or complete. 
Any opinions or estimates contained in this document represent the judgment of PwCPL at this time and are subject to change without notice. 
Readers of this publication are advised to seek their own professional advice before taking any course of action or decision, for which they are 
entirely responsible, based on the contents of this publication. PwCPL neither accepts or assumes any responsibility or liability to any reader of this 
publication in respect of the information contained within it or for any decisions readers may take or decide not to or fail to take.
© 2024 PricewaterhouseCoopers Private Limited. All rights reserved.
KS/February 2025-M&C 43723Data Classification: DC0 (Public)About PwC
At PwC, our purpose is to build trust in society and solve important pr oblems. We’re a network of firms in  
151 countries with over 360,000 people who are committed to delivering quality in assurance, advisory and tax 
services. Find out more and tell us what matters to you by visiting us at www.pwc.com.
PwC refers to the PwC network and/or one or more of its member firms, each of which is a separate legal entity. 
Please see www.pwc.com/structure for further details.
© 2025 PwC. All rights reserved.
Contact us
Editor DesignFalguni Shah
Partner and Leader, Entrepreneurial and Private Business 
PwC India
falguni.shah@pwc.com
Rubina Malhotra Kirtika SaxenaJayant Kumaar
Partner, Deals and Family Office Leader 
PwC India
jayant.kumaar@pwc.com",2025-03-11,PWC
Understanding the impact of GenAI on the Indian healthcare ecosystem,https://www.pwc.in/ghost-templates/understanding-the-impact-of-genai-on-the-indian-healthcare-ecosystem.html,"March 2024
Indian healthcare ecosystem 
Understanding the
impact of GenAI on the
PwC | Understanding the impact of GenAI on the Indian healthcare ecosystem
March 2024 | 
Messages from PwC
2
Generative artificial intelligence (GenAI) could revolutionise healthcare in unprecedented ways as stakeholders 
develop more efficient and scalable digital health systems – a survival strategy for business.
AI is driving the transformation of the healthcare industry into a phygital human-centred ecosystem at a rapid 
pace, with a focus on patients, clinicians and administrative personnel. In recent years, it has found application in 
areas such as imaging, radiology and precision medicine as well as the mapping of much-needed evidence-
based clinical pathways. 
For healthcare to be future ready while rethinking value-based offerings and reinventing business models, there 
needs to be a paradigm shift in clinical recommendation and digitisation of contact centres and patient 
interaction. GenAI has proved to be an enabler for the same. From generating a discharge summary in the 
patient’s native language to providing clinical notes in real time, GenAI’s potential will drive better patient 
experience, enhanced productivity and optimised administration effort. 
As industries gear up for change with the rapid adoption of GenAI in their day-to-day operations, the Indian 
healthcare sector is at the forefront of this trend with the development of new service models for inclusive growth 
and a focus on essential governance needed to handle nuances such as safety, security and regulations. In this 
paper, we have charted the opportunities GenAI presents and the challenges that need to be overcome to make 
the implementation of this technology more holistic and comprehensive.
Arnab Basu
Advisory Leader
PwC India
PwC | Understanding the impact of GenAI on the Indian healthcare ecosystem
March 2024 | 3
Like many other industries, AI has significantly impacted healthcare. GenAI is one subset of AI that has shown 
promise for revolutionising healthcare. It entails some clear uncertainties and risks, but also holds the potential to 
dramatically increase efficiency, improve the quality of care, and create value for healthcare organisations. Some 
of these potential applications include:
•
enhancing patient journey and experience
•
personalising medicine and treatment
•
facilitating medical research, drug discovery and development
•
enhancing medical imaging and diagnostics.
GenAI has the potential to transform the healthcare industry in India, enabling doctors to provide better care and 
treatment to patients. Healthcare is implementing GenAI models to protect patient privacy by implementing 
anonymisation techniques and to secure data-sharing frameworks.
Healthcare professionals can make more accurate diagnoses, discover new treatments and provide 
personalised care with the help of this technology. However, ethical considerations and challenges must be 
addressed. With continued research, GenAI can improve patient outcomes in the future.
Dr Rana Mehta
Healthcare Leader 
PwC India
PwC | Understanding the impact of GenAI on the Indian healthcare ecosystem
March 2024 | 4
1.
Generative India – AI market insights (https://www.statista.com/outlook/tmo/artificial-intelligence/generative-ai/india)
In this era of fast and far-reaching technological advancement and adoption, it is crucial for healthcare industries 
to understand, test and benefit from the improvements that modern technologies such as GenAI can offer. These 
innovations can vastly improve efficiency, operational excellence and user experience. GenAI in particular has 
the potential to revolutionise the healthcare ecosystem along these major application areas:
•
care delivery
•
medical and patient education
•
operational excellence
•
drug discovery and related activities.
It can do so by collecting information from patients in a comprehensible language, removing interactions with 
automated responses, and introducing human-like conversation for conflict resolution, better engagement and 
summarisation of data for care providers.
The size of the GenAI market is projected to reach USD 1.18 billion in 2024, and grow at a six-year CAGR 
(2024–2030) of 23.56%, resulting in a market of USD 4.20 billion by 2030.1
However, it is important to address several areas of improvement in India, such as data privacy concerns, lack of 
technical infrastructure, and the cost of implementation of GenAI in the healthcare sector, before these benefits 
can be realised.
In this paper, PwC has attempted to highlight the opportunities that GenAI has to offer in the healthcare sector 
and some of the difficulties in adopting this technology.
Rajnil Malik
GenAI Leader
PwC India
PwC | Understanding the impact of GenAI on the Indian healthcare ecosystem
March 2024 | 
Message from Bengal Chamber of 
Commerce and Industry (BCC&I)
5
The healthcare industry has gone through a major transformation due to digital advancements. The pandemic 
further accelerated the pace of transformation. The industry has the scope to leverage emerging technologies in 
areas ranging from research to wellness. 
Gen AI is the new buzzword in the technology landscape which is revolutionising different sectors. Gen AI relies 
on deep-tech algorithms to create new content with and from varied formats, including text, audio and code. 
It has the advantage of deriving information value from unstructured and unlabelled data of various forms. Gen 
AI use cases have significant potential to help research and innovations in biomedicine, biotechnology and 
drug developments. 
The essence of healthcare is personalisation and speed. Decision making in healthcare may be best made by 
minute analysis of a huge amount of data from various sources such as medical records, lab tests, imaging 
scans, genetic tests, wearable devices, and patients or their families. Gen AI has the advantage of natural 
language processing (NLP), which helps in creating relevant information for efficient decisions at faster speed. 
The efficiency that GenAI solutions bring in can also help in catering to a large number of people in less time, 
which is important in a socioeconomic set-up like ours. 
With the availability of better data from mapping of disease profiles, food habits and other conditions and factors, 
it is possible to adopt a more focused preventive healthcare approach.
Angana Guha Roy Chowdhury 
Assistant Director General
BCC&I
PwC | Understanding the impact of GenAI on the Indian healthcare ecosystem
March 2024 | 
PwC | Understanding the impact of GenAI on the Indian healthcare ecosystem
March 2024 | 
Table of contents
36
06
08
01
05
29
11
02
21
04
15
03
45
08
Challenges to GenAI adoption in healthcare
Overview of GenAI
Use cases for GenAI in healthcare
Maturity of global and Indian AI market
Perceived risks with GenAI and governance
Emerging themes for GenAI in healthcare
The road ahead
PwC’s GenAI framework for healthcare 
07
42
7
PwC | Understanding the impact of GenAI on the Indian healthcare ecosystem
March 2024 | 
PwC | Understanding the impact of GenAI on the Indian healthcare ecosystem
March 2024 | 
Overview of GenAI
8
01
As artificial intelligence (AI) enabled 
technologies continue to mature, they bring 
forward a myriad of possibilities. Generative 
AI (GenAI) is a set of AI-based algorithms 
which can create original content based on 
large language models (LLMs) and deep 
learning models. These models forge new 
content based on inputs (also called 
prompts) by leveraging the vast amount of 
data they have been trained on. The 
human-like interaction with GenAI is 
enabled through implementation of natural 
language processing (NLP) algorithms 
along with the source LLMs. This has led to 
a paradigm shift in the interaction medium 
between users and AI. Users can share 
their inputs/prompts with the GenAI 
platform in conversational language and get 
the desired results without performing any 
coding. This has proved to be a turning 
point in the application of AI, as models are 
able to provide human-like responses (in 
mediums such as image, sound and video) 
without any domain-specific training.
Natural 
language 
processing
GenAI
Artificial intelligence
Machine
learning
Deep
learning
Artificial intelligence landscape
Source: PwC analysis
PwC | Understanding the impact of GenAI on the Indian healthcare ecosystem
March 2024 | 9
GenAI can help in simplifying multiple activities in the healthcare domain across content generation, review and 
analysis, such as:
Traditional AI vs GenAI
Drafting
GenAI tools can create 
an interactive web 
page based on a 
freehand sketch.
Content generation
Summarisation
GenAI-enabled 
platforms can 
summarise, 
paraphrase and adjust 
tone of content.
Code generation
Software development 
solutions powered by 
GenAI can suggest 
code to developers in 
real time.
Content review 
and analysis
Insights/analytics
Language learning 
solutions powered by 
GenAI can enhance 
the learning process by 
offering students 
explanations for 
their mistakes.
Advanced search
GenAI-based visual 
assistants can enable 
enhanced accessibility 
and inclusion by 
providing 
instantaneous 
information about 
objects in images.
Knowledge 
management
Search engines using 
GenAI can combine 
information from a 
knowledge ecosystem 
to offer a 
concise answer.
Traditional AI 
GenAI
Applications
Data 
processing
Purpose
Abilities
Definition
Intelligent human behaviour, 
allowing the machine to solve 
complex problems
•
Excels at pattern recognition
•
Analyses data and 
provides insights
Performs tasks such as 
classification, regression, 
clustering and next best action
Bias, imbalance and lack of 
appropriate data affect 
inferences
Task-specific applications 
involving data analysis 
like chatbots, 
recommendation systems 
and predictive analytics
Hypothetically machines will 
have full human cognitive 
abilities
•
Excels at pattern creation
•
Uses data to create 
something new
To have a mind of its own and 
accomplish any task that it can 
envision
Bias affects inferences
New data creation involving 
creativity and innovation – 
generating research-based 
articles, images based on 
prompts, etc.
Source: PwC analysis
What is it?
Advanced GenAI-based chatbots have a UI that 
makes it easy for anyone to interact via chat 
messages. To the user, it appears that AI is 
answering complex questions with the same 
expertise as a highly intelligent individual, with 
perfect grammar that may be semantically incorrect.
What it is not…
GenAI-based solutions do not understand what they 
say. They are not self-aware. They will not replace 
everyone but will automate the things many 
knowledge workers do.
PwC | Understanding the impact of GenAI on the Indian healthcare ecosystem
March 2024 | 
15%
16%
19%
30%
35%
37%
Healthcare
Accounting
Teaching
Consulting
Technology
Marketing and advertising
10
With GenAI solutions gaining increasing popularity, there have been considerable concerns regarding the 
potential threats it poses to society. The National Association of Software and Service Companies 
(NASSCOM), an Indian non-governmental organisation primarily operating in the Indian technology sector, 
has developed a set of guidelines2 which can help in mitigating possible abuse of GenAI:
01
Proliferation of misinformation, disinformation and hateful content
02
Infringement of intellectual property and academic malpractice
03
Privacy harms through violations of data protection norms and standards
04
Propagation of harmful social, economic and political biases
05
Large-scale job displacements, loss of livelihood and economic strain for considerable portion of the 
existing workforce
06
Huge carbon and water footprints and associated environmental degradation
07
Surge in malicious cyberattacks
A recent study3 conducted across the US showed that professionals across various sectors have adopted 
GenAI-powered solutions to aid them at the workplace. The use of GenAI among professionals has become 
more widespread in industries which traditionally require higher levels of 
creativity and imagination. 
2.
Responsible AI guidelines for generative AI (https://www.nasscom.in/ai/img/GenAI-Guidelines-June2023.pdf)
3.
Rate of generative AI adoption in the workplace in the United States 2023, by industry 
(https://www.statista.com/statistics/1361251/generative-ai-adoption-rate-at-work-by-industry-us/)
Rate of GenAI adoption in the workplace in the US – 2023
Source: Statista
PwC | Understanding the impact of GenAI on the Indian healthcare ecosystem
March 2024 | 
5.7 11.3
23.2
44.9
66.6
88.4
110.1
131.8
156.8
181.9
207.0
2020
2021
2022
2023
2024
2025
2026
2027
2028
2029
2030
Maturity of global and 
Indian AI market 
11
02
Across geographies, healthcare industries have been 
looking at opportunities created by and for the larger 
application of AI as a key capability in their digital 
strategies, convinced that AI will transform the 
landscape of technological advancements through 
amplified experience as well intelligent workflows and 
processes in terms of providing better patient and 
provider experience. 
The GenAI market size is projected to reach USD 
66.62 billion in 2024 and is anticipated to have a 
yearly growth rate (CAGR 2024–2030) of 20.80%. 
This might result in a market volume of USD 207 
billion by 2030.4
AI has been able to drive growth and productivity for 
businesses by enhancing the customer experience. 
Conversational AI has become a part of our everyday 
lives, blurring the lines between machines and 
humans. Although there are many different types of AI 
technology, GenAI, which can produce human-like 
content is currently generating a lot of buzz with 
chatbots that can easily provide quicker suggestions 
to a patient in need.
Size of global GenAI market (in billion USD)
4.
Generative AI - worldwide | Statista Market Forecast (https://www.statista.com/outlook/tmo/artificial-intelligence/generative-ai/worldwide)
Source: Statista
PwC | Understanding the impact of GenAI on the Indian healthcare ecosystem
March 2024 | 12
As we narrow down our focus to India, we see that the Indian healthcare system has witnessed multiple 
healthcare innovations, ranging from low-cost medical devices to new-age healthcare delivery models. The 
country’s healthcare system has evolved to ensure patient safety, promote quality care and control costs. AI, 
machine learning, IoT and 3D printing have been some of the core technologies driving this change. Yet, we 
often observe that Indian healthcare facilities still face challenges in terms of enhancing operational efficiency, 
predicting patient demands, optimising staff allocation, managing medical supplies, etc. This is where GenAI 
can come in and provide solutions.
Most Indian industries, such as finance, e-commerce and manufacturing, have been gradually adopting AI 
technologies, including GenAI, to enhance operational efficiency and automate processes. On the other hand, 
in healthcare particularly, GenAI can augment advanced analytics and provide intelligent human-like insights 
to facilitate clinical recommendations and targeted interventions to improve patient outcomes and affordability. 
Between 2021 and 2023, the number of GenAI startups in India has more than doubled, while the overall 
market size is expected to show an annual growth rate (CAGR 2023–2030) of 27.66%, resulting in a market 
volume of USD 4.20 billion by 2030.5
5.
Generative AI startup landscape in India, NASSCOM (https://nasscom.in/knowledge-center/publications/generative-ai-startup-landscape-
india-2023-perspective)
56%
44%
Yes
No
As per our observations, more than 50% of healthcare organisations have bundled their GenAI solutions with 
productivity tools to enhance efficiency and enable faster decision making by leveraging AI algorithms for 
tasks like data analysis, prediction and automation.
Number of GenAI startups in India from 2021 to May 2023
Source: Statista
Organisations which have adopted GenAI solutions bundled with productivity tools
Source: PwC survey 2024
25
55
60
2021
2022
2023
PwC | Understanding the impact of GenAI on the Indian healthcare ecosystem
March 2024 | 13
India has one of the most modern ‘open’ digital infrastructures in the world, and this paves the way for GenAI 
to break out from labs and proofs of concept (POCs) and launch the latest GenAI tools for the large ecosystem 
of technologists in the country.
PwC’s 27th Annual Global CEO Survey: India perspective’6 suggests that around 71% of India CEOs expected 
GenAI to increase employee efficiency over the next 12 months, while 70% believed it would improve their 
own performance. They also believed it was likely to increase revenue (48%) and 
profitability (46%).
It is worth noting that the adoption of AI in India (57%) surpasses both the US (34%) and the global average 
(25%).7 It is essential to recognise that India has launched several conversational AI tools which is a true 
representation of how GenAI is making its mark as a progress parameter for India, paving the way for 
innovation and inclusive development. 
The Government of India (GoI) has laid out several initiatives to promote and develop AI in India, including:
•
National Strategy for AI (2018)
•
Principles of Responsible AI (2021)
•
National AI Mission under PM-STIAC (2022).
The GoI has been actively promoting the development of AI training modules such as the ‘Responsible AI for 
Youth’ programme and AI platforms such as ‘INDIAai’ portal to facilitate the creation of AI applications as it 
firmly believes that AI can propel India towards a USD1 trillion digital economy by 2025–26.8
While healthcare organisations want GenAI to quickly steer them towards better member, patient and provider 
experiences, with greater productivity and lower administrative costs, they need to be conscious of the fact 
that GenAI is still a human-led process. Further, life-affecting decisions such as diagnoses and treatments 
need to be carefully evaluated and monitored by medical professionals by re-engineering workflows along with 
AI professionals, managing change and recognising what GenAI can and can’t do. AI’s ability to ‘hallucinate’ 
occasionally or present inaccurate information as fact can often produce embarrassing results and erode 
credibility – which clearly suggests that GenAI works best when there is an actual human in the loop.
6.
27th Annual Global CEO Survey: India perspective, PwC (https://www.pwc.in/assets/pdfs/27th-annual-global-ceo-survey-india-
perspective-v1.pdf)
7.
Decoding India's $17 Bn+ generative AI market, Inc42 (https://inc42.com/features/turning-data-into-gold-decoding-indias-17bn-
generative-ai-market/)
8.
Retrieved from Decoding India's $17 Bn+ Generative AI Market - Inc42 (https://inc42.com/features/turning-data-into-gold-decoding-indias-
17bn-generative-ai-market/) 
Across industries, GenAI is demonstrating its applicability in building a ‘marketing assistant’ than can help 
create hyperpersonalised marketing campaigns, or an AI-dashboard generator which automates the creation 
of data visualisations. For the healthcare sector, GenAI-powered ‘virtual chatbots’ are providing 24x7 real-time 
interaction, offering instant personalised responses, tailored health advice and administrative automation. 
Thus, is rapidly reshaping the healthcare landscape, empowering healthcare professionals with 
comprehensive insights to optimise patient care. 
GenAI has the potential to save time for healthcare professionals and improve the patient experience by 
automating administrative tasks. It can streamline back-office functions like HR, IT and financial services, 
offering a safer starting point for implementation. This efficiency can free up resources for frontline care. 
Looking forward, the combination of all technologies (be it traditional or disruptive) and keeping the human 
in loop is what is going to help. This augmentation will reduce healthcare providers’ burden without diluting 
the seriousness of healthcare delivery. To ensure leveraging GenAI to the fullest of its potential would 
require coupling young talents who are trained in these technologies with the experienced healthcare 
personnel and put a layer of governance on top of it, so that we get the best of both the worlds.
– Arvind Shivaramakrishna, CIO, Karkinos Hospitals
PwC | Understanding the impact of GenAI on the Indian healthcare ecosystem
March 2024 | 14
Below are the seven areas where GenAI can enhance back-office operations:9
01
Appointment scheduling
•
GenAI’s advanced algorithms can efficiently 
manage appointment scheduling by analysing 
patient data, availability of healthcare providers 
and other relevant factors. 
•
GenAI thereby offers the capability of 
intelligently assigning appointments, 
reducing waiting times and optimising 
resource utilisation.
02
Medical records management
•
GenAI can help organise and digitise medical 
records, making them easily accessible 
and reducing the risk of errors with 
manual handling.
•
NLP techniques can extract relevant information 
from medical documents, improving data 
accuracy and enabling faster retrieval.
03
Billing and claims processing
•
The billing and claims process is often complex 
and time-consuming. GenAI can ease this 
burden by automating tasks such as generating 
invoices, verifying insurance information and 
processing claims. 
•
By reducing manual intervention, hospitals can 
minimise errors and expedite reimbursement 
processes, ensuring timely payments better 
financial management.
04
Customer service
•
GenAI-powered chatbots can offer instant and 
accurate responses to patient queries, 
improving communication and accessibility. 
•
This, coupled with virtual assistance for routine 
tasks, allows hospital staff to focus more on 
direct patient care, creating a more 
personalised and efficient healthcare 
experience.
05
Inventory management and supply 
chain optimisation
•
Efficient inventory management is crucial for 
hospitals to ensure the availability of essential 
medical supplies and equipment. 
•
GenAI can analyse historical data, predict 
demand patterns and optimise inventory levels. 
•
This helps hospitals avoid shortages or 
overstocking, reducing costs and ensuring 
smooth operations.
•
It can also automate reordering processes, 
saving time and minimising human error.
06
Enhanced data analytics and 
decision support
•
Gen AI’s ability to analyse vast amounts of data 
can provide valuable insights for hospital 
administrators and decision makers. 
•
By leveraging ML algorithms, it can identify 
trends, patterns and potential areas for 
improvement in back-office functions. 
•
This data-driven approach enables informed 
decision making, leading to more efficient 
resource allocation and process optimisation.
07
Improved compliance and security
•
Maintaining compliance with data protection regulations and ensuring the security of sensitive patient 
information is a top priority for hospitals. 
•
GenAI can help identify potential security vulnerabilities and ensure adherence to privacy guidelines. 
•
By continuously monitoring and analysing data access patterns, suspicious activities can be detected and 
the overall cybersecurity of the hospital’s back-office operations can be enhanced.
6.
Empowering clinical support functions with GenAI (https://www.pwc.ie/industries/healthcare/publications/genai-clinical-support-
functions.html)
PwC | Understanding the impact of GenAI on the Indian healthcare ecosystem
March 2024 | 
Emerging themes for GenAI 
in healthcare
15
03
GenAI has altered India’s healthcare business10 by improving patient care and treatment through efficient data 
and image analysis. It might completely transform the pharmaceutical sector and make it possible for medical 
professionals to anticipate patient outcomes and take preventative action. Legislators and business executives 
must, however, address concerns about employment loss while making sure GenAI is applied morally. All things 
considered, this technology has enormous potential to transform Indian healthcare. 
10. The impact of generative AI on healthcare industry in India (https://indiaai.gov.in/article/the-impact-of-generative-ai-on-healthcare-
industry-in-india)
Potential impact of GenAI in healthcare
GenAI algorithms can generate 
synthetic medical images that 
resemble real patient data, 
aiding in the training and 
validation of machine-
learning models.
01
GenAI has the potential to 
revolutionise personalised 
treatment plan by leveraging 
patient data to create tailored 
treatment plans.
02
GenAI can help to customise 
patient education content in 
multi format basis individual 
needs & preferences.
03
Early identification of 
potential epidemic/ 
pandemics and tracking 
incidence of the disease to 
enable efficient population 
health management.
04
GenAI simplifies clinical 
documentation by 
summarising consultations and 
creating electronic health 
records, enhancing message 
drafting and boosting 
system efficiency.
05
GenAI can analyse scientific 
literature to identify patterns, 
helping researchers discover 
new research areas and 
generate hypotheses.
06
Source: PwC analysis 
PwC | Understanding the impact of GenAI on the Indian healthcare ecosystem
March 2024 | 16
GenAI has transformed the healthcare sector. One of the forerunners in India to use GenAI was healthcare, 
and this innovation has had a big impact on the industry. GenAI has the potential to completely transform 
India’s healthcare system by improving the efficiency with which doctors treat and care for patients.
As per our observations, there are ample opportunities in transforming care delivery and generating insights 
from data sets to unlock untapped potential in terms of efficiency and efficacy.
11. How AI Is transforming the future of healthcare In India, NASSCOM (https://nasscom.in/knowledge-center/publications/how-ai-
transforming-future-healthcare-india)
12. Ayushman Bharat Digital Mission (https://abdm.gov.in/abdm)
Potential impact of GenAI on business functions
Source: PwC survey 2024
A NASSCOM study11 from 2023 states that the use of AI and data in healthcare might increase India’s GDP by 
USD 25–30 billion by 2025. In order to enhance Indian healthcare services and promote better quality, lower 
prices, increased accessibility, and a strong emphasis on patient care, experience, operational efficiency, and 
research and development, it will be important to implement strategic mechanisms for AI-driven change.
How can GenAI help in the adoption of the Ayushman Bharat Digital Mission (ABDM)?
ABDM focuses on creation of a national digital health ecosystem that supports universal health coverage 
in an efficient, accessible, inclusive, affordable, timely and safe manner.12 For the successful adoption of 
ABDM, the GoI has defined three milestones to implement specific functional capabilities and pass 
functional validation.
Milestone
Milestone description
Healthcare use case
Milestone 1 (M1)
This milestone involves creating a verified 
Ayushman Bharat Health Account (ABHA) 
during patient registration.
-
Milestone 2 (M2)
This milestone involves linking a patient’s 
health records with the ABHA ID, allowing 
the patient to access their own health 
records
GenAI can help in summarising 
longitudinal health records for easy 
consumption and real-time 
insights for patients.
Milestone 3 (M3)
This milestone involves developing health 
information user (HIU) services that can 
enable viewing of a patient’s health history 
by healthcare personnel.
GenAI can help in selectively 
obfuscating patient data when it is 
shared across health institutions.
27%
15%
15%
7%
30%
6%
Care Delivery
Financial
HR
Legal
IT / Data and analytics
GenAI will not be relevant in my organisation
Care delivery
IT/data and analytics
PwC | Understanding the impact of GenAI on the Indian healthcare ecosystem
March 2024 | 17
We have observed that when it comes to the impact of GenAI in healthcare, medical and patient education is 
anticipated to have the highest impact, followed closely by care delivery (as perceived by the healthcare 
fraternity). It will ensure continuous and progressive learning for patients, thus enabling them to make well-
informed decisions. 
13.
European Observatory on Health Systems and Policies (https://eurohealthobservatory.who.int/themes/health-system-functions/health-
care-delivery)
14.
ChatGPT utility in healthcare, education, research, and practice: Systematic review on the promising perspectives and valid concerns 
(https://doi.org/10.3390/healthcare11060887)
15.
Evaluating ChatGPT as an adjunct for radiologic decision-making (https://doi.org/10.1101/2023.02.02.23285399)
Healthcare value chain domains where GenAI will have impact
Source: PwC survey 2024
Let us take a close look at the different avenues where GenAI is anticipated to have a significant impact.
Health care delivery forms the most visible function of the health system, both to patients and the general 
public. It concentrates on patient flows as well as the organization and delivery of all services dealing with 
the diagnosis and treatment of disease, or the promotion, maintenance and restoration of health. It covers 
the main areas of service provision such as public health, primary care, specialized care (often divided into 
secondary and tertiary care), urgent and emergency care, pharmaceutical care, rehabilitation/intermediate 
care, long-term care, services for informal carers, palliative care, mental health care and dental care.
– European Observatory on Health Systems and Policies13
Care delivery
With the evolving complexities in healthcare delivery, incorporation of GenAI within the healthcare ecosystem 
can help in significantly bridging the gap between healthcare professionals, patients and their families. 
Advanced capabilities in GenAI such as NLP and predictive analytics can help in rationalising clinical 
workflows to achieve enhanced efficiency in healthcare delivery while also optimising costs incurred by 
healthcare institutions.14
A recent study15 has shown that GenAI has the potential to identify the steps required to screen breast cancer 
and evaluate breast pain. This presents significant value to healthcare professionals and patients as it can be 
used for supporting real-time clinical decisions through historical data in GenAI training models.
Furthermore, GenAI can help healthcare institutions in unlocking revenue potential through medical tourism 
and brand strategies. NLP capabilities of GenAI can be leveraged to create targeted communication for 
possible medical tourists by capturing their attention and sharing information relevant to their individual needs. 
18%
24%
28%
30%
Research and Development [Drug interactions and
review of medical literature through GenAI]
Operational excellence [Operational efficiencies in
healthcare administration through GenAI]
Care delivery [Use of GenAI in providing healthcare
services]
Medical and Patient education [GenAI for aiding
healthcare education among patients and providers]
patient
[use
operational
development [drug
PwC | Understanding the impact of GenAI on the Indian healthcare ecosystem
March 2024 | 18
Medical and patient education
GenAI-enabled chatbots are technology solutions which can imitate conversations with humans. In the 
simplest form, these solutions are rule driven, and responses are limited to a pre-defined set of queries. These 
are leveraged in multiple industries to aid consumers in a quick and cost-efficient manner with round-the-clock 
availability. In the healthcare industry, these solutions have a plethora of applications, and a survey conducted 
by IDC16 in January 2022 shows its most frequently used capabilities by consumers in the United States: 
16. U.S. consumer and provider adoption trends: Chatbots and digital assistants – US Consumer Healthcare Survey, January 2022 
(https://www.idc.com/getdoc.jsp?containerId=US50495023)
Which of the following health services have you used chatbots or digital assistants for?
Source: US Consumer Healthcare Survey (N = 177), IDC, January 2022
4.7%
13.2%
15.2%
19.0%
22.3%
22.5%
25.1%
27.3%
30.8%
32.7%
None of these
Ordering medical supplies
Managing medical devices
Managing care for a medical condition
Locating healthcare providers or services
Customer service on my health system/hospital website
Managing medications, including refilling prescriptions
Customer service on my health plans website
Scheduling an appointment
Checking symptoms
Advanced conversational AI chatbots are built on LLMs. This augments a chatbot’s capability to educate 
patients by providing possible personalised treatment plans based on medical symptoms and can enable 
better health outcomes. Further, these solutions can be leveraged by healthcare providers to create 
educational content and tutorials for common, avoidable and easily treatable medical conditions to make 
healthcare more accessible.
PwC | Understanding the impact of GenAI on the Indian healthcare ecosystem
March 2024 | 19
Operational excellence
Healthcare administration plays a pivotal role in the ever-evolving landscape of care delivery. This involves 
efficient patient care management through coordinated medical and administrative responsibilities.
Overview of healthcare administration
GenAI can assist in improving operational efficiency by reviewing large quantities of data about patients for 
hospitals, care providers, administrative staff, etc. This includes activities such as completing patient forms, 
updating post-visit notes and other administrative tasks. GenAI can generate discharge summaries, diagnostic 
reports, summarise care coordination notes and other clinical data in a patient’s native language with clinician 
oversight. This ensures better understanding for the patient and reduces the time spent by healthcare 
administrators on administrative tasks, thereby leading to greater efficiencies. Further, GenAI can streamline 
electronic health record management, which enhances operational efficiency and efficacy through real-time 
retrieval of information.
Hospital systems often operate in silos, relying on manual inputs through fragmented systems. GenAI has the 
potential to extract critical information from invoices of different formats such as supplier names, total amount 
and invoice numbers, regardless of the invoice format. Also, Gen-AI enabled chatbots can address frequent IT 
and HR queries raised by hospital employees. All of this can improve employee experience and reduce time 
and money spent on hospital administration. 
 
Healthcare 
administration 
management
Regulatory and 
standard 
compliance
Process 
optimisation and 
quality 
improvement
Supply chain 
management
Hospital 
management 
system, 
infrastructure and 
integration
Financial 
management
Capacity planning 
and human 
resource 
management
PwC | Understanding the impact of GenAI on the Indian healthcare ecosystem
March 2024 | 20
Drug discovery and related activities
Drug discovery is a multi-step process involving various stakeholders. At a high-level, it can be illustrated 
through the following steps: 
GenAI can speed up literature review and knowledge extraction by analysing academic research and vast 
quantities of genomic and population health data to identify new drugs and disease patterns in patient groups. 
It also helps researchers to remain updated with the latest discoveries. 
GenAI helps in identifying niche targets by analysing large datasets containing biological information that were 
previously overlooked by the traditional trial-and-error methods with little or no data-driven decision making. It 
has image recognition capabilities that can analyse, classify, and describe molecular structures and chemical 
formulae which can help in identifying functionally relevant combinations of compounds.
A critical component of drug discovery involves understanding how individual drugs interact with each other. 
Manually reviewing scientific literature is a time-intensive activity and is prone to errors. GenAI can be used 
within the design of clinical trials by generating synthetic patient data to simulate different scenarios and test 
hypotheses to prioritise compounds for further validation.
New drug 
application 
submission
Regulatory 
review and 
approvals
Multiple 
clinical trails
Pharma 
covigilance
Patient 
Transition
PwC | Understanding the impact of GenAI on the Indian healthcare ecosystem
March 2024 | 
Perceived risks with GenAI 
and governance 
21
04
The healthcare industry is seeing constant innovation, with new technologies being implemented across multiple 
domains. As per the World Health Organization (WHO), ‘AI can augment the ability of healthcare providers to 
improve patient care, provide accurate diagnoses, optimize treatment plans, support pandemic preparedness 
and response, inform the decisions of health policymakers or allocate resources within health systems.’17
The implementation and adoption of AI in India’s healthcare ecosystem have been slow due to the lack of a 
policy and regulatory framework. While India does not have mature AI policies and regulations for healthcare, 
there have been efforts to address this gap. In 2018, NITI Aayog, the policy think tank of the GoI, was given the 
responsibility of formulating the national strategy on AI and other emerging technologies. Later, in 2018, NITI 
Aayog released the ‘National Strategy for Artificial Intelligence’ (NSAI) discussion paper.18 The strategy adopted 
by NITI Aayog is ‘AI for all’ (#AIforAll) and focuses on five sectors, including healthcare. To ensure reliability of AI 
in healthcare, the National Digital Health Mission (NDHM), in its strategy overview document, mentioned the 
need for laying down guidelines and standards on AI applications.
In 2021, the NSAI released a second approach paper under its ‘Towards responsible AI for all’ plan. This study 
focuses on establishing a foundation of broad ethical standards for the design, development and implementation 
of AI in India. The paper also highlights the need for specific laws and regulations for AI development and usage 
given that health is a high-risk sector.
17. Ethics and governance of artificial intelligence for health: WHO guidance Executive summary 
(https://www.who.int/publications/i/item/9789240037403)
18. Press release by National Strategy for Artificial Intelligence on Jun 2018 ( https://niti.gov.in/sites/default/files/2019- 01/NationalStrategy-
for-AI-Discussion-Paper.pdf)
PwC | Understanding the impact of GenAI on the Indian healthcare ecosystem
March 2024 | 22
Potential risks
GenAI systems would be capable of predicting medical issues, providing clinical advice, supporting and 
streamlining physician consultations, and disseminating knowledge about treatments and healthier lifestyle 
options. On the other hand, GenAI is also known to hallucinate and produce responses that have turned out to 
be false and deceptive. Since GenAI systems are taught using data from the internet, which may include 
information about individuals, organisations and protected intellectual property, this raises issues around data 
privacy, consent and other related aspects.
Therefore, while GenAI systems are beneficial to society, they also pose risks and challenges which need to 
be carefully assessed. However, with the formulation of the right policies and regulations, their detrimental 
effects can be controlled.
Potential risks
Misinformation/accuracy
Generating false 
information and
spreading misinformation
Discrimination and 
toxicity
Perpetuating stereotypes 
and promoting
harmful language
Misuse
Intentional harm caused 
by using GenAI for 
disinformation,
fraud or cyberattacks
Privacy
Compromising personal 
and sensitive information 
through GenAI
Societal implications
Environmental harm, 
increasing inequality
and disruption of industries
Safety
Risks to user integrity and 
wellbeing, such as 
personal data misuse
and social harm
Accountability/
governance
Clarifying roles, 
responsibilities and 
liabilities associated 
with GenAI
Transparency
Lack of visibility into 
how GenAI models 
generate output
Source: PwC analysis
PwC | Understanding the impact of GenAI on the Indian healthcare ecosystem
March 2024 | 
Data 
accuracy
32%
Data security
34%
Bias in 
training data 
for GenAI 
model
23%
Recent 
cyberthreats
11%
23
The characteristics, efficiencies and risks of Gen AI systems predominantly derive from four major factors: 
Healthcare being a high-stake industry requires, the adoption of GenAI principles and use of the technology in 
a safe and responsible manner is important to prevent undesirable outcomes. For example, a study published 
in Science found that a racially biased healthcare tool used extensively by hospitals in the US resulted in 
unfavourable outcomes for patients of colour.19 The ineffectiveness in this instance may be ascribed to a 
deficit of representative training data, or it may be understood as a case of ‘model bias;, in which the model is 
unable to identify the ideal characteristics for precise prediction. Thus, it’s important to consider from the 
outset how these interconnected aspects of a Gen AI system may contain underlying biases that result in 
unfair outcomes.
Data security and data accuracy along with regulation and compliance emerge as the most significant 
challenges to GenAI adoption in healthcare organisations. Surprisingly, only a small percentage of 
respondents anticipate cyberthreats as a major impediment to GenAI adoption.
Data
used for training
Prompt
given (meaningful 
and contextual)
Model
used (foundational or 
fine-tuned)
User’s 
level of awareness
Perceived challenges to GenAI in healthcare
Source: PwC survey 2024
19. Dissecting racial bias in an algorithm used to manage the health of populations (https://www.science.org/doi/10.1126/science.aax2342)
PwC | Understanding the impact of GenAI on the Indian healthcare ecosystem
March 2024 | 24
Responsible GenAI
Risks are not mutually exclusive. As one risk tends to affect other aspects as well, it is important to examine 
these interrelationships in order to utilise GenAI safely and responsibly. Let us look at some of these areas: 
Accurate and reliable
Develop AI systems to achieve industry-leading 
levels of accuracy and reliability, ensuring outputs 
are trustworthy and dependable.
Accountable and transparent
Establish clear oversight by individuals over the full 
AI lifecycle, providing transparency into 
development and use of AI systems and how 
decisions are made.
Fair and human-centric
Design AI systems with human oversight and 
diverse perspectives, aligned with our firm values 
to mitigate risks of unfair discrimination and 
harmful bias.
Safe and ethical
Prioritise the safety of human life, health, property 
and the environment when designing, developing, 
and deploying AI systems, aligning with ESG 
principles.
Secure and resilient
Mitigate potential cyberthreats and vulnerabilities 
to ensure the robustness and resilience of 
AI systems.
Interpretable and documented
Design AI systems to be interpretable, allowing 
humans to understand their operations and the 
meaning and limitations of their outputs. Document 
design decisions, development protocols and 
alignment with responsible AI principles.
Privacy-enhanced and data governed
Develop AI systems with careful attention to 
privacy, security, confidentiality and intellectual 
property ownership considerations around the 
data used.
Vendor and partner selection
Exercise diligence and ongoing oversight when 
selecting third-party vendors involved in 
AI system development (e.g. data brokers, cloud 
service providers).
Continuous learning and development
Commit to continuous learning and development of 
AI systems through adaptive training, feedback 
loops, user education, and regular compliance 
auditing to remain aligned with ethical, legal, and 
societal standards.
Ongoing monitoring
Establish standards for continuous monitoring and 
evaluation of AI systems to uphold ethical, legal, 
and social standards and performance 
benchmarks.
PwC | Understanding the impact of GenAI on the Indian healthcare ecosystem
March 2024 | 25
Governments may employ the three-stage risk assessment and mitigation framework demonstrated below to 
ensure a comprehensive assessment of the risks related to a GenAI system. To ensure the safe and reliable 
adoption of GenAI systems, governments would need to develop frameworks and rules that identify and 
address risks, evaluate the implications, and put risk mitigation strategies into practice.
How can next-gen governments analyse and mitigate risks in GenAI systems?
Source: PwC analysis
Ethics and governance 
The risks and uncertainties surrounding AI have increased dramatically as adoption of AI becomes more 
widespread and its algorithms become more advanced. These technologies are now capable of driving cars, 
detecting cancer, providing voice assistance, recommending music, and even shortlisting candidates for jobs. 
Many AI technologies are effectively ‘black boxes’, meaning that not even their designers are able to fully 
understand how they operate and produce a given result.
Complicated and incomprehensible AI tools have allowed discrimination and societal biases to creep into their 
outputs. Chatbots based on LLMs have the ability to generate versatile, human-competitive and authentic-
looking content, which may be inaccurate and contain copyrighted material. Governance refers to steering 
regulatory practices, governing security and promoting the ethical use of AI by governments along with other 
important decision-making organisations, such as international health bodies. Attracting attention from 
lawmakers and regulators worldwide, governance plays a crucial role in the responsible procurement and use 
of AI. This is especially critical in healthcare settings, where biased algorithms can result in biased outcomes, 
eventually translating into unfair care delivery to a certain section of society. It is therefore imperative to 
ensure that national and global health policies are evolving continuously along with innovation in AI 
technologies. Organisations must be mindful of establishing robust systems and controls to comply with 
existing ethical and legal frameworks while deploying AI in their systems. Governance of large multi-modal 
models (LMMs) requires pacing up with their rapid growth and emerging usage while also ensuring no undue
PwC | Understanding the impact of GenAI on the Indian healthcare ecosystem
March 2024 | 26
technological or commercial advantage is sought by organisations. Current policies may be insufficient for 
effective oversight of the use of LMMs.20 The administration of LMMs requires the development and 
application of new legislation and regulations based on ‘soft law’ of ethical principles, human rights 
requirements, codes of practice, and internal processes of corporations, industry groupings, and standard-
setting bodies. Leading AI companies have also called for the systematic and purposeful development of 
LMMs and other forms of AI. 
LMMs used in healthcare and medicine should be governed at each stage of the value chain, from collection 
of data to deployment of applications. LMMs should be committed to prioritise ethical principles and human 
rights in suitable governance. They must include both procedures and practices that can be used and laws 
and policies implemented by governments.
The GenAI value chain:
Design and 
development phase
Which actor (the developer, the provider and/or the deployer) is best placed to 
address relevant risks? What risks should be addressed in the AI value chain?
Provision phase
How can the relevant actor(s) address such risks? What ethical principles must 
they uphold?
Deployment phase
What is the role of a government in addressing risks? What laws, policies 
orinvestment might a government introduce or apply to require actors in the AI 
value chain to uphold specific ethical principles?
20. Ethics and governance of artificial intelligence for health: Guidance on large multi-modal models 
(https://www.who.int/publications/i/item/9789240084759)
Design and 
development
Provision
Deployment
Focus is on the practices that 
developers can introduce to uphold 
ethical commitments and norms
Focus is on the measures 
that governments can 
introduce to assess and 
regulate use of LMMs in 
health care and medicine
Measures are used by 
governments and all actors 
in the value chain to ensure 
that any potential or actual 
harm to users is identified 
and avoided
Focus areas in the GenAI value chain:
PwC | Understanding the impact of GenAI on the Indian healthcare ecosystem
March 2024 | 27
Let’s discuss the risks related to the development of general purpose foundation 
models (LMMs):
WHO’s guidance on ethics and governance21 recommends that developers of medical AI invest in measures 
to improve the design, supervision, reliability and self-regulation of their products. 
1.
AI expertise (scientific and engineering personnel): WHO’s expert committee recommends licensing 
or certification requirements for developers of 'high-risk' AI, including AI for health according to which 
developers should ensure that their scientific and programming personnel can detect and prevent 
potential hazards.
2.
Data: The quality of data which is used to train LMMs impact whether the models follow the required 
ethical principles and regulatory criteria. Data quality, if overlooked, can have serious consequences, 
especially in ‘high-stakes’ industries such as healthcare and medicine. As per the General Data Protection 
Regulation, the EU’s data protection law, developers should conduct ‘data protection impact 
assessments’. These assessments investigate the potential hazards of data-processing activities on 
people's rights and freedom and personal data. These would prevent jeorpardising model's performance in 
healthcare and medicine, where new evidence and information is critical in decision making. To make 
LMMs acceptable and useful, datasets must be updated at regular intervals.
To augment risk mitigation, developers should ensure transparency of the data they use to train AI 
models. This allows downstream users, such as users who work on fine-tuning a healthcare application or 
users who directly use the LMM to be aware of the inefficiencies or gaps in the training dataset. 
3.
Design for value: WHO's ‘Design for values’ is an inclusive and collaborative approach for designing and 
developing AI systems which involves all end users and stakeholders. The approach calls for integrating 
ethics and human rights norms into AI technology and focuses on human dignity, equality, freedom and 
solidarity. Through this approach participants are encouraged to voice their viewpoints, express ethical 
concerns and provide input which can create a transparent design and deployment process. Stakeholders 
ranging from medical professionals, researchers, patients and vulnerable populations should be involved 
in processes related to LMM creation, data tagging, and testing to prevent provider automation bias and 
promote human autonomy.
As a preventative measure, the developer can perform a ‘pre-mortem test’ before the development of the 
LMM. This enables developers to identify potential failures and allows them to reverse-engineer 
unexpected issues in the initial stages. Identification of known and unknown hazards can help in 
suggesting alternative solutions. Another approach to this is the ‘red teaming’ evaluation of a model or 
system to discover vulnerabilities in real-world simulations that might result in unwanted behaviour.
Risk management strategies
Good governance requires efficient risk management. By implementing best practices for AI, organisations 
can proactively manage and mitigate risks associated with GenAI, fostering the responsible and ethical use of 
the technology.
21. Ethics and governance of artificial intelligence for health: Guidance on large multi-modal models 
(https://iris.who.int/bitstream/handle/10665/375579/9789240084759-eng.pdf?sequence=1) 
Risks taxonomy and categorisation
Risk impact assessment
Clear accountability and ownership structure
Compliance with ethical standards
Regular assessments
Risk tiering
Risk management processes
Continuous evaluation and improvement
Training and awareness
Data governance
PwC | Understanding the impact of GenAI on the Indian healthcare ecosystem
March 2024 | 28
Responsible GenAI framework as a guideline for compliant integration into organisations
New and GenAI specific
Data and AI ethics
•
Ensure ethical alignment, prevent 
misrepresentation, and avoid harmful or 
inappropriate outputs.
Policy and regulation 
•
Align with evolving policy trends and 
regulatory compliance.
Economic considerations
•
Address potential job displacement, inequality, 
and broader economic impacts.
Strategy
Interpretability and explainability
•
Provide insights into how GenAI processes work 
and decisions are made.
Sustainability
•
Monitor and optimise the environmental impact 
of GenAI training.
Robustness 
•
Ensure consistent, reliable outputs, especially in 
varied scenarios.
Bias and fairness
•
Actively prevent the amplification of societal 
biases in generated content.
Security
•
Protect against malicious interventions and 
ensure content integrity.
Privacy
•
Safeguard user data and prevent private 
information leaks in outputs.
Safety 
•
Prioritise user safety, ensuring content avoids 
harm or misleading information.
Responsible practices
Governance
•
Enable oversight of systems across the three 
lines of defence.
Compliance
•
Ensure outputs meet company guidelines, 
industry standards and legal mandates. 
Regularly adjust for evolving legal landscapes.
Reputation management
•
Address potential reputation threats from 
generative outputs; be proactive in public 
relations strategies.
Enterprise management
•
Ensure GenAI aligns with broader enterprise 
goals, considering reputation, financial 
performance and IP concerns.
Control
Problem formulation
•
Clearly define the scope and purpose by 
understanding the nuances, challenges and 
objectives of desired outcomes.
Standards
•
Uphold best practices for quality and credibility 
of generated output.
Vendor lock-in
•
Mitigate risks from changes in external 
model dependencies, considering availability 
and costs.
Validation
•
Validate the accuracy and relevance of outputs, 
avoiding misleading or inaccurate results.
Monitoring
•
Track performance continuously, detecting and 
addressing any anomalies or drifts.
Core practices
Source: PwC analysis
PwC | Understanding the impact of GenAI on the Indian healthcare ecosystem
March 2024 | 
Use cases for GenAI 
in healthcare
29
05
Research 
and 
development
Patient 
engagement 
and 
education
Screening 
and 
diagnosis
Treatment 
planning
Hospital 
operations
Patient 
monitoring
Outcome, 
evaluation 
and quality 
improvement 
Medical 
research 
and 
development 
Analyse 
and 
summarise 
large 
healthcare  
data
Identify 
new 
patterns, 
discover 
new data, 
and 
generate a 
hypothesis 
Chatbots/virtual 
assistants 
Personalised 
health 
information, 
answer queries, 
deliver health 
education, 
promote 
healthy 
behaviour
Analysing and 
recreating 
medical images
Analysing and 
generating 
insights from 
genetic data and 
patient 
symptoms
Generate 
treatment 
recommendations
Summarise 
and
generate 
insights
Identify areas 
of improvement 
Data analysis for 
insights 
generation – 
evaluation of 
clinical outcomes
Clinical 
documentation 
and coding 
standards
Electronic 
health 
record 
generation
Personalised 
medicine
Medical 
image 
enhancement
Disease 
diagnosis 
and 
prognosis
Medical 
chatbots
Clinical 
decision 
making
Risk 
assessment
Relevant 
content 
creation
Medical report 
interpretation
Analysing 
patient 
feedback
GenAI touchpoints across the healthcare pathway
Source: PwC analysis
PwC | Understanding the impact of GenAI on the Indian healthcare ecosystem
March 2024 | 30
We have observed that 40% of organisations are yet to seek a proof of concept for GenAI solutions in their 
current operations. On the other hand, 36% of organisations have adopted limited GenAI use cases such as, 
but not limited to, improved efficiency, reduced wait times and higher care capacity.
Extent of adoption of GenAI technologies by organisations into their operations
Source: PwC survey 2024
Use case
Business problem
Outcomes
Medical research 
and development
The sheer volume of literature 
available makes manual analysis for 
pattern identification a time consuming 
and overwhelming task for doctors 
involved in medical research.
GenAI can automate the analysis of 
scientific literature for healthcare 
providers by identifying patterns and 
new areas of research thereby, driving 
innovation in patient care 
Drug discovery and 
development
Longer time frame to identify and 
target promising candidates for clinical 
trials ends up consuming more time of 
healthcare providers and clinicians.
Use of GenAI allows efficient analysis 
of datasets to swiftly identify promising 
candidates for clinical trials and for 
predicting potential side effects 
and interactions.
Research and development (R&D)
GenAI capabilities
Summarisation
Insights/analytics 
Code generation
Drafting
Knowledge 
management
Advanced 
search
40%
36%
12%
12%
0%
Yet to seek Proof of
Concept
Limited use cases
adopted
Processes fully
enabled
Validated Proof of
Concepts
Tested promising
Proof of Concepts
Yet to seek proof of 
concept
Validated proofs of 
concept 
Tested promising 
proofs of concept 
PwC | Understanding the impact of GenAI on the Indian healthcare ecosystem
March 2024 | 31
Use case
Business problem
Outcomes
Patient engagement and education 
Enhanced care 
coordination
In the current healthcare landscape, 
care coordination remains suboptimal, 
leading to fragmented and inefficient 
delivery of services. Enhancing care 
coordination with recommended 
actions and human-like interactions is 
required to make healthcare more 
patient-centric.
Based on specific triggers, healthcare 
providers should proactively reach out 
to customers for remediation/updates 
(e.g. nutrition advice for at-risk diabetic 
patients). Additional capabilities to 
support patients can be the translation 
of prescription/medical advice into 
native languages and a more 
humanised tone tailored to suit the 
customer base, recommended 
treatment suggestions based on a 
patient’s condition as well as overall 
needs and barriers for informed patient 
decision-making.
Patient matching
There is a need to accurately 
associate and evaluate the patient’s 
data and health records/status and 
match it to appropriate healthcare 
service providers for improved 
patient care.
Using AI algorithms to analyse existing 
data to match patients to most 
appropriate provider based on 
insurance, location and services as 
required including hyperpersonalised 
patient experience.
Patient education
There exists limited means to create 
and share easily digestible health 
information with patients which would 
assist them in responsible 
decision-making. 
GenAI can help in creating and sharing 
interactive patient education modules 
based on latest research and industry 
trends in healthcare, as well as details 
on diseases and medical conditions 
including multi-lingual support.
Patient virtual 
assistant
There is lack of engagement with the 
patients and no support system to 
respond to patient enquiries in 
healthcare institutions which limits 
patient-healthcare provider interaction. 
GenAI technologies like self-service 
chatbots, which can respond to patient 
queries, schedule requests, provider 
matching, information, billing inquiries, 
payment plan options, explanation of 
benefits (EOB) related queries, etc. It 
can also be used to enhance patient 
support with auto complete/
customised suggestions for 
post-visit inquiries.
GenAI capabilities
Summarisation
Insights/analytics 
Code generation
Drafting
Knowledge 
management
Advanced 
search
PwC | Understanding the impact of GenAI on the Indian healthcare ecosystem
March 2024 | 32
Use case
Business problem
Outcomes
Screening and diagnosis
Disease diagnosis
One of the critical challenges in 
healthcare is the timely and accurate 
diagnosis of diseases. The complexity 
and diversity of medical conditions, 
coupled with the increasing volume of 
patient data makes it challenging for 
healthcare professionals to provide 
swift and precise diagnoses.
Chatbots enable humans to 
understand medical terminology and 
symptoms easily. They can analyse 
medical history and symptoms to 
suggest plausible diagnose which can 
expedite the process of generating 
accurate results, thereby improving 
patient health outcomes. 
Medical image 
enhancement
As observed, there is limited 
availability of medical images and 
imaging data for rare diseases which 
affects patient outcomes and 
care delivery.
GenAI models learn from large 
datasets to automatically enhance 
medical images such as X-rays, MRI, 
and CT scans. These enhanced 
images can help in improving 
visualisation, aiding diagnosis and 
potentially reduce the need for 
additional invasive procedures.
Treatment planning
Personalised 
medicine
In the current healthcare landscape, 
one-size-fits-all approaches to medical 
treatment prevail. This standardised 
approach fails to account for individual 
variations in genetic make-up, lifestyle 
factors, and unique clinical profiles, 
contributing to disparities in treatment 
efficacy and potential adverse effects.
By analysing patient healthcare data, 
conversational AI chatbots can provide 
insights into the best treatment options 
tailored for the patients based on their 
unique needs, thereby improving the 
effectiveness of the treatment.
Predictive analytics 
and risk assessment
There is seldom any mechanism 
for forecasting complications and 
post operation treatment plans for 
a patient. 
By leveraging historical data, 
algorithms can identify patterns and 
predict future risks which would help 
healthcare professionals in better 
management of conditions and 
healthcare outcomes in future. 
 
GenAI capabilities
Summarisation
Insights/analytics 
Code generation
Drafting
Knowledge 
management
Advanced 
search
PwC | Understanding the impact of GenAI on the Indian healthcare ecosystem
March 2024 | 33
Use case
Business problem
Outcomes
Patient monitoring 
Hospital operations 
Real time health 
monitoring (post 
operation)
There is no mechanism to track the 
real-time progress of a patient as a 
part of post treatment care for medical 
tourism. Inefficient management of 
unstructured content and document 
also lead to poor information retrieval.
AI-driven wearables and remote 
monitoring systems can be helpful in 
collecting real-time data on medical 
adherance, patient vitals and prompt 
interventions, if needed.
Medication 
management and 
adherence
Non-adherence to prescribed 
medications, often fuelled by complex 
dosing regimens, forgetfulness and 
lack of understanding results in 
suboptimal treatment outcomes and 
increased healthcare costs.
AI-driven chatbots can assist patients 
with medication management, 
including dosage instructions and 
potential side effects. They can also 
provide patients with information on 
drug interactions, contraindications 
and other important considerations.
Patient and care 
management, Q&A 
assistance
Due to abundant electronic health 
records (EHR) unstructured data and 
medical records, a healthcare 
manager spends extensive time in 
sourcing and navigating through the 
medical history of patients to devise an 
appropriate care plan.
Gen-AI enabled care management can 
reduce the time spent by managers to 
collate the information for conducting 
assessments or answering ad hoc 
questions related to patient 
demographics and vitals which can help 
healthcare managers in creating robust 
patient care plan. It can also help in 
forecasting patient’s healthcare journey 
based on historical data and care plans.
EHR management
EHR interfaces may be clunky and 
difficult to work which can take a lot of 
time for the staff to enter basic 
information or retrieve proper records.
Potential error detection by analysing 
patient data using GenAI can lead to 
faster and improved data quality, while 
reducing work hours for the 
administrative staff. This would 
additionally lead to increased 
productivity and better utilisation of 
human resources. 
Clinical 
documentation and 
coding with post-
visit summary and 
care instructions
Healthcare providers generally face 
challenges in generating discharge 
summary, instructions and follow up 
recommendations to patients due to 
resource constraints. Manual 
generation of summaries often results 
in inconsistencies, delays and a lack of 
standardised information impacting the 
patient’s understanding of and 
adherence to care plans.
GenAI can automate clinical 
documentation and coding by 
analysing patient-clinician 
conversations, identifying gaps and 
providing information. This can reduce 
the administrative load of the staff and 
speed up the discharge process.
It can also help in streamlining post-
visit steps including automatic 
generation of Rx orders, lab/imaging 
orders for nurse/PA review, and 
sharing of care summary and 
instructions with the patient. 
GenAI capabilities
Summarisation
Insights/analytics 
Code generation
Drafting
Knowledge 
management
Advanced 
search
PwC | Understanding the impact of GenAI on the Indian healthcare ecosystem
March 2024 | 34
Use case
Business problem
Outcomes
Outcome, evaluation and quality improvement
Medical education
Manual transcription is time-
consuming and prone to errors which 
can delay access to vital patient 
information. Inaccurate summarisation 
of medical discussions further hinders 
healthcare providers’ communication, 
misdiagnoses, and inadequate 
treatment plans. 
GenAI can be utilised to extract 
medically relevant information from 
discussion recordings, transcribing the 
interactions in real-time and 
summarising the key points in a 
concise, easy-to-understand format.
Scribe/
summarisation 
during visit
During a doctor-patient conversation, it 
can be tricky for the medical personnel 
to jot down pointers and effectively and 
proceed with a clinical note post 
consultation (for both virtual and in-
person consultations).
GenAI-powered automated 
transcription modules can help by 
taking notes during consultations, 
create a summary of patient’s 
information while also discovering any 
patterns and trends in the 
transcriptions. These can be beneficial 
for future consultations as well as 
re-assessing medical histories 
for reference.
GenAI capabilities
Summarisation
Insights/analytics 
Code generation
Drafting
Knowledge 
management
Advanced 
search
PwC | Understanding the impact of GenAI on the Indian healthcare ecosystem
March 2024 | 35
Opportunities and risks of building a GenAI-powered medical consultation chatbot 
A healthcare provider contemplates using GenAI to offer medical advice in place of telehealth sessions with 
clinical staff. The provider gathers years of patient data, symptoms, diagnoses and treatments to train 
the model. 
•
Chief data officer(CDO): Makes sure the data is accurate in terms of populations, age groups, etc. 
•
Chief compliance officer (CCO): Determine whether the use of the data meets compliance obligations 
under state boards of health such as Health Insurance Portability and Accountability Act (HIPAA).
•
Chief privacy officer (CPO): Collaborates to take a privacy-by-design approach and makes it clear to 
users how their inputs will be used and which data will be retained. 
•
Chief technology officer (CTO): Designs a dedicated instance for this use case so as to not inadvertently 
commingle the data with other operational GenAI tools.
•
Legal/general counsel (GC): Negotiate contractual assurances with the GenAI platform so that patient 
data will remain segregated from the AI model’s public instance. 
•
Chief information security officer (CISO): Designate this application and data store as a ‘crown jewel’ 
and provide adequate protection for it based on sensitive data classification. 
•
Internal audit: Develop an audit risk assessment and plan the proposed system and model – including 
legal and compliance risks based on HIPAA, HITECH and/or CMS policy and procedures – and assess the 
reliability and performance of system and models. 
•
Chief regulations officer (CRO): Coordinate with the CCO to establish policies, training, testing and 
controls to confirm that AI-generated medical advice is accurate and compliant with state medical 
board standards.
Use case development and finalisation will be a focus area for healthcare industry leaders while ensuring 
that data maturity and infrastructure readiness are achieved to deploy impactful solutions. Additionally, 
standardised policies and guidelines need to be established with a shield of ethics and privacy.
– Sudeep Dey, CIO, Healthcare Global Enterprises Ltd
CLO/GC
CRO
CPO
CDO
CCO
Legal/
GC
Regulatory 
affairs
CTO
CISO
PwC | Understanding the impact of GenAI on the Indian healthcare ecosystem
March 2024 | 
Challenges to GenAI adoption 
in healthcare
36
06
Regulation and compliance
With the growing popularity of GenAI, concerns around data security and privacy have also resurfaced. 
Examples of security protocols which are vulnerable to prompt-injection, i.e. malicious text inputs that can be 
used to hijack a language model's output, raised concerns around data privacy. As a result, more laws are being 
developed in the UK, the EU, and other countries to address data privacy in AI. Italy was the first nation in 
Europe to outlaw one of the conversational AI chatbots due to privacy issues related to gathering of personal 
information (which was lifted later on).
Global regulations and GenAI
The regulatory landscape surrounding GenAI is intricate and multifaceted. It encompasses a wide range of 
existing laws, such as those related to privacy, cyber and operational resilience, intellectual property, antitrust 
laws, employment, product safety, content moderation, sustainability, human rights, and consumer protection. As 
GenAI’s capabilities advance, sector-specific regulations and AI-specific legislation will complement the existing 
laws. Let us look at some of the regulations in countries across the globe.
PwC | Understanding the impact of GenAI on the Indian healthcare ecosystem
March 2024 | 37
US
While there is currently no specific federal mandate to regulate GenAI tools, lawmakers in the US have 
introduced several legislations which address various aspects of automated systems. Massachusetts is the 
only state which has introduced a bill on regulating GenAI.22 This bill provides operating standards on privacy 
and algorithmic transparency. Though there is a general consensus over the need of AI regulations in the US, 
currently, no specific federal initiative is in place to govern GenAI tools. The US has employed a disintegrated 
approach to AI regulation across different agencies to oversee specific sectors (e.g. the Federal Trade 
Commission to prevent misleading marketing and deceptive AI use). An AI Risk Management Framework has 
been issued by the National Institute of Standards and Technology to offer voluntary guidance on the 
development and use of AI.23 These regulatory bodies are responsible for providing recommendations on AI 
governance, including risk management and disclosures.
EU
Though the adoption of AI can have numerous benefits, its use should be inclusive, transparent and safe. The 
EU has been actively working on making amendments to the EU AI Act, which was the first comprehensive 
regulatory framework proposed in 2021.24 To cater to the specific challenges GenAI may pose, it needed to 
include a specific governance regime. Thus, it has incorporated foundation models and GenAI into its 
legislation, following a tier-based approach. The European Parliament adopted the latest compromise text for 
the AI Act which includes a new section (Article 28b) specifically for governing foundation models. It mandates 
that providers of foundation models integrate various safeguards in their products, such as design, testing, 
data governance, cybersecurity, performance, and risk mitigation measures. In 2023, the European 
Commission announced the establishment of a new EU AI office for monitoring the effective implementation 
and compliance related to the EU AI act.
In addition to the EU AI Act, other regulatory efforts seek to address data protection and privacy risks through 
the GDPR. Instances like the restriction of one of the conversational AI chatbots in Italy due to privacy 
concerns have prompted investigations by data protection authorities in Germany, France and Ireland.
Both Canada and Brazil are developing AI regulatory frameworks modelled after the EU AI Act, but neither of 
them have any specific GenAI provisions. The Cyberspace Administration of China has issued draft rules to 
regulate GenAI providers, focusing on data governance, content moderation and security assessments. 
22. Governor Healey signs executive order establishing artificial intelligence strategic task force (https://www.mass.gov/news/governor-
healey-signs-executive-order-establishing-artificial-intelligence-ai-strategic-task-force)
23. AI risk management framework (https://www.nist.gov/itl/ai-risk-management-framework)
24. EU AI Act: first regulation on artificial intelligence (https://www.europarl.europa.eu/topics/en/article/20230601STO93804/eu-ai-act-first-
regulation-on-artificial-intelligence)
PwC | Understanding the impact of GenAI on the Indian healthcare ecosystem
March 2024 | 38
India’s regulations for GenAI 
India has not developed a comprehensive AI-specific legislation and has opted for a light-touch regulatory 
approach. The Indian Government kickstarted various initiatives and programmes to harness AI and GenAI for 
the betterment of the technological landscape of the country. Following the National Strategy for Artificial 
Intelligence in 2018, the Ministry of Electronics and IT (MeitY) launched the National programme in AI as 
part of the India AI programme which is considered an umbrella programme to leverage transformative 
technologies that can help in fostering inclusion, innovation and adoption of AI in creating social impact.
Until the Digital Personal Data Protection (DPDP) Act 2023, India lacked a thorough, all-inclusive data 
protection legislation unlike its western counterparts like the US and the EU. Up until this Act, the development 
and deployment of AI was governed through laws and policies related to data protection, privacy, 
cybersecurity and intellectual property. However, these initiatives come with a fair share of shortcomings, 
particularly in the case of emerging and novel problem-solving technologies such as GenAI. Therefore, stricter 
legislative safeguards are an imperative to protect data, which is core element for AI development in India. 
Key tenets of DPDP Act, 2023, to be considered for GenAI
Right to 
access 
information 
about personal 
data
Right to 
correction of 
personal data
Consent and 
consent 
withdrawals
Right to 
erasure
Right of 
grievance 
redressal and 
nominate
Duties of data 
principal
Data principal
Grounds of 
processing 
personal data
Certain 
legitimate 
uses
Additional 
obligations of 
significant 
data fiduciary
Data 
processer 
engagement
Personal data 
breach 
notification
Notice
Verifiable 
parent/
guardian 
consent
Security 
safeguards
Data retention
Processing of 
personal data 
outside India
Data fiduciary 
accountable 
for data 
processer
Data privacy 
impact 
assessments
Data 
protection 
officer
Independent 
data audits
Consent 
managers
Complying to 
government 
notifications
Data fiduciary
Data lifestyle
Data 
protection
Data 
processing 
Data 
storage/
transfer
Transparency
and accountability
Source: PwC analysis
Data Protection Board of India
Penalty          Grievance redressal          Review and appeal             Dispute resolution
PwC | Understanding the impact of GenAI on the Indian healthcare ecosystem
March 2024 | 39
GenAI alignment with DPDP Act, 2023
Data subject 
access request 
(DSAR) and 
consent
Data  analysis 
Obligations of 
data fiduciary
Data fiduciary 
accountable 
for data 
processer
Data breach
Data retention
Security 
safeguards
Data storage
Consent to use the 
PII data and ability to 
modify/delete PII as 
per data principal 
request 
PII data processing 
as per legal purpose, 
consent 
Ensure PII data 
completeness, 
accuracy and 
consistency to be 
used by the model 
Contractual obligation 
with data processor 
on data sharing and 
usage 
Identify and notify on 
the PII data breach
Delete PII data once 
the purpose is over
Ensure PII data is 
accessible to the right 
individual and shared 
as per contractual 
obligations 
PII data is stored as 
per consent or legal 
purpose
DPDP Act, 2023 requirements for 
data fiduciary
PII data is collected 
for the model to be 
trained and generate 
response and 
insights
PII data is being  
stored for the model
PII data is being 
prepared by 
enrichment, 
standardisation, etc., to 
be fit for consumption 
of the model 
The model is trained 
on the data
The trained model 
tries to generate 
insights with 
available set of 
information 
The model cross-
references internal and 
external data to create 
linkages and identify 
patterns which further 
enhance its ability
GenAI generates 
responses to 
queries/questions 
posed to it 
Various channels are 
created to access 
GenAI and its 
insight/response to 
questions
Sourcing of 
data for GenAI
Storage of 
data for GenAI 
consumption
Analysis and 
preparation of 
data 
Model training
Insight 
creation by 
the model
Cross-
referencing 
external data 
or unlinked 
data 
Generating 
query 
response by 
model
Sharing 
insight/providi
ng response
GenAI personal identifiable information 
(PII) data touchpoints
A PII data journey 
triggers 
requirements of 
the DPDP Act
 which an 
organisation 
needs to consider 
while designing 
its GenAI model
Data journey
Source: PwC analysis
PwC | Understanding the impact of GenAI on the Indian healthcare ecosystem
March 2024 | 40
Data accuracy
Generating accurate data is a challenge for AI systems due to the following reasons:
•
Missing or incomplete data can lead to inaccurate results.
•
Variability in data formats terminology and quality across different sources leads to data inaccuracy.
•
Human error during data entry affects the reliability of an AI models.
•
If robust data validation processes and quality assurance is not in place, it can lead to inaccuracy of 
healthcare data used for training AI models.
The challenges listed above can be addressed using the following approaches:
•
Implement standardised data format terminologies to ensure consistency across different datasets.
•
Involve healthcare SMEs to validate a model and ensure its alignment with the clinical needs.
•
Implement EHRs with built-in validation checks.
•
Conduct regular audits on datasets and algorithms to produce reliable results.
Data security
Factors which impact data security are:
•
Lack of protocols which can protect data from unauthorised users during the training process.
•
If the datasets are not being secured properly, it may lead to data breach, cyber-attacks and leaking of 
potential sensitive information.
•
Unauthorised or unethical use of data can result in legal consequences.
•
Trained AI models needs to be secured since any breach may lead to the risk of intellectual property theft.
•
Data thieves can exploit shared medical data networks by gaining access to medical histories.
To address these challenges, several 
approaches can be adopted:
•
implementing robust encryption 
techniques to protect sensitive data 
during storage and transmission by 
an authorised user
•
implementing access control to 
restrict user’s access to data
•
conducting regular audits on GenAI 
systems to identify potential risks
•
providing comprehensive training on 
data security best practices
•
complying with regulations and 
standards like the DPDP Act in India.
Data security challenges
User error in 
technology 
adoption
Insider 
threats
Hackers
Mobile 
applications
Obsolete 
technology in 
hospitals
EHR
Healthcare 
data security 
challenges
PwC | Understanding the impact of GenAI on the Indian healthcare ecosystem
March 2024 | 41
Model bias
Model bias refers to the tendency of AI algorithms to generate inaccurate or unfair results due to biases 
present in the data used for training.
In healthcare, model biases can have significant implications on GenAI systems which are used for diagnostic 
purposes, treatment recommendations and patient care. Some of the key challenges related to model bias in 
GenAI for healthcare are:
•
biased training data leads to biased predictions by an AI model
•
biased algorithms lead to incorrect diagnoses or recommendations affecting certain demographic groups
•
biased data raises ethical issues regarding fairness, justice and equitable access to healthcare services
•
lack of transparency in a model delays the decision-making process as users need to understand how 
decisions are made.
Addressing these challenges requires concerted efforts from various stakeholders:
•
Ensure training datasets are diverse, inclusive, and representative of different groups and population.
•
Adopt techniques such as data augmentation and synthetic data generation to address imbalance in 
training data.
•
Define metrics to access the performance of AI models across population and groups.
•
Continuous review of datasets to identify biases and train the model to address the biases.
•
Develop standards and guidelines in consultation with healthcare SMEs.
For clinical use cases, we need large, validated and unbiased test datasets to train GenAI models. In 
addition, we need the ability to review and validate these models before launch, and constantly monitor and 
update the models based on new data. Clinical models should also be subject to external reviews and 
approvals in accordance with relevant clinical guidelines.
– Rizwan Koita, Co-founder and Director, Koita Foundation
Recent cyber incidents
Vulnerabilities related to data pose greater risk to the healthcare sector as AI-powered systems can potentially 
lead to privacy violations, data manipulation, bias and fairness concerns which can compromise the overall 
output of AI algorithms.
These incidents can disrupt healthcare services, compromise patient privacy and impact patient safety if 
GenAI systems encounter a breach. Therefore, it's crucial for healthcare organisations to prioritise various 
cybersecurity measures such as implementing robust encryption techniques, updating software on a regular 
basis, conducting security audits frequently and providing necessary trainings to the employees regarding 
latest cybersecurity industry practices.
PwC | Understanding the impact of GenAI on the Indian healthcare ecosystem
March 2024 | 
PwC’s GenAI framework 
for healthcare 
42
07
The synergy between consulting firms 
and healthcare organisations can serve 
as a catalyst in leveraging the potential 
of GenAI to revolutionise healthcare 
delivery, promote innovation and foster a 
culture where GenAI can improve 
healthcare services. PwC’s community 
of solvers – comprising consultants, 
engineers, developers, data scientists 
and design specialists – with knowledge 
and experience in healthcare can help in 
implementing and providing oversight 
over GenAI. We are already working on 
multiple GenAI use cases, both for 
clients and in-house. 
Patient and 
care 
management
Medical 
image 
enhancement
Disease 
diagnosis
Drug 
discovery 
and 
development
Medical 
education
Personalised 
medicine
GenAI
in 
healthcare
01
02
03
04
05
06
Medical image enhancements
•
Enhanced diagnostic capabilities 
•
Improving visibility of subtle details and facilitating precise assessments by clinicians
•
Reduction in the need for potential invasive procedures
01
PwC | Understanding the impact of GenAI on the Indian healthcare ecosystem
March 2024 | 43
Patient and care management
•
Reduction in time spent by clinicians in creation of patient care plans
•
Forecasting patient’s healthcare journey through historical data 
•
Enabling more tailored patient engagement through GenAI-powered virtual assistants 
02
Disease diagnosis
•
Analysing medical history and symptoms to enhance precision in diagnoses 
•
Pattern identification by analysing volumes of data, aiding in faster disease prediction 
and prevention
•
Generation of faster and accurate insights from medical records 
03
Drug discovery and development
•
Integration and analysis of diverse data sources to generate comprehensive insights for developing 
targeted therapies
•
Redesigning traditional drug discovery value chain to expedite experiment turnaround times 
•
Prediction of possible drug interactions by evaluating safety and effectiveness of drug combinations
04
Medical education
•
AI-based educational resources to provide individualised healthcare information for fostering health 
literacy and enabling better decision making by patients 
•
Enhancing medical students’ learning experience by simulating realistic scenarios for 
applying theoretical knowledge
•
Creation of personalised education paths for self-paced learning and tailored feedback 
05
Personalised medicine
•
Evidence-driven, personalised treatment plans for unique needs of patients 
•
Improvement of treatment outcomes by predicting individual’s response to medications 
06
Human intervention is indispensable to ensure accuracy and a competitive edge to the client. Many business 
problems need customised solutions based on the understanding of the culture of the organisation and the 
expectations of the stakeholders. PwC’s team can collaborate with healthcare providers and develop effective 
process and solutions for them. Some of the ways in which we can help healthcare service institutions are: 
•
Our team of specialists can utilise research and analysis tools to enhance their solving skills capabilities 
and provide innovative and robust strategies to the clients.
•
They can help build predictive models which can predict market trends and demand fluctuations and the 
insights can be integrated to improve business processes. 
•
Gen AI can be seen as a tool that would help healthcare clients by enhancing their decision-making 
support, with PwC resources backing it with accurate and reliable evidence through research on better 
customer experiences and outcomes
•
Accurate and reliable data is needed to train AI/ML models. PwC resources can be instrumental to vet 
these data sources and generate unbiased recommendations.
•
Our team can also design strategies to automate mundane tasks using GenAI and enhance 
employee efficiency. 
PwC | Understanding the impact of GenAI on the Indian healthcare ecosystem
March 2024 | 44
Our framework
The GenAI healthcare transformation framework is followed along with use-case prioritisation so as 
not to miss out on key dimensions related to people, process and technology in accordance with 
compliance requirements.
PwC’s GenAI approach for healthcare transformation
Business decisions and analytics
•
Align with corporate and business unit strategy.
•
Identify and prioritise core health and non-
health use cases.
•
Define KPIs to drive patient value and uplift 
population health.
•
Create a documented use case inventory 
which illustrates the power of GenAI in 
healthcare industry.
Data and information
•
Extract and store unstructured and large 
volumes of clinical and non-clinical data.
•
Secure data and manage privacy.
•
Prepare data for GenAI training.
•
Prepare pipelines for continuous training with 
latest available health data.
Process and 
integration
•
Be agile and focus 
on co-creation of 
values with all 
stakeholders in the 
healthcare 
value chain.
•
Streamline metrics 
and improve 
interactions 
between GenAI 
teams and 
stakeholders to 
refine the 
underlying LLMs.
Technology and 
infrastructure
•
Select scalable, 
large language 
platforms which 
adresses the 
intricacies of 
healthcare.
•
Modernise 
unstructured patient 
and diagnostic data 
platforms to 
enable AI.
•
Develop digital, 
user-centric 
applications for 
patients, doctors 
and other 
stakeholders.
Organisation, culture and talent
•
Develop operating model with clarity on roles 
and responsibilities. 
•
Collate unstructured health data and develop 
GenAI skills.
•
Introduce new skills to reimagine AI-driven 
healthcare delivery.
•
Support cultural transformation and change 
management of patients and providers through 
proactive strategies.
Governance, cybersecurity and privacy
•
Develop a governance mechanism that 
recognises and mitigates healthcare-related 
human and technology risks, such as patient 
privacy and other global regulatory obligations.
•
Build trust with patients and doctors through 
transparency and keeping ‘human-in-the-loop’.
•
Apply cybersecurity and privacy risk-based 
controls to enhance health data confidentiality, 
integrity and availability.
Our
GenAI 
healthcare
transformation 
framework
PwC’s GenAI for healthcare framework can be adopted by the healthcare industry to facilitate its digital 
transformation journey and develop solutions based on the healthcare provider’s technological maturity, 
capability and requirements. 
PwC | Understanding the impact of GenAI on the Indian healthcare ecosystem
March 2024 | 
The road ahead
45
08
Rapid technological innovation has enabled the healthcare ecosystem to evolve, adapt, and become more 
accessible and affordable. In India, multiple factors25 such as the government’s impetus to adopt digital 
technology, forecasts about population growth and various health indices (e.g. fertility and morbidity rates), 
amplified by the repercussions of the COVID-19 pandemic, have increased the momentum of the transformation 
of the healthcare landscape through digitalisation.
As per PwC analysis, most organisations feel that GenAI can be leveraged extensively in domains like financial 
services, sales and marketing, forecasting market conditions, enhancing supply chain and operations and new 
product development in the near future. 
25. Digital health in India – statistics & facts (https://www.statista.com/topics/7140/digital-health-in-india/#topicOverview)
20%
18%
15%
15%
11%
11%
6%
3%
1%
Financial & sales
planning
Forecasting
market
Operational
Efficiency
New product
development
Strategic
decisions
Remote device
monitoring
No plan to use
Employee training
Physical assets
Source: PwC analysis
Financial and 
sales planning
Operational 
efficiency
PwC | Understanding the impact of GenAI on the Indian healthcare ecosystem
March 2024 | 46
The future of GenAI in healthcare involves advancements in precision medicine tailored to individual genetic 
profiles, the integration of AI into telehealth platforms for more accessible and personalised care, the 
development of sophisticated AI-driven diagnostic tools for early disease detection, and the continued 
enhancement of robotic-assisted surgeries for precision and efficiency. Additionally, the collaboration between 
AI and wearable technologies is expected to play a pivotal role in continuous health monitoring, providing real-
time insights and enabling proactive interventions.
GenAI solutions can play a pivotal role in the transformation journey of healthcare through its wide applicability 
in care delivery, healthcare operational excellence, R&D and patient education. However, responsible 
development of these AI-enabled solutions is crucial to ensure concerns pertaining to cyberthreats, biases and 
data compliance requirements are adequately addressed. The World Health Organization (WHO)26 has 
identified six parameters for governing implementation of AI technologies in healthcare:
26. World Health Organization news release (https://www.who.int/news/item/19-10-2023-who-outlines-considerations-for-regulation-of-
artificial-intelligence-for-health)
Governance of AI in healthcare – World Health Organization
Collaboration
Risk management
Data usage 
intention
Transparency
Data quality
Privacy 
and data 
protection
Governance of AI 
in healthcare
Collaboration between 
various stakeholders to 
ensure regulatory 
compliance
Thorough 
documentation of 
product lifecycle 
and development 
process
Address regulations 
by understanding 
scope of jurisdiction 
and consent 
requirements
Comprehensively address 
‘intended use’ and human 
intervention concerns 
through explainable models
External data 
validation to 
assure safety 
and facilitate 
regulation
Extensively assess 
system pre-releases 
to ensure non-
amplification of 
biases and errors
When it comes to adopting a new technology in any industry, most organisations find it challenging to 
envisage how to get started, which tools and applications would be most impactful for their sector, and what 
should be the ideal next steps. Similarly, as healthcare organisations proceed on their GenAI journey, 
adhereing to a framework to enable this transformation and fostering awareness and adoption within the 
organisation is vital. This is where they can leverage PwC’s GenAI for healthcare framework to facilitate 
adoption in a smooth and streamlined manner.
The adoption of GenAI by the healthcare industry will accelerate its digital transformation journey by providing 
a tool that can help develop solutions quicker and at scale, leapfrogging things at a previously unimaginable 
pace. Players in the healthcare ecosystem can ride the winds of change as long as they have a razor-sharp 
focus on ramping up their capabilities in data, information and knowledge management, technology and 
digital, but most crucially by creating a workforce that is agile and resilient. This will enable them to keep up 
with the exponential rate of disruption that is fundamentally forcing organisations to question the status quo 
and rethink their business and operating models.
PwC | Understanding the impact of GenAI on the Indian healthcare ecosystem
March 2024 | 
About our survey
47
As part of our study, we reached out to various experts across the healthcare industry to understand the 
perspective of healthcare professionals in terms of GenAI adoption, use cases, challenges and future roadmap. 
The survey was conducted in 2024 and insights derived from it have been used, where indicated, in this report.
Contact us
Arnab Basu
Advisory Leader 
PwC India
arnab.basu@pwc.com
Dr Rana Mehta
Healthcare Leader 
PwC India
rana.mehta@pwc.com
Rajnil Mallik
GenAI Leader 
PwC India
rajnil.mallik@pwc.com
Authors
Sayantan Chatterjee
Executive Director
Rajarshi Ghosh
Executive Director
Abhishek Tejpal Singh
Associate Director
Debayan Chandra
Senior Manager
Santanu Chakraborty
Manager
Swarnendu Srimany
Manager
Juthiparna Ghosh
Senior Associate
Subhodeep Ganguly
Senior Associate
Rupam Kundu
Senior Associate
Abid Munshi
Senior Associate
Dolly Bhati
Senior Associate
Venkatesh Babu
Senior Associate
Samikshya Samantaray
Associate
Aditi Choudhary
Associate
Sayantan Chatterjee
HealthTech Leader 
PwC India
sayantan.chatterjee@pwc.com
Rajarshi Ghosh
Executive Director –
Data and Analytics 
PwC India
rajarshi.ghosh@pwc.com
Abhishek Tejpal Singh
Associate Director – HealthTech
PwC India
abhishek.tejpal.singh@pwc.com
Sankarsan Mukherjee
Senior Manager – Data and Analytics
PwC India
sankarsan.mukherjee@pwc.com
Debayan Chandra
Responsible AI Lead
PwC India
debayan.chandra@pwc.com
January 2023
48
Data Classification: DC0 (Public)
In this document, PwC refers to PricewaterhouseCoopers Private Limited (a limited liability company in India having 
Corporate Identity Number or CIN : U74140WB1983PTC036093), which is a member firm of PricewaterhouseCoopers 
International Limited (PwCIL), each member firm of which is a separate legal entity.
This document does not constitute professional advice. The information in this document has been obtained or derived 
from sources believed by PricewaterhouseCoopers Private Limited (PwCPL) to be reliable but PwCPL does not 
represent that this information is accurate or complete. Any opinions or estimates contained in this document 
represent the judgment of PwCPL at this time and are subject to change without notice. Readers of this publication are 
advised to seek their own professional advice before taking any course of action or decision, for which they are 
entirely responsible, based on the contents of this publication. PwCPL neither accepts or assumes any responsibility 
or liability to any reader of this publication in respect of the information contained within it or for any decisions readers 
may take or decide not to or fail to take.
© 2024 PricewaterhouseCoopers Private Limited. All rights reserved.
PR/February 2024 - M&C 35622
About PwC
At PwC, our purpose is to build trust in society and solve important problems. We’re a network of firms in 
151 countries with over 360,000 people who are committed to delivering quality in assurance, advisory and 
tax services. Find out more and tell us what matters to you by visiting us at www.pwc.com.
PwC refers to the PwC network and/or one or more of its member firms, each of which is a separate legal entity. 
Please see www.pwc.com/structure for further details.
© 2024 PwC. All rights reserved.",2025-03-10,PWC
Quality measures and standards for transitioning to value-based healthcare in India,https://www.pwc.in/ghost-templates/quality-measures-and-standards-for-transitioning-to-value-based-healthcare-in-india.html,"Quality measures and standards 
March 2025
for transitioning to value-based 
healthcare in India
PwC | Quality measures and standards for transitioning to value-based healthcare in India
3
Table of contents
25
06
How technology can act as an enabler for VBHC
06
01
Introduction
05
18
Defining quality measures and standards 
09
02
An overview of VBHC’s adoption
16
04
Building a foundation for VBHC's adoption in India
14
03
The need for transitioning to a VBHC model
Challenges in adopting VBHC in India
07
31
33
08
The road ahead 
36
09
Conclusion
37
10
Glossary
PwC | Quality measures and standards for transitioning to value-based healthcare in India
4
Preface 
Arnab Basu 
Advisory Leader
PwC India
Value based healthcare(VBHC) is the cornerstone of modern healthcare and is integral for establishing an efficient and 
effective healthcare system.
There’s been a recent shift in focus towards VBHC since earlier the focus was solely around providing better value and 
outcomes for healthcare services. VBHC prioritises patient outcomes and cost efficiency, shifting away from the 
traditional fee-for-service model which provides services based on the quantity of services provided. In recent times, the 
government has been making efforts to integrate the value-based healthcare concept into the core of healthcare delivery 
system. These efforts aim to establish enhanced quality of care, cost effective healthcare solutions and improved 
patient satisfaction.
VBHC’s implementation in India can offer a transformative approach to address the challenges in Indian healthcare such 
as escalating health costs, poor health outcomes, inefficient allocation of resources and high levels of patient 
dissatisfaction. By prioritising patient outcomes over volume of services, VBHC can help organisations align their 
services with growing demand for cost effective, efficient and non-discriminatory care.
In a diverse and a largely populated country like India, where efficient healthcare access still remains challenging, 
particularly in rural areas, VBHC can offer a promising avenue for significant improvements. By focusing on initiatives 
around incentivising the providers to focus on chronic disease management and patient-centered care, VBHC can 
address many pressing challenges in Indian healthcare.
As the global healthcare landscape gears up for embracing the adoption of value-based healthcare, India’s healthcare 
sector is also at the forefront of this transformation. This paper aims to provide a roadmap to facilitate the transition to 
VBHC to help the Indian healthcare system in adopting VBHC and improving the outcomes of the healthcare 
sector’s endeavours. 
Dr Rana Mehta
Healthcare Leader 
PwC India
VBHC has tremendous potential to enhance the quality of care and generate value for healthcare organisations.
Some of these potential benefits include:
•
improved patient health outcomes
•
reduction in overall healthcare costs
•
increased patient satisfaction
•
enhanced resource management and efficiency.
VBHC has the capacity to transform the healthcare industry in India, enabling physicians to provide superior care and 
treatment to patients. With the implementation of VBHC in India, healthcare providers will be incentivised through the 
VBHC payment models to improve patient outcomes and efficiency, while payers will focus on aligning reimbursement 
models with quality care metrics, ultimately leading to cost savings and enhanced patient satisfaction. This, in turn, could 
provide better accessibility and affordability for patients and help in the goal of providing universal healthcare – an 
essential building block for the country’s economic progress. This report highlights the various nuances of VBHC, the 
various quality standards and measures for an effective VBHC model and how technology will act as a driver for the 
entire transition. 
PwC | Quality measures and standards for transitioning to value-based healthcare in India
5
1 https://www.india.gov.in/spotlight/union-budget-2025-2026
Angana Guha Roy Chowdhury
Assistant Director General 
BCC&I
Advanced healthcare has increased life expectancy and the probability to recover from critical health conditions. 
However, with advanced procedures and medicines along with factors like higher equipment cost, limited infrastructure 
and professionals with increased demand for healthcare services, healthcare has become expensive. 
Since the United Nations Sustainable Development Goal (SDG) 3 was established to ensure healthy lives and well-being 
for all people at all ages, it is important to provide quality healthcare available to the last mile. While differential 
healthcare delivery, based on location and affordability creates barriers to standardised quality healthcare, delivering 
quality care is also dependent on reliable data based on which measures, solutions and innovations may be aligned.
Insurance provided both by the Government and the private sector could make healthcare more affordable/On the 
technological front, technologies like telemedicine, AI-driven diagnosis and data collected from wearables among others 
could also help in healthcare sector in delivering standardised healthcare to the last mile.
As announced in the Union Budget 2025, the government is also taking significant steps to build healthcare capacity in 
the country and establishing medical education institutions, providing broadband connectivity in rural health centres, 
enhancing digital infrastructure in primary healthcare centres and providing affordable medicines for critical cases. PLI 
scheme for pharmaceuticals is expected to boost domestic manufacturing keeping costs affordable. In an effort to make 
medicine affordable, a number of life-saving drugs and medicines have been exempted from basic customs duty. 
Startups in healthcare, especially HealthTech, are also coming up with innovative solutions at affordable cost. However, 
to achieve this, regulations need to be implemented, both at central and at the state level for assuring quality 
with affordability.1
PwC | Quality measures and standards for transitioning to value-based healthcare in India
6
Source: PwC analysis
1.1. Introduction to value-based healthcare (VBHC) delivery
VBHC is a model which incentivises healthcare providers2 based on the outcomes of the services they deliver to the 
patients. This approach emphasises improving patient health outcomes by linking the provider’s payments directly to the 
quality and efficiency of the care provided. It is an alternative to the traditional FFS model, where providers are paid 
based on the quantity of services provided rather than the quality.
01
Introduction
Patient-centered medical home
Patient focused model where an entire team of 
healthcare professionals is formed to deliver 
personalised care plans.
Shared savings
In this model providers and payers agree on an 
expected medical cost and any savings achieved 
below this threshold will be shared between the payer 
and provider.
Bundled payment
A payment model where a predefined amount of 
fee is collected upfront from the patient based on 
the services related to their diagnosis..
Capitation model
Similar to the bundled payment model a set amount of 
fee will be received from the patient but over a certain 
period like per month or per year.
Pay for performance
The providers are incentivised based on their 
performance offering them a bonus when they perform 
exceeding threshold set based on specific metrics and 
benchmarks and charged with penalties when they 
don't meet the threshold.
Shared risks
This model is similar to the shared savings model, in 
addition to sharing the savings, the financial burden 
of excess healthcare costs exceeding the threshold 
will also be distributed between both parties.
Figure 1: Different VBHC models 
2 Note: For this report, healthcare providers comprises – entities or individuals which deliver medical services, care and treatment to patients 
including hospitals, clinics, doctors and other medical professionals.
PwC | Quality measures and standards for transitioning to value-based healthcare in India
7
Figure 2: Key principles of value-based healthcare
Patient experience
Value-based care will place 
greater emphasis on patient 
experience, as healthcare 
providers will be incentivised 
based on the quality of care 
they deliver to the patients.
Patient-centered care
The focus is on prioritising 
patient’s needs and 
preferences, creating 
customised treatment plans 
for patients. The primary 
goal is to place the patient at 
the heart of the healthcare 
system.
Outcome-based payments
Providers will be compensated based on 
the quality of the care they deliver and 
patient recovery outcomes rather than 
merely the volume of treatments or 
number of tests conducted.
Integrated care delivery
Integrated care delivery 
supports value-based care 
by coordinating healthcare 
services across providers 
and settings, leading to 
improved patient health 
outcomes.
Cost of care
Healthcare costs are notably 
high and making them 
affordable for everyone has 
been a priority for many. 
Value-based care could make 
great progress in this area, as 
it is expected to significantly 
reduce treatment costs 
compared to the traditional 
fee for service models.
1
2
3
4
5
Cost of 
care
Integrated 
care 
delivery
Outcome-based 
payments
Patient-
centered 
care
Patient 
experience
Source: PwC analysis
PwC India conducted a survey in January 2025 among various stakeholders from the healthcare fraternity, to capture 
their understanding about VBHC. We reached out to more than 50 respondents across different categories – physicians, 
healthcare providers, consultants, professionals – to capture their point of view. 
Figure 3: Which of the following do you consider as key principles of VBHC?
Source: PwC analysis
1.38%
12.41%
17.93%
20.00%
23.45%
24.83%
0.00%
5.00%
10.00%
15.00%
20.00%
25.00%
30.00%
Not Sure/Unfamiliar with the concept
Cost of Care
Integrated care delivery
Enhancing Patient Experience
Patient-centered care
Outcome-based payments
According to the survey, nearly 50% of the respondents perceived VBHC as a patient-centric, outcome based model. 
PwC | Quality measures and standards for transitioning to value-based healthcare in India
8
1.2. State of healthcare delivery in India
India’s healthcare delivery system is highly fragmented with a mix of public and private sectors for both providers and 
payers leading to several challenges related to inadequate infrastructure, rural-urban disparity and high out of pocket 
expenditure. From a global perspective, India’s spending on healthcare is quite low (public funds, private funds, external 
flows) when compared to its neighbouring developing countries. However, the government has initiated various 
programmes to improve the access and quality of care for the citizens. This abatement reflects the impact of increased 
government investment in healthcare, evidenced by the 85% increase in budget allocated for the Department of Health 
and Family from 2017-18 to 2021-22.3
India’s healthcare sector primarily focuses on three key areas – digital transformation, preventive care and wellness, 
and overall healthcare infrastructure development. Numerous healthcare policies and initiatives are also being 
launched by the government to support the sector.
To provide health coverage to the country’s population, the Government of India has been focusing on preventive care 
and wellness, improving healthcare infrastructure and digital initiatives. A pivotal government initiative to help the 
government achieve this goal is the AB PM-JAY, an initiative that aims to achieve universal health coverage by aiding a 
family with up to INR 5,00,000 of insurance coverage4 every year. The initiative is also directed towards the 
implementation of a value-based incentive system, focusing on patient outcomes and quality of care over the quantity of 
services provided.
Healthcare providers are also investing in modern hospitals, clinics and diagnostic centres equipped with advanced 
medical technology, embracing digital innovations such as electronic medical records, telemedicine, health apps and 
remote monitoring systems to improve patient care. These innovations have the capability to improve healthcare 
outcomes and reduce costs in the long term. India's healthcare regulatory system is also evolving to ensure patient 
safety, promote high-quality care and control costs.
While there are still significant challenges to overcome, the continued investment in healthcare and innovation in the 
sector highlight India’s keenness to transform its healthcare landscape from volume-based care to value-based 
care model.
3 https://pib.gov.in/PressReleaseIframePage.aspx?PRID=2094604 
4 https://nha.gov.in/PM-JAY
PwC | Quality measures and standards for transitioning to value-based healthcare in India
9
Many countries across the globe are shifting towards the VBHC model due to changes in priorities towards patient-
centred models, to improve cost efficiency and to enhance the accountability of the healthcare providers. Governments 
worldwide are shifting from traditional FFS models to capitation, bundled payments, etc. to incentivise the providers who 
supply coordinated and quality care for their patients. This transformation is being led by technological advancement for 
data-driven decision-making and the framing of global health standards, where countries can learn from each other’s 
experience for adopting the best healthcare practices.
02
An overview of VBHC’s adoption
Legislations like ACA and programmes like QPP led the implementation of VBHC in the USA.
What were the context and 
challenges which led to the 
adoption of VBHC?
How did it work?
What are the monitoring 
mechanisms?
The USA spends around 17% of its 
GDP on healthcare5 and ~25% of it 
is considered redundant,6 which can 
be attributed to factors like 
unnecessary medical procedures, 
inefficient services, missed 
prevention opportunities, etc. The 
US has been witnessing an 
increase in overall healthcare costs, 
which does not necessarily 
correlate with enhanced patient 
outcomes.
To continue reaping the benefits of 
the VBHC model, CMS plays a 
pivotal role in monitoring value-
based programmes. It tracks 
performance metrics, patient 
outcomes and cost savings through 
various programmes such as the 
hospital readmission reduction 
programme and hospital value-
based purchasing. There has also 
been widespread adoption of EHRs, 
which enables the authorities to 
monitor the performance of the 
providers and patient outcomes in 
real time. 
To combat these issues, the US 
government came up with the ACA, 
which shifted the focus from 
volume-based reimbursements to a 
model where providers will be paid 
based on the quality of outcomes. 
The ACA facilitated the formation of 
ACOs, where a group of healthcare 
providers collaborate to manage the 
health outcomes of the population. 
This cooperation motivates 
providers to enhance patient 
outcomes while simultaneously 
striving to reduce overall costs The 
ACA also laid the groundwork for 
the QPP, which was later 
established by MACRA. The QPP 
incentivises healthcare providers to 
prioritise both quality and cost-
effectiveness. 
5 https://www.pgpf.org/article/almost-25-percent-of-healthcare-spending-is-considered-wasteful-heres-why/
6 https://www.cms.gov/data-research/statistics-trends-and-reports/national-health-expenditure-data/historical
1
PwC | Quality measures and standards for transitioning to value-based healthcare in India
10
What were the context and 
challenges which led to the 
adoption of VBHC?
How did it work?
What are the monitoring 
mechanisms?
The country has also been 
leveraging research conducted by 
independent organisations to 
evaluate value-based programmes, 
along with patient satisfaction 
surveys.
By meeting established quality 
benchmarks, providers can earn 
bonus payments, while those who 
fail to meet performance standards 
may face penalties. This approach 
aims to reduce unnecessary 
healthcare spending. ACA has also 
laid the groundwork for introducing 
quality metrics and performance 
incentives by initiating programmes 
such as the Hospital Readmission 
Reduction Programme and Hospital 
Value-Based Purchasing, which 
penalised hospitals for high 
readmission rates and rewarded 
them for performing better on the 
quality standards.7 
To enhance value-based care in the 
USA, different payment models 
have also been developed to 
gradually shift from FFS to 
alternative payment models. The 
introduction of bundled payment is 
one such initiative under which a 
single payment is made based on a 
specific episode of care. Another 
prominent model is the capitation 
model where providers are paid a 
predetermined amount per patient 
for a specific period regardless of 
the services availed. The 
government has also introduced a 
model called the PCMH, with a 
focus on providing comprehensive 
primary care. 8 It leverages a team-
based approach to provide 
coordinated care and has been 
associated with chronic disease 
management, increased preventive 
care and cost savings. The PCMH 
model follows the FFS plus the 
PMPM models. Providers receive a 
base PMPM payment for routine 
care, encouraging preventive health 
management and incentivising 
providers to keep patients healthy. 
7 https://pmc.ncbi.nlm.nih.gov/articles/PMC6139911/
8 https://www.cms.gov/medicare/payment/prospective-payment-systems/acute-inpatient-pps/hospital-readmissions-reduction-program        
hrrp#:~:text=The%20Hospital%20Readmissions%20Reduction%20Program,in%20turn%2C%20reduce%20avoidable%20readmissions.
Legislations like ACA and programmes like QPP led the implementation of VBHC in the USA.
1
PwC | Quality measures and standards for transitioning to value-based healthcare in India
11
What were the context and 
challenges which led to the 
adoption of VBHC?
How did it work?
What are the monitoring 
mechanisms?
For specialised or acute services, 
additional FFS payments are made, 
ensuring compensation for complex 
care beyond routine management 
and balancing cost predictability 
with service-specific remuneration. 
Thus, providers are incentivised to 
maintain health and efficiency 
through PMPM but also have the 
flexibility to deliver necessary, 
additional services via FFS.
The NHS in the UK is facing rising 
healthcare costs due to factors such 
as technological advancements, 
expensive treatments and increased 
demand for services. The UK has 
also experienced a significant 
enhancement in its ageing 
population, with ~18% of the 
population aged ≥65 years in 
2023.[7] This demographic often 
suffers from multiple chronic 
diseases requiring ongoing 
management. In response, the UK 
adopted a multipronged approach in 
the implementation of VBHC. 
Significant steps in the VBHC by the 
UK (NHS) involve introducing 
integrated care systems, quality and 
outcomes framework, and the 
adoption of payment by results 
model.
To monitor health initiatives, the 
NHS has established the NICE, 
which assesses the cost-
effectiveness of new treatments and 
interventions and evaluates the 
costs against the outcomes.12 
The NHS also utilises a 5-step BRM 
framework to monitor the 
advantages gained from the 
healthcare transformation projects. 
In addition, the NHS incorporates 
assessment reports from 
organisations such as UKRI. These 
offer an outsider’s perspective on 
the effectiveness of the NHS 
strategies, aiding in the refinement 
of approaches to achieve the 
desired health outcomes.
Several initiatives have shaped the 
transition to VBHC in the UK:
•
Integrated care systems:9
The system forges partnerships 
between the NHS, local councils 
and voluntary sectors to develop 
shared healthcare plans and 
joint services. The focus 
includes better outcomes for the 
patients, prevention of disease, 
reduction in health inequalities 
and enhanced productivity of the 
workforce.
•
Quality and outcomes 
framework:10 It is an annual 
reward and incentive 
programme for general 
practitioners based on the 
quality of the healthcare 
provided while dealing with 
different disease burdens. The 
GPs are assessed on 76 
indicators comprising domains 
such as clinical health, public 
health and quality improvement.
•
Payment by results: 11 It is a 
system where each treatment 
and procedure is given a specific 
price based on the national tariff 
system. The cost is determined 
using the average cost of 
providing that specific service at 
the NHS.
9 https://www.longtermplan.nhs.uk/wp-content/uploads/2019/08/nhs-long-term-plan-version-1.2.pdf
10 https://digital.nhs.uk/data-and-information/data-tools-and-services/data-services/general-practice-data-hub/quality-outcomes-framework-qof
11 https://digital.nhs.uk/data-and-information/data-tools-and-services/data-services/hospital-episode-statistics/payment-by-results
12 https:/www.ncbi.nlm.nih.gov/books/NBK310330/
Changing demographics and rising overall costs led to the implementation of VBHC at the NHS, UK.
2
PwC | Quality measures and standards for transitioning to value-based healthcare in India
12
What were the context and 
challenges which led to the 
adoption of VBHC?
How did it work?
What are the monitoring 
mechanisms?
Brazil’s healthcare system is a mix 
of public and private players, relying 
mainly on the FFS model for 
payment. The increase in 
population, longer life expectancy 
and rising healthcare costs due to 
technological advancements are 
some of the reasons for a country 
like Brazil to move towards the 
VBHC model. Additionally, the 
country has also been leveraging 
international experiences, such as 
those of the US, which has already 
started implementing the VBHC 
models. This implementation has 
helped Brazil to transition smoothly 
to a VBHS.
Brazil has developed a 
standardised measurement tool to 
evaluate quality measures, 
pertaining to the process, outcomes 
and patient experience. 
 
Some of the steps taken by Brazil to 
move towards value-based 
healthcare include the formation of 
the ICHOM, which aligns Brazilian 
hospitals with global health 
standards. The consortium aims to 
implement standardised health 
outcomes measurement sets for 
heart failure, stroke and hip and 
knee osteoarthritis, across the 
hospitals in the country and improve 
overall patient care. Since the 
country has a mix of both public and 
private players, the private sector 
has formed the ANAHP, which is 
actively involved in embracing 
quality measures and adopting 
value-based payment models for its 
settings. Apart from these 
initiatives, the country regularly 
gathers insights from the pilot 
programmes to identify the best 
practices and areas of 
improvement.
Given below are a few examples of VBHC's adoption.
Context
Challenges
What worked well?
What was the value 
generated?
A leading hospital in 
South Denmark Region 
was looking for a patient-
centred improvement 
model with a focus on 
data-driven innovation, 
patient-experience 
outcomes and 
streamlining. They 
intended to improve the 
KPIs like hospitalisation 
time, patient readmission 
post-surgery, revision 
knee replacement due to 
implant failure and patient 
satisfaction post-
treatment among others.
The cohesiveness of the 
clinical and administrative 
teams led to the result-
oriented ownership of the 
initiative within a hospital. 
Especially, the 
involvement of clinical 
staff in such activities 
provides a huge impetus 
to the entire objective of 
providing value-based 
healthcare for the benefit 
of the patients.
The decision regarding 
the KPIs that should be 
strategically targeted is 
usually a subject of 
deliberation among 
caregivers and clinicians, 
along with the adequate 
and accurate capture of 
data. These are 
especially susceptible to 
falling within the zone of 
apprehensions regarding 
the treating team’s clinical 
competence as well as 
the hospital’s reputation. 
In terms of patient 
outcomes, there was a 
reduction in the patient 
hospitalisation time, 
decline in readmission 
within 30 days post-
surgery, as well as 
increase in-patient 
satisfaction index. 
Brazil is moving towards a VBHC model by leveraging international experiences.
3
Risk-sharing arrangements in Denmark for knee replacement surgery provided a solid foundation for 
supplying value-based healthcare to patients
1
PwC | Quality measures and standards for transitioning to value-based healthcare in India
13
Context
Challenges
What worked well?
What was the value 
generated?
Further, the support of 
MedTech vendors, e.g. a 
leading knee implant 
manufacturing 
organisation in this case, 
participated in open 
dialogue meetings with 
the clinical and 
administrative team at the 
hospital. These led to the 
development of risk-
sharing agreements as a 
healthcare outcome-
based payment 
mechanism.
Further, the method of 
processing the data and 
setting up the baseline 
parameters in a 
centralised database, 
against which the post-
VBHC initiative 
implementation benefits 
could be understood and 
tracked seems to be a 
matter needing collective 
brainstorming.
In terms of finances and 
payment mechanism, the 
prices of knee implants 
were adjusted based on 
their actual performance 
Also, free revision 
implants were done to 
treat patients whose 
cases exceeded the 
maximum target value or 
the supplier promised a 
better revision 
percentage, leading to 
cost savings for the 
hospital. 
A leading hospital in 
Geneva aimed to evaluate 
a multifaceted behavioural 
intervention that entailed 
the monitoring of the 
number of diagnostic tests 
done and medicine 
prescriptions made for the 
patients by internal 
medicine residents. The 
purpose was to create 
cost-related awareness 
among the clinical team, 
which could reduce the 
hospital costs.
While the study helped 
create objectivity and cost 
awareness among the 
clinical team members 
who are the internal 
stakeholders, it also 
helped the hospital to 
demonstrate their 
intention towards 
adoption of VBHC to the 
insurers (payers) that the 
hospital should promote 
continuous improvement 
of outcomes by promoting 
transparency and cost 
effective care. 
In a capitation model of 
payment, where the 
hospital is paid a fixed 
amount for patient end-to-
end interaction, initiatives 
like this can help 
ascertain the areas that 
entail additional costs 
associated with care 
provision and help curb 
them, resulting in savings 
to the hospital within 
the amount.
One of the challenges 
was that the data 
extracted from the EMR 
inadequately captured the 
clinical circumstances 
that led to the ordering of 
a particular service, which 
may be essential for 
some patients.
Additionally, the team was 
unable to accurately 
retrieve blood test costs 
from the global laboratory 
expenses database and 
had to employ certain 
proxy measures to arrive 
at realistic assumptions.
This study provided a 
starting point for a further 
assessment of the 
influence of the initiative 
in changing behaviour by 
analysing the changes in 
volume and cost 
efficiency of services. On 
a larger scale, this study 
enhanced the hospital’s 
awareness regarding the 
cost of care principles, as 
well as the avenues of 
savings within the 
capitation model. 
This result could 
potentially be helpful for 
other hospitals having 
capitation model 
agreements with payers, 
to investigate the entire 
healthcare delivery chain 
and recognise such 
potential revenue 
leakage areas.
Hospital cost optimisation project in Switzerland ensures transparency between patients, providers and 
payers, as well as highlights the missed benefits for providers.
2
PwC | Quality measures and standards for transitioning to value-based healthcare in India
14
India’s healthcare system faces critical barriers from the facets of public health expenditure, fragmented insurance 
coverage and significant OOPEs. These issues culminate in deterring access to people from low-income categories to 
quality healthcare. Since the population is continuously increasing, there’s a dire need to focus on providing affordable 
and quality healthcare.
03
The need for transitioning to a VBHC model
13 https://pib.gov.in/PressReleseDetailm.aspx?PRID=2058791
14 https://pmc.ncbi.nlm.nih.gov/articles/PMC4655362/
Enhancing patient outcomes
The Indian healthcare system currently 
depends on the traditional FFS model. 
It incentivises service providers to 
focus more on the quantity than the 
quality of the services provided. Value-
based healthcare helps shift the notion 
from the quantity to the quality of the 
care provided. Here, service providers 
are incentivised to deliver healthcare 
services with a focus on beneficial 
health outcomes rather than on the 
number of billable services.
Cost-effectiveness
The public health expenditure in India has steadily increased in the recent 
years. However, it does not correlate with the health outcomes, which can 
be attributed to the conventional FFS model in use. Healthcare providers 
are paid for the number of services without accounting for the 
corresponding outcomes. VBHC optimises health expenditure by aligning 
payment milestones with patient-reported outcomes instead of the volume 
of services rendered, paving the way for optimal resource utilisation. For 
example, during in-hip replacement surgeries, by emphasising more on 
the pre-surgical health assessments like managing weight, blood pressure 
and sugar levels at optimal levels, the probability of requiring invasive 
procedures can be reduced. This continuum-of-care approach leads to 
quicker discharge, faster recoveries and minimises readmission rates and 
post-surgical complications. 
Insurance coverage
In India, poor health insurance coverage has steadily increased the financial strain on patients. In such a scenario, the 
government and private insurance schemes primarily focus on in-patient treatments, a hospital-based healthcare 
system for severe medical conditions. However, out-patient care is more vital as regular health checkups, diagnostic 
services and treatments for non-communicable diseases are often excluded from the insurance coverage. This 
disparity in provision demands patients to bear the costs of routine health care, enhancing their OOPE. Currently, 
OOPEs as a proportion of overall health expenses is 39.4%, higher than the global average.13 VBHC models 
emphasise preventive healthcare strategies. By focusing on health outcomes rather than the quantum of services, the 
VBHC model improves overall health outcomes and drastically reduces the frequency and severity of the illness. For 
example, providing coordinated care for asthma patients, which includes health education and regular monitoring, can 
result in better disease management and lower emergency admission rates. This ultimately reduces the OOPEs and 
insurance claims.14
PwC | Quality measures and standards for transitioning to value-based healthcare in India
15
15 https://pmc.ncbi.nlm.nih.gov/articles/PMC6567948/)
16 https://pmc.ncbi.nlm.nih.gov/articles/PMC9104072/pdf/jcm-11-02435.pdf
Chronic disease management
Chronic diseases are a major factor causing disability 
and premature death among the elderly population in 
India.15 Currently, India has a triple disease burden 
which includes rising NCDs, difficulty in controlling them 
and those occurring due to climate change. In 2017, 
~4.7 million deaths (49% of all-cause mortality) were 
reported due to NCDs.16 The current FFS model does 
not incentivise preventive care techniques, which are 
essential for the management of chronic diseases. 
Incorporating the VBHC model in this ensures that the 
patient’s needs and requirements, as well as the 
therapeutic goals, are covered in the treatment 
landscape. For example, applying the VBHC approach 
in diabetes management would aid in integrating an 
ecosystem of healthcare providers like 
endocrinologists, dietitians, diabetes educators and 
primary care physicians, into an overall care team. This 
team would work together in charting a comprehensive 
treatment plan tailored to individual patient’s needs 
and necessities.
Data-based decision-making
Fragmented IT integration poses significant challenges 
in the seamless transfer of patient records across 
primary, secondary, and tertiary healthcare facilities. 
Slow-paced adoption of digital technologies in rural 
areas limits the unification of electronic medical records 
for resident patients. The absence of a central data 
repository and lack of data analytics capability impedes 
the effective capturing of healthcare outcomes for the 
corresponding interventions applied. 
This paucity of integration restricts government officials 
from making policy decisions based on real-world 
evidence. VBHC helps in the development of uniform 
electronic medical records embedded with data 
analytics capabilities to enable the continuous 
monitoring of patient health outcomes, identify gaps and 
suggest improvement measures.
Achieving health equity
India strives to enhance healthcare access to people of different socio-economic strata. VBHC models play a crucial 
role in enabling healthcare access to people of the lower socio-economic strata, by phasing out incentives/payment 
models in line with health outcomes achieved for each intervention/procedure. The model also ensures that the 
population at the bottom of the economic ladder receive timely care and treatment, remarkably improving the overall 
healthcare landscape.
PwC | Quality measures and standards for transitioning to value-based healthcare in India
16
Over the past few years, a few of the industry’s leading 
stakeholders have begun to redefine their mission and 
redesign the operating model to improve healthcare 
value, emphasising patient-related health outcomes 
related to the resources required or costs. This transition 
is apparent in India’s healthcare landscape, where the 
private and government sectors are working collectively 
towards adopting a VBHC model.
The government’s efforts to promote value-based 
healthcare are further supported by initiatives such as the 
National Health Stack and the National Digital Health 
Blueprint. These strive to build a digital health ecosystem 
which facilitates the implementation of value-based care 
by generating data on the healthcare services provided 
and patient outcomes. Public awareness initiatives and 
educational training programmes are also being launched 
to enhance awareness regarding precautionary care and 
encourage patient engagement in their healthcare.
The AB PM-JAY is the one of the important 
developments of this transformation, as it aims to 
transition the country’s healthcare sector from a volume-
based to a value-based care system. This scheme is a 
part of a broader strategy to ensure improved health 
outcomes and quality-driven healthcare for the Indian 
population, particularly the economically vulnerable.
The framework of VBHC in PM-JAY is formulated to 
upgrade the quality of healthcare services by focusing on 
patient outcomes rather than the volume of services 
provided. As mentioned in the VBHC Policy Document, 
the NHA is entrusted with defining and boosting 
healthcare value, ensuring that the healthcare system 
contributes to national wellbeing by focusing on health 
gains rather than short-term outcomes. 17 This approach 
involves organising care around medical conditions, 
systematically measuring outcomes and costs, and 
incorporating healthcare delivery systems to provide 
comprehensive, patient-centric care.
04
Building a foundation for VBHC's adoption 
in India
17 https://abdm.gov.in:8081/uploads/VBHC_Policy_Document_For_Upload_a20f871a55.pdf
The need for enhancing VBHC within PM-JAY is driven 
by the challenges faced by the Indian healthcare system, 
including the triple burden of disease, high OOPEs and 
the necessity for financial protection against catastrophic 
health expenses. By concentrating on value, the PM-JAY 
aims to improve healthcare outcomes, reduce the 
associated expenditure and provide financial support to 
the population.
The timeline for the implementation of value-based care 
initiatives under PM-JAY includes several key milestones 
in the last decade.
PwC | Quality measures and standards for transitioning to value-based healthcare in India
17
18 Ibid
Figure 4: Timeline of VBHC in India
Introduction of the 
Comprehensive 
Primary Health 
Care (CPHC)
DRG Based 
Payments
Establishment 
of Quality Cells 
and checklists
Continuum of 
care approach
2017
2018
2021
2022
National Health 
Tech Stack
National Digital 
Health Blueprint
2022
2022
Value based 
incentives
HeFTA Unit
Day care/follow 
– up packages
Location 
linked HBP 
pricing
Source: https://abdm.gov.in:8081/uploads/VBHC_Policy_Document_For_Upload_a20f871a55.pdf
The introduction of the CPHC in 2018, covering both maternal and child health services as well as non-transmissible 
diseases, including free essential drugs and diagnostic services, the ABDM in 2021, the establishment of quality cells 
and checklists in 2021, day-care follow-up packages, location-linked HBPs and the proposed implementation of DRG-
based payments, a continuum-of-care approach in 2022 are a part of this timeline. These programmes aspire to create a 
comprehensive digital infrastructure, enhance quality assurance and refine provider payment systems to support value-
based care.18 Monitoring the performance of healthcare providers is a critical component of the VBHC model. The use of 
VBIs to measure this focuses on patient outcomes and satisfaction. This approach aims to incentivise providers to deliver 
high-quality care and improve outcomes.
The incorporation of VBIs into PM-JAY involves incorporating these measures into the hospital empanelment module and 
transaction management system. This integration will enable the calculation of financial incentives based on provider 
performance, encouraging healthcare providers to focus on delivering value to the patients. A public dashboard will also 
be developed to display provider performance, promoting transparency and accountability.
In addition to government initiatives, the private sector is also contributing to the adoption of value-based care in India. 
PPPs have been established to provide mobile health clinics, telehealth services and health insurance schemes, 
enhancing access to care for deprived populations and improving health outcomes. Successful case studies, like a 
private multispecialty hospital’s value-based model and a regional healthcare centre’s Chronic Care Programme, 
demonstrate the potential of value-based care in enhancing patient outcomes and reducing healthcare costs.
In conclusion, India’s journey towards embracing a VBHC model is supported by a comprehensive framework under the 
PM-JAY, emphasising the need for enhanced care quality, patient outcomes and financial protection. The integration of 
VBIs, benchmarking and public–private partnerships are crucial for this transition, guaranteeing an improved, efficient 
and patient-centred healthcare system.
20.00%
23.33%
27.50%
29.17%
Inefficient allocation of
resources
High levels of patient
dissatisfaction
Escalating healthcare costs
Poor healthcare outcomes
Figure 5: What are all challenges which a VBHC model can effectively address in the 
Indian context?
Source: PwC analysis
As per the survey, 53% of the respondents believed that the VBHC model could address problems like poor healthcare 
outcomes and high levels of patient dissatisfaction which necessitates the need for an alternate model which focuses 
more on patient centricity and care delivery outcomes. 
PwC | Quality measures and standards for transitioning to value-based healthcare in India
18
Setting quality metrics and assessment criteria in a VBHC is vital for achieving better health outcomes and ensuring 
patient satisfaction and cost efficiency. The criteria can also help providers take responsibility for their actions and make 
informed decisions since the framework:
•
provides a basis for assessing the performance of various healthcare providers and systems to make it possible to 
learn from the most successful ones
•
ensures that health care professionals make appropriate and informed decisions that empower patients and improve 
the treatment results
•
sets standards of patient care that providers must comply with to be considered excellent within the health system
•
quality metrics provide essential data to patients and healthcare payers which aids in choosing alternatives.
Quality measures can be categorised into the following categories:
05
Defining quality measures and standards 
Focus on the 
outcomes that 
patients should 
expect from their 
treatment, such as 
improved health, 
reduced symptoms 
and decreased 
re-admissions.
These measures play a critical role in ensuring that healthcare delivery enhances outcomes while maintaining cost-
effectiveness. Moreover, there are several incentive structures and outcome-based payment models linked to the 
implementation of quality measures. Financial incentives are provided to healthcare providers who meet or exceed 
specific quality benchmarks, thereby rewarding high-quality care. The alignment of incentives with quality measures 
further motivates healthcare organisations to prioritise and enhance the value of the care provided to patients.
Clinical 
measures
Cost 
measures
Process
 measures
Patient-
experience 
measures
Care 
efficiency 
measures
Estimate healthcare 
costs and explore 
ways to make it 
more affordable, 
including insurance 
options.
Cover aspects such 
as safety, 
cleanliness and 
infection control.
Consider the 
patient’s 
perspective, these 
involve data directly 
reported by patients 
about their health 
status, multichannel 
experiences and 
satisfaction with 
care (e.g. patient 
satisfaction 
surveys).
Monitor the 
utilisation of 
resources, 
minimise 
unnecessary tests 
and optimise 
care pathways.
PwC | Quality measures and standards for transitioning to value-based healthcare in India
19
Figure 6: Please rank the following quality measures in order of priority for a VBHC model in 
India, with 1 being the most important and 5 being the least important?
Source: PwC analysis
Patient Health Outcomes
Adherence to Clinical Guidelines
Patient Safety Indicators
Coverage of Patients with Insurance …
Healthcare Spending (Cost per outcome)
1
2
3
4
5
Patient health outcomes
Adherence to clinical guidelines
Patient safety indicators
Coverage of patients with 
insurance (Public/Private)
Healthcare spending (cost per outcome)
The survey highlights the need for quality measures where the primary quality measure should be linked to patient 
health outcomes, adherence to clinical guidelines while also including measures related to patient safety indicators and 
insurance coverage. 
Clinical measures
Clinical measures in value-based healthcare focus on assessing the quality, efficiency and effectiveness of patient care 
to ensure better outcomes and reduce overall healthcare costs. Different ways to track clinical outcomes comprise:
1. Patient-centred care: Providing treatment plans which suits the individual patient’s needs and considers their 
preferences and values. Some examples include incorporating shared decision-making for devising treatment plans 
and providing plans that embrace the patient’s life circumstances, such as work-related limitations.
2. Readmission rates: Focus on the reduction in readmission rates by providing coordinated care and ensuring a 
properly planned hospital discharge. The following activities can attain this outcome, which include imparting proper 
education to patients during the discharge and implementing follow-up protocols for discharge such as planning a 
home visit or phone calls.
3. Care transition: Ensure a smooth transition between the various care settings, to support the speedy recovery of 
patients. Some of the ways to ensure this include providing clear instructions to the patients about medications, 
precautions and follow-up appointments during the discharge.
4. Symptom management: Ensuring that the providers manage the physical and psychological symptoms of the 
patients to improve the quality of care. Screening the patient for mental health conditions and implementing pain 
management protocols are some of the methods through which the providers can manage such symptoms.
5. Chronic disease management: Focus on consistent monitoring and treatment for the effective management of 
chronic diseases and the prevention of complications. Some examples include regular monitoring of blood pressure 
for patients suffering from hypertension, implementation of disease management programmes, etc.
Several organisations around the world have laid down different standards to ensure that the above clinical standards 
are consistently being followed. WHO has framed guidelines related to health promotion, infection control and patient 
safety for improving the overall quality of patient care. IHI, a global non-profit organisation has put forth frameworks 
focusing on cost reduction, community health and enhancing the patient care experience. NQF, another non-profit 
organisation has laid down quality benchmarks to achieve better clinical outcomes.
By integrating these KPIs, healthcare providers can identify the gaps in care, ensuring timely interventions which prevent 
complications and improve long-term health outcomes. Preventive care KPIs can help in early detection and disease 
prevention allowing healthcare providers to allocate resources more effectively. Clinical process measures can help 
enhance healthcare coordination ensuring seamless transitions between primary, secondary and post-acute care, which 
can reduce fragmentation in the healthcare delivery. Additionally, tracking these KPIs facilitates performance-based 
reimbursement models and aligning provider incentives with patient outcomes rather than service volume.
PwC | Quality measures and standards for transitioning to value-based healthcare in India
20
Cost measures
In the evolving healthcare landscape, a persistent challenge has been increasing healthcare costs which exerts 
tremendous financial burden on patients. Cost measures in the VBHC landscape address methods to curtail exorbitant 
treatment costs and improve healthcare accessibility to people of all economic classes.
The government plays a major role in regulating these expenses. In India, under initiatives like Ayushman Bharat, the 
NHA introduced the Health Financing and Technology Assessment (HeFTA) to ensure value for money in the PM-JAY 
initiatives. The HeFTA unit will inform decision points on the inclusion or exclusion of certain procedures and treatments 
within the health packages by utilising the evidence of cost-efficient health technologies. HeFTA also provides inputs for 
baselining the prices of new technologies proposed for the health benefit package (HBP), resulting in the regulation of 
these prices and ensuring that healthcare providers are not burdened with excess expenditure.
The PM-JAY initiative also prioritises transformation from a traditional health care payment model to a new diagnosis-
related group model, where the physicians are incentivised and reimbursed based on the case severity. This approach 
disincentivises the recommendation of superficial treatment in severe cases by healthcare providers. The AB PM-JAY 
scheme will also incentivise the hospitals associated, based on the extent of the OOPE of patients, reducing the 
healthcare cost burden on the patients.19
The different cost measures being implemented in VBHC settings are:
19 https://pmc.ncbi.nlm.nih.gov/articles/PMC5116537/
Healthcare bundles: The release of healthcare 
bundles involves charging patients for a 
comprehensive treatment plan rather than for each 
service. This method usually helps curtail potential 
additional expenses due to unplanned 
complications, ensuring that the patients are not 
overcharged.
A few KPIs that help track the cost measures of a VBHC model are:
•
Cost of care: Total expenses incurred by a patient for receiving medical services.
•
OOPEs: The proportion of healthcare expenditure which is not covered by insurance and has to be paid by 
the patients.
•
Insurance claim rates: Prevalence and number of claims filed by policyholders to recover medical costs 
from insurers.
By setting the target values for these KPIs as well as monitoring the healthcare providers and insurers can corroborate 
that the financial incentives in the healthcare systems are aligned to reducing the patients’ expenditure and emphasise 
more on the value delivered.
Process measures
Process quality standards in the value-based care setup ensure that efficient, equitable and effective healthcare is 
delivered while ensuring overall outcomes. The key aspects related to process quality include ensuring overall patient 
safety; maintaining a clean and hygienic environment for promoting patient wellbeing; implementing protocols to control 
the infection; respecting the individual needs of a patient; and maintaining staff competency to name a few.
Some of the OKRs related to patient safety that can be leveraged under value-based care include a reduction in 
nosocomial infections and adverse drug events, continuous monitoring of preventable mortality, and collecting 
patient feedback related to safety. Hospitals can be incentivised to maintain these outcomes for reimbursements. 
Certain standards that can be referred to define the quality measures within the organisation include the 
NPSGs by the JCI. The standards cover aspects like improving medication safety, prevention of harm from falls and 
ensuring safe surgery, to name a few. Various strategies for monitoring patient safety include the establishment of an 
Incident Reporting System, where staff can report adverse events and near misses to ensure greater transparency. 
Tools like EHRs can also be leveraged for real-time monitoring of patient safety and flagging potential issues.
Transparent pricing: Providing transparent cost 
estimates for procedures and care episodes, through 
utilising available tools and resources.
Value-based payment: Value-based payment 
helps ensure that the payment is directly linked to 
quality and effectiveness rather than the volume of 
care. It aims to ensure that the money spent by 
the patients directly reflects the actual value of the 
care received.
Insurance coverage: Insurance plans in value-
based care focus on improving patient outcomes by 
advocating cost-effective care plans and preventive 
treatments, ultimately aiming to control the overall 
healthcare costs.
1
2
3
4
PwC | Quality measures and standards for transitioning to value-based healthcare in India
21
Hospitals and clinical staff should also ensure that cleanliness is maintained to boost the overall patient care quality. 
Regular hospital assessments include ensuring that all the surfaces are cleaned and rooms are disinfected. For the 
clinical staff, hand hygiene compliance rates must be monitored to prevent infections. Providers can be penalised if the 
standards are not being adhered to. WHO, CDC and the MoHFW have laid down healthcare cleaning and disinfection 
guidelines which can be accessed by hospitals to maintain cleanliness per requirements. Some of the ways to monitor 
cleanliness include routine environmental audits that include scheduled and random ones. Additionally, technology such 
as UV lights can also be leveraged to check the sanitation levels of various surfaces.
Hospitals should also set up quality-related standards to control nosocomial infections by maintaining proper vaccination 
rates among the clinical and administrative staff for preventing flu and other preventable infections. Quality metrics such 
as monitoring of hospital-acquired infections by the continuous observation of surgical site infections, pneumonia, urinary 
tract infections, etc should also be in place. Providers will be incentivised to maintain these standards; the more 
accurately the standards are upheld, the more they are compensated. Healthcare providers can leverage the IPC 
guidelines, set by bodies such as WHO, CDC and the National Centre for Disease Control, India to prevent the spread of 
such infections. Additionally, isolation protocols must be applied to patients suffering from infectious diseases. Various 
monitoring approaches include the establishment of a surveillance system, which can be integrated with the EHR of the 
patients providing real-time alerts to the hospital administrator. There should also be Infection Control Committees within 
the hospital, which regularly conduct periodic infection audits, review the infection data and update the protocols to meet 
the evolving needs.
The above quality metrics related to safety, cleanliness and infection control can be directly tied to reimbursement and 
financial incentives for achieving the VBHC. An outcomes-based payment model can be developed where providers are 
reimbursed if they achieve the desired cleanliness standards or improve the patient safety scores. Patient satisfaction 
surveys can also be employed which can link cleanliness and safety perceptions to reimbursements. Defining these 
quality metrics is critical for improving the overall patient outcomes and financial implications, making them essential for 
the success of VBHC in India.
Patient-experience measure
Patient-experience measures are indicators which evaluate the performance of healthcare systems from the patient’s 
perspective. These measures have become increasingly crucial as healthcare shifts towards value-based care, which 
prioritises patient outcomes and satisfaction rather than just the volume of services provided.
These measures evaluate areas such as ease of communication between healthcare providers with patients, effective 
care coordination, ease of access to services by patients and the condition of the healthcare environment. For example, 
good communication helps patients better understand their diagnoses and choose treatment options. Efficient 
coordination among healthcare providers ensures that the care provided is seamless. Access to healthcare, including 
the easy scheduling of appointments and receiving timely services, along with a clean and comfortable environment, 
significantly impacts the patient’s perception of their care. Additionally, involving patients in their healthcare decisions 
and ensuring their overall satisfaction is vital, as those who actively participate in their care tend to report higher levels 
of satisfaction.
A few KPIs which can help track this measure are:
By measuring both clinical and patient-experience metrics, healthcare providers understand the quality of care delivered, 
identifying areas where improvements can be made beyond just clinical outcomes. Integrating these KPIs into provider 
performance evaluations incentivises clinicians to prioritise patient satisfaction. Financial incentives in models such as 
pay-for-performance and shared savings programmes directly link provider reimbursement to the patient-experience 
outcomes so that providers prioritise and improve patient interactions and satisfaction. High performance on these 
measures not only ensures financial rewards but also reputation and market share as positives that lead to enhanced 
patient loyalty and better quality ratings.
Increase in-patient satisfaction levels- Surveys and 
feedback tools assess patient experiences and 
satisfaction, focusing on the healthcare providers’ care 
quality and communication skills.
NPS: Measures the likelihood of a patient recommending 
the provider to others.
PROMs: A standardised questionnaire is used, where 
patients answer questions about their symptoms, 
functional abilities and quality of life, providing a 
numerical score that reflects their subjective experience 
of their health condition.
Patient wait time: Average time a patient spends 
waiting to see a provider.
PwC | Quality measures and standards for transitioning to value-based healthcare in India
22
Figure 7: What benefits do you anticipate from the implementation of VBHC in India? 
(in percentage) 
Source: PwC analysis
The survey highlights the potential benefits of a VBHC model which 
primarily focuses on Improved patient health outcomes, reduction in overall 
healthcare costs and increased patient satisfaction.
Care efficiency measures
The cornerstone of VBHC is a measurement of ‘value’, be it qualitative or 
quantitative. Such a measurement in terms of care efficiency should include 
objective metrics that are the most reasonable indicators of care efficiency 
among healthcare providers, ultimately reflecting in the patient outcomes. 
While it is clear that there could be a multiplicity of performance indicators 
for different aspects of care efficiency, the healthcare provider could 
customise the most relevant quality indicator based on the service provided.
Some examples of the care efficiency performance indicators are:
31%
25%
27%
16%
1%
Improved patient health outcomes
Reduction in overall healthcare costs
Increased patient satisfaction
Enhanced resource management and efficiency
Other
Definition and purpose
Example
Digital integration possibilities
LOS refers to an umbrella of 
indicators measuring the time taken 
from admission to discharge, which 
is typically calculated as an average 
of all data collected over a month 
but can also be specific to the types 
of care provided e.g. ICU and non-
ICU. While LOS has both clinical 
care efficiency and cost 
implications, as VBHC capitation 
models can be linked to the total 
cost of care incurred by the hospital.
LOS can be easily extracted from 
the HIS using easily downloadable 
and customisable reports having 
admission, shifting and discharge 
dates.
For example, in the cardiac 
intervention PTCA, based on 
various studies, the usual LOS is 
one day in ICU, followed by two 
days in the non-critical ward, with 
discharge on the fourth day.
Any deviation from these targets is 
to be documented, analysed and 
discussed in relevant quality-related 
forums across the hospital. 
Deviations from these set targets 
could be exacerbated by 
comorbidities or complexities. 
However, these should be 
documented before being classified 
as outliers.
LOS
1
PwC | Quality measures and standards for transitioning to value-based healthcare in India
23
Definition and purpose
Example
Digital integration possibilities
These refer to a plethora of 
indicators that measure the cases of 
infections occurring in the patient 
attributed to the care provided e.g. 
hospital-acquired infections, SSIs, 
CAUTIs, thrombophlebitis 
(particularly those caused by 
infections), etc. These not only have 
clinical care efficiency but also cost 
implications that affect the VBHC 
capitation model income 
efficiencies.
CAUTIs can be tracked by 
adequate utilisation of relevant ICD 
codes fed into the HIS.
For example, the infection rates 
imply the potential of prolonged 
stay, diagnostic tests and 
medication load as cost factors, but 
also a return to the hospital for 
treatment of illnesses arising from 
the previous stay. A CAUTI would 
merit additional tests for the 
isolation of the causal organism, 
additional medications for 
symptomatic and targeted 
treatment, as well as 
prolonged stay.
This is a self-explanatory but 
specialised indicator which 
represents the efficiency of clinical 
practice concerning the caregivers 
themselves. The intent is to 
document, analyse, discuss and 
revamp the number of avoidable 
pathology and radiology tests 
prescribed, as well as those that 
have a direct cost implication.
Targeted prescriptions audits can 
be performed through HIS 
requests/EMR entries for particular 
ICD codes.
For example, a case study relevant 
to this aspect is presented in 
Section 2 of this report where, 
using specialised skill sets and 
technology support, the 
prescriptions handed out by junior 
healthcare providers were assessed 
to establish the merit of these 
diagnostic and therapeutic 
interventions. The results revealed 
common loopholes and 
unnecessary prescriptions, which 
have a cost implication, ultimately 
compromising revenues.
These indicators measure the 
spectrum of care provision 
inefficiencies linked to re-do 
surgeries and procedures, 
re-intubations or even readmissions 
due to variations in care delivery 
outcomes. These also have clinical 
and cost implications.
Repetition of services can be 
tracked utilising targeted reports in 
HIS/EMR using the patient IDs and 
dates of admission/surgery.
For example, as seen in the case 
study in chapter 2 of the report, An 
overview of VBHC’s adoptionin the 
case of implant-based surgeries, 
where deviations in planned 
outcomes occur primarily due to 
either structural or functional faults 
in the implant, these cases need to 
be captured and compared with 
baseline indicators of success 
which are historically assessed by 
the implant vendor. Due to 
confidence in implant performance, 
vendors have commonly entered 
into risk-sharing mechanisms with 
healthcare providers to ensure that 
the payer is not burdened with the 
expenditure of the re-done surgery.
Infection rates
2
Percentage of cases with additional irrelevant diagnostic tests
3
Repetition of service
4
PwC | Quality measures and standards for transitioning to value-based healthcare in India
24
Definition and purpose
Example
Digital integration possibilities
This self-explanatory indicator 
ascertains the rate of patients who 
died after the planned treatment 
was provided.
While this is an aspirational 
indicator when it comes to VBHC, 
the path to progress should ideally 
consider mortality as an 
encouragement for providers to 
focus and plan strategies for 
controlling mortality and thus 
improve patient care.
There can be incentives planned by 
payers for the providers who have 
reduced the mortality rates as a part 
of care provision.
Mortality can be tracked by 
employing targeted reports 
consisting of ICD codes and 
death dates.
PwC | Quality measures and standards for transitioning to value-based healthcare in India
24
Mortality rate
5
PwC | Quality measures and standards for transitioning to value-based healthcare in India
25
06
How technology can act as an enabler 
for VBHC
Technology plays a crucial role in the 
implementation of VBHC. Technology integration 
with healthcare systems has now become vital for 
the implementation of VBHC, where patient 
outcomes, satisfaction and cost efficiency take 
centre stage. Innovative tools like EMR and HIE 
have enabled care coordination by enabling 
seamless data sharing across different healthcare 
providers. AI/ML models and advanced analytics 
help predict patient risks and support prompt 
interventions, addressing complex health 
challenges. Telehealth platforms, wearables and IoT 
devices help providers monitor patients remotely, 
while cloud storage helps secure data sharing and 
storage in real time. These advancements not only 
streamline operations but also enable efficient, cost-
effective and patient-centric care, which are the core 
principles of VBHC.
VBHC can be divided into multiple stages and each 
stage requires a separate technology as an enabler. 
The diagram below illustrates the various stages, 
highlighting key processes that are critical for the 
implementation of VBHC. Additionally, it outlines 
various technology interventions used at each stage 
such as EHR, telehealth platforms, AI-driven 
analytics and compliance tools.
PwC | Quality measures and standards for transitioning to value-based healthcare in India
26
Figure 8: Tech-enablement across VBHC’s value chain
Technological interventions
Digital front door:
•
Patient portals
•
Telehealth platforms
•
Mobile health apps
•
Online appointment 
scheduling
•
Remote patient 
monitoring devices
•
Chatbots 
•
EMR workflow 
management
•
HIS for operational 
workflow management
•
HIE (Health 
Information Exchange)
•
Common 
interoperability 
standards
•
AI enabled 
summarised clinical 
notes 
•
360-degree 
assessment tools
•
Patient engagement 
platforms
•
Provider 
performance 
dashboards
•
Hospital performance 
analytics
•
EHRs
•
Patient generated 
health data 
(wearables, apps)
•
IoT-enabled 
medical devices
•
Pharmacy data
•
Claims and billing 
data
•
HIS
Workflow and technology
Data management
Provider and patient 
engagement
Performance 
management
Enhancing 
communication and 
interaction between 
healthcare providers and 
patients to ensure 
effective treatment plans 
and patient adherence
Monitoring and 
evaluation of healthcare 
delivery performance to 
improve patient 
outcomes and align with 
value-based care 
objectives
Optimisation of healthcare 
processes and workflow 
by leveraging technology 
to enhance efficiency and 
coordination among 
healthcare providers
Collections, storage 
and management of 
patient and healthcare 
data to ensure 
accuracy and 
accessibility for 
informed decision-
making
Technology
Description
1
EHRs
EHR systems act as a digital repository containing important health-related 
patient data like medical history, medications, vitals, lab results, 
immunisations, etc. 
2
HIE
HIE systems allow the secure exchange of sensitive patient information across 
healthcare providers and institutions, ensuring coordinated and patient-centric 
treatment.
3
Wearables and IoT devices
Wearables and IoT details can help patients track many vitals like health rate, 
physical activity, sleep patterns and even glucose levels. These real-time health 
data and patterns help patients take preventive measures and proper care of 
their health.
4
Patient portals 
These portals allow patients to check their health records, access medication 
prescriptions, enable them to coordinate with healthcare providers, book 
appointments and actively engage in their healthcare journey by understanding 
their test results, diagnostic reports and treatment plans.
5
Clinical decision support 
systems
CDSS systems have a vast knowledge base, which is used by the providers to 
deliver patient-specific recommendations, thereby aiding in clinical 
decision-making.
PwC | Quality measures and standards for transitioning to value-based healthcare in India
27
•
RCM 
•
Financial 
analytics software
•
Cost 
management 
tools
•
Business 
intelligence tools
•
Predictive 
analytics
•
Data visualisation 
platforms
•
Reporting 
software
•
Compliance and 
reporting tools
•
Security and 
privacy 
management 
systems
Audit and 
compliance
Analytics and 
reporting 
Actuarial and finance
Ensuring adherence 
to healthcare 
regulations, 
standards and 
policies to maintain 
quality and avoid 
penalties
Analysing healthcare 
data to assess costs, 
quality/care 
disparities, provider 
accountability and 
service utilisation for 
value-based care 
optimisation
Managing financial 
aspects of VBHC, 
including payment 
models, cost 
management, risk 
assessment and 
financial sustainability
Source: PwC analysis
Technology
Description
6
Telemedicine
Telemedicine platforms enable patients to access healthcare remotely via video 
and voice calls. Telemedicine plays a vital role in providing healthcare access 
to all, especially to people who live in remote areas where there is a lack of 
healthcare infrastructure.
7
Advanced data analytics
These tools help analyse massive amounts of healthcare data to identify 
patterns, predict outcomes and inform clinical and operational decisions.
8
Dashboards
Dashboards provide a simplified view of all the KPIs and metrics in the form of 
bar charts and graphs. With their help, providers can track different patterns 
and trends to monitor performances, ascertain outcomes and make informed 
decisions.
9
RCM systems
RCM systems improve the financial performance of healthcare organisations by 
streamlining billing, claim processing and payment workflows/processes. RCM 
manages financial interaction among key stakeholders, including healthcare 
providers, patients, payers and regulatory bodies.
PwC | Quality measures and standards for transitioning to value-based healthcare in India
28
13.59%
14.13%
14.67%
17.39%
20.11%
20.11%
0.00%
5.00%
10.00%
15.00%
20.00%
25.00%
Creation of platforms like sandboxes that allow for testing
and developing of digital health solutions in a controlled
environment
Patient records pertaining to remote healthcare services,
should be consolidated with EHR to enhance access to
continuum of care
Development of digital platforms that empower patients with
information and tools to manage their health effectively
Utilisation of data analytics to derive insights for improving
patient outcomes and operational efficiencies
Development of HIE and data integration platforms to enable
interoperability and seamless data exchange
Implementation of standardised EHRs for seamless data
sharing and care coordination
Source: PwC analysis
According to the survey, the implementation of VBHC will be a standardised EHR (HIE and data integration platforms) 
which will enable interoperability and seamless data exchange.
Figure 9: What are the necessary technological interventions required to advance 
value-based healthcare in India?
PwC | Quality measures and standards for transitioning to value-based healthcare in India
28
PwC | Quality measures and standards for transitioning to value-based healthcare in India
29
Figure 10: Suggested data architecture
Healthcare 
providers 
(hospitals, 
clinics, 
physicians)
Patients
Technology 
vendors
Research 
institutions
Payers 
(insurance 
companies, 
government 
programs)
Regulatory 
bodies
Data sources
Data 
acquisition
Data storage and transformation
Data access
Reporting 
and analytics
Digital foundation 
Outcomes and metrics: Patient satisfaction and engagement scores, health outcomes and quality of care metrics, 
cost effectiveness and efficiency metrics, access to care and equity metrics
Data quality, data governance and security
EHRs
Patient 
generated health 
data (wearables, 
apps)
IoT-enabled 
medical devices
HIS
Social 
determinants of 
health data
Clinical trial data
Claims and 
billing data
Pharmacy data
Data integration 
platforms
APIs for 
healthcare 
interoperability 
(e.g. FHIR)
Mobile and web 
applications for 
patient data 
input
Remote 
monitoring 
systems
HIEs
Access to data 
from single 
source of truth 
(enterprise data 
lake) to enable 
external and 
internal reporting 
and self-service 
analytics
(HIPPA , HL7 
guidelines to be 
followed)
Cost reporting
Utilisation 
reporting
Patient provider 
attribution data
Configurable 
dashboards 
Usage tracking 
and
operational 
reporting
Ad-hoc analytics 
Performance 
trends and 
benchmarking
Quality/care gap 
reporting
Cloud-based data 
lakes/warehouses
Data 
cleaning and 
standardisati
on tools
Data 
anonymisati
on and 
deidentify-
cation 
processes
Analytics layer
Care/quality 
gap analysis
Health data 
modeling
VBHC Stakeholders
Source: PwC analysis
PwC | Quality measures and standards for transitioning to value-based healthcare in India
30
A framework has been developed to effectively manage and utilise healthcare data, which will help optimise healthcare 
delivery and improve patient outcomes. It is based on five main pillars to ensure that the data is effectively collected, 
integrated, stored, accessed and analysed. These pillars are:
Data sources: This pillar focuses on identifying 
foundational sources of raw patient and healthcare data 
that can be applied for the calculation of different 
metrics such as patient health outcomes, healthcare 
cost, quality of care and others important for the 
successful implementation of VBHC. Various sources 
such as EHRs, patient-generated data from wearables 
and apps, IoT-enabled devices and HIS, can be 
considered for VBHC analytics and reporting purposes.
Data acquisition: During data acquisition, different 
processes and technologies are employed to collect and 
integrate data from various sources, which are identified 
in the first stage. Technologies and standards like data 
integration platforms, APIs, ETL, FHIR, and HL7 can be 
used to gather data from the identified sources into a 
cohesive and usable format. Once the data is gathered, 
it is stored in a single platform/server for further 
processing.
Data storage and transformation: All data after 
acquisition is securely stored in one place (Enterprise 
data lake, cloud storage or on-premise databases) for 
further processing. Techniques such as data 
anonymisation and deidentification are used to protect 
patient privacy, while data cleaning and standardisation 
ensure data quality. Once the data is clean and 
standardised, it goes through the analytics layer for 
health data modelling and care/quality gap analysis.
Data access: This stage ensures secure and 
standardised access to transformed data to all the 
relevant stakeholders including physicians, hospital 
administrators, insurers and policymakers. This involves 
a single source of truth, like an enterprise data lake, 
cloud storage or on-premise server, while maintaining 
compliance, security and privacy standards such as 
HIPAA and HL7.
Reporting and analytics: The final pillar focuses on 
fetching the data from a single source of truth to 
comprehensively analyse and provide reports on 
various metrics such as cost reporting, quality/care gap 
reporting, utilisation reporting and more. By leveraging 
advanced analytics, configurable dashboards can be 
created to provide real-time insights. Additionally, 
performance benchmarking can also help stakeholders 
monitor, compare and evaluate healthcare processes, 
driving improvements in care quality and efficiency.
PwC | Quality measures and standards for transitioning to value-based healthcare in India
31
07
Challenges in adopting VBHC in India
1. Low awareness regarding VBHC in India amongst policy makers and providers
While the concept of VBHC is gaining traction globally, with various examples of country-wide policy level as well as 
institution and programme-specific interventions as seen in the case studies presented, the same is not necessarily 
true in the Indian context.
Sectoral analysis and stakeholder interviews reveal that the government has only initiated strides towards the 
implementation of certain concepts of VBHC with the PM-JAY scheme and ABDM.20
The private sector, however, has seen far lower traction. The FFS model seems to be the primary healthcare cost 
reimbursement scheme along with volume-based payment in certain cases. There seems to be a negligible 
investment of thought into the quantification of the costs linked with various delivery aspects of the value chain, hence 
allowing easily concealed loopholes in care delivery practices to thrive for long periods.
38%
46%
12%
4%
VBHC is not being actively pursued in India at this time
Efforts to adopt VBHC are minimal, with little progress
beyond initial discussions
Initial steps towards VBHC adoption are being taken,
but widespread implementation is still limited
Significant strides have been made towards VBHC
adoption, with many successful pilot programs and
increasing provider engagement
Figure 11: Where do you think India currently stands in terms of adopting VBHC?
The survey highlights that there is limited awareness amongst the respondents regarding VBHC as a concept, therefore, 
minimum efforts are made towards its adoption.
Source: PwC analysis
20 https://esanjeevani.mohfw.gov.in/assets/guidelines/ehr_guidlines.pdf
PwC | Quality measures and standards for transitioning to value-based healthcare in India
32
2. Varying degrees of maturity HIS and EMR systems among Indian providers 
One of the key challenges in India’s current private healthcare system is the varying degree of maturity in hospital 
HIS and EMR. The HIS an EMR systems of seasoned private hospitals are much more capable in the collection, 
classification, storage and retrieval of complex data. One of the reasons for this could be the keenness of these 
hospitals to ensure tech-supported quality healthcare, driven by specially appointed individuals who have a diverse 
analytical skill set to analyse data and visualise its benefits. The HIS/EMR procurement teams of smaller and 
standalone hospitals often cannot assess and quantify future benefits objectively, hence stunting or even jeopardising 
the spectrum of the HIS/EMR outputs of any hospital.
Additionally, the constant challenge of the perceived initial cost of a capable IT system is still prevalent. This 
perception is fuelled by a low view of the uses of the processable outcome-related information to the organisation, a 
rather suppressed intellectual block of purchasing solely based on a low initial cost as compared to its lifetime 
benefits, also known as L1 procurement. There seems to be a lack of comprehensiveness in the cost–benefit analysis 
hence causing a chasm between the existing practice and hospitals of the future.
The NABH Digital Health standards would also be an effective tool for ensuring the maturity of the HIS/EMR of the 
healthcare providers, as they are an eye opener to the myriad benefits that a capable HIS/EMR can provide.
3. Lack of reliable local baseline quality indicator data for policy makers and providers
There are various examples across the globe where countries are making conscious efforts to conduct research into 
capturing the performance data of the processes and products used, to establish a baseline. The baseline data 
encompasses relevant aspects of the current healthcare delivery value chain and is prepared with the key intention of 
benchmarking outcomes of all process and product improvements. Countries with national insurance schemes, have 
the data available on national platforms accessible to all enrolled providers. Instances of MedTech vendors 
preserving and providing data on the performance of their products are also available, thus assisting healthcare 
providers to quantitatively assess the performance of these products against the baseline data. This quantitative and 
objective analysis can ultimately translate into informed decisions in terms of investment in quality of care, as well as 
robust risk-sharing mechanisms with vendors who partner in care provision.
However, in this regard, the Indian scenario lacks the availability of a national quality indicator baseline database. 
There might be certain research papers published by a few organisations that are invested and interested; however, 
these are only available for specific new interventions and are in smaller cohorts in certain pockets of the country. It is 
a constant debate whether these research papers can be used to represent the whole of the Indian diaspora, thus 
only partially mitigating the conundrum.
4. Resistance from providers for capturing and publishing sensitive quality outcomes data 
Due to the lack of available regional outcomes data, there is an underlying resistance among care givers as well as 
healthcare provider institutions to publish the quality-of-outcomes data accessible to other organisations. It could be 
due to an apprehension that this may affect the reputation of the institution, as well as the caregivers who work there. 
This perceived violation of privacy has been a consistent topic of debate as well as one of the major impeding factors 
towards VBHC implementation in the country. Healthcare providers generally advertise aspects of their services, 
including niche treatment modalities, infrastructural capabilities and the number of surgeries done across specialties. 
In contrast, there is far less display of success rates and outcomes data on the surgeries done.
Another relevant factor is the vast gap in the doctor–patient ratio, which further translates to on-ground perceptions of 
a lack of time available for capturing and publishing quality data. A majority of the caregivers and providers seem to 
perceive a choice between care provision and capture of quality outcomes which is not necessarily the actual option. 
There appear to be only a few caregivers who have a progressive, team practice mindset, where technology as well 
as human resources can be optimally utilised for consistent capture of outcomes. Next comes the progressive 
milestone where we believe that there should be an initiation of a framework for the assessment and publishing of 
data with reasonable confidentiality, which should in-turn translate into the VBHC concept of incentivisation of 
healthcare providers who have achieved quality outcomes.
5. Nascency of a defined framework for assessing and incentivising quality for payers and 
policy makers
The current framework for assessing and incentivising quality consists mainly of the fact that the healthcare provider 
has a NABH accreditation, including quality standards for hospitals and healthcare providers. Payers across the 
country have a certain percentage of incentivised reimbursement mechanisms for providers who have accreditation. 
The IRDAI has also mandated that hospitals offering cashless services have to meet at least the pre-accreditation 
entry-level standards laid down by the NABH.
Owing to this accreditation, the healthcare provider would have to capture a stipulated number of KPIs, which would 
encompass various areas across the hospital. However, the need of the hour is that such quality consciousness must 
progress towards capturing the quality-of-outcomes data, which would be a more objective way to measure quality. It 
seems like the foundations have been laid to progress towards capturing outcomes data.
The policy makers need to collaborate and brainstorm to define a comprehensive framework for assessing the quality 
of outcomes and link them to incentives given by payers.
PwC | Quality measures and standards for transitioning to value-based healthcare in India
33
08
The road ahead 
21 https://www.niti.gov.in/sites/default/files/2023-02/InvestmentOpportunities_HealthcareSector.pdf
22 https://pmc.ncbi.nlm.nih.gov/articles/PMC10890901/
India’s healthcare landscape is changing its approach and adopting VBHC which prioritises health outcomes and 
delivers quality, cost-effective healthcare. Since the healthcare sector is adapting to this tectonic shift, there is a pressing 
need to address the diasporic healthcare access in rural areas and extending the concentrated healthcare infrastructure 
in metropolitan cities to tier 2/3 cities and rural areas. Leveraging digital health technologies, public–private partnerships 
and health regulatory frameworks are pivotal in ensuring a smooth transition to VBHC. Following a roadmap outlines 
strategic initiatives to enhance quality healthcare access across the country.
Healthcare providers can capitalise on the growing momentum in VBHC by accelerating the adoption of 
new payment models like bundled payments, capitation models, shared risk models, etc. instead of 
lingering on conventional FFS models. Additionally, adopting newer VBHC models pushes providers with a 
legacy system to invest in modern technologies and solutions further accelerating this transition from the 
FFS model. However, complex payment models should enable risk sharing, transparency and 
accountability between providers and payers for sustainable adoption.
Willingness to adopt new payment models
According to the NITI Aayog, 60% of the country’s health infrastructure is pocketed in metropolitan cities, 
leaving rural areas untouched and fragmented. Public–private models can be a potential alternative in 
enabling private players in tier 2 and 3 cities to access healthcare services that help serve the unmet needs 
of underserved populations.21
CSR budgets can be actively channelled to boost healthcare infrastructure investments. This can include 
procuring new medical equipment, modernising existing healthcare facilities or introducing healthcare 
solutions. The collaborative PPP approach helps in the advanced integration of healthcare technologies in 
the rural regions, which are diasporic and disparate between public and private hospitals. This integration of 
technologies enables the collection, storage and analysis of patient data seamlessly empowering providers 
to deliver a more patient-centric care environment.22
Encouraging public–private partnership models
PwC | Quality measures and standards for transitioning to value-based healthcare in India
34
India’s digital healthcare market is projected to have a CAGR of 23.8% in the next five years where key 
areas like telemedicine, AI and EHRs gain importance in ensuring transition to VBHC.
During the COVID-19 pandemic, telemedicine was a common mode of healthcare delivery for primary care 
irrespective of geographical distribution. It encouraged patients and doctors to coordinate throughout the 
episode of care, which facilitated effective interventions, consequently reducing emergency room visits. 
 EHRs continuously document the patient’s touch points with healthcare and administrative professionals 
throughout their treatment journey. Healthcare providers can leverage EHRs in identifying data patterns for 
characterising the health status, which helps them make informed decisions on optimising better outcomes 
at lower costs.
AI-enabled diagnostics can undoubtedly accelerate the adoption of VBHC in India. Advanced AI algorithms 
in the market have the inherent capability to assess extensive real-time datasets in forecasting disease 
outbreaks, rate of patient health deterioration, hospital readmission frequencies, etc. For this, a healthtech 
organisation collaborated with a leading healthcare provider in anticipating acute kidney injury. Such 
collaboration not only resulted in good prediction models but also excelled in recommending personalised 
treatment plans based on individual health indicators.
Accelerating digital health adoption
In India, the legal and regulatory landscape is gradually aligning with adopting VBHC through health 
outcome-focused payment models. Particularly, government bodies and healthcare organisations 
continuously strive towards benchmarking various VBHC models available across the globe and 
implementing the same. The introduction of new government policies, programmes and incentives related 
to healthcare are already signalling the healthcare providers and payers to capitalise on the opportunities to 
adopt VBHC models. As per the current scenario, the Indian government supports VBHC models through 
programmes like Ayushman Bharat and PM-Jay targeting the bottom 40% of the population in terms of 
socio-economic status.23
Legal and regulatory landscape
India can provide further impetus to the healthcare 
system by adopting health data frameworks 
aligning with best practices. For example, 
adopting frameworks like SNOMED CT and ICD 
provides guidelines for health data formatting, 
formal terminologies and coding system 
standards, which are now free for use in the 
country.24 Nevertheless, it is necessary to 
designate an unbiased formal agency to validate 
the interoperability of available healthcare 
products and solutions as well as their data 
integrity. For example, despite several IT solutions 
asserting their compliance with HL7 standards, 
they failed in interoperability post-implementation. 
Hence, the government must make major efforts 
to standardise health data, nominating dedicated 
agencies to ensure robust interoperability. This set 
of agencies, regulations and implementing role-
based access control systems provide a sense of 
confidence to the various healthcare providers 
that recorded/shared data between entities by 
remaining unaltered and uncompromised.
Policy development focusing on interoperability and data integrity
23 https://abdm.gov.in:8081/uploads/VBHC_Policy_Document_For_Upload_a20f871a55.pdf
24 https://pmc.ncbi.nlm.nih.gov/articles/PMC5116537/
PwC | Quality measures and standards for transitioning to value-based healthcare in India
35
According to the survey, the most critical factor for a 
successful and smooth transition to VBHC in India is 
developing robust policies and regulations (23.39%), 
followed by providing adequate funding and creating 
financial incentives for providers (21.05%), developing 
and integrating advanced technology data 
platforms(20.47%), implementing comprehensive 
training programmes (18.71%) and increasing efforts to 
inform and engage patients about their healthcare 
choices (15.20%).
Increasing public investments in 
healthcare technologies
Limited ICT infrastructure has always been a primary 
challenge to India’s public hospitals and dispensaries, 
which is even more intense in remote areas. Only 
established institutions like AIIMS and PGIMER have 
better access and connectivity. However, many 
healthcare facilities with a higher footfall still lack basic 
connectivity and resources. The situation underscores 
the need for substantial investments in the latest health-
related hardware and software technologies. Due to the 
large population of the country, adopting a free and 
open-source software strategy could help organisations 
in the implementation of quality technologies at 
hospitals, clinics and individual practitioners. Many 
nations have established communication networks 
which connect healthcare facilities to enable safe and 
trustworthy exchange of health-associated information. 
Building on current frameworks is necessary for which 
the government should fuel funding for the creation of 
such add-on networks.25
1.17%
15.20%
18.71%
20.47%
21.05%
23.39%
0.00%
5.00%
10.00%
15.00%
20.00%
25.00%
Other
Increasing efforts to inform and engage patients about their
healthcare choices and the benefits of value-based care
Implementing comprehensive training programmes for
healthcare providers to adapt to new care delivery models
Developing and integrating advanced technology and data
platforms to support data sharing, outcome measurement,
and informed decision-making
Providing adequate funding and creating financial incentives
for providers to adopt and sustain value-based care models
Developing robust policies and regulations that support the
transition to VBHC
Figure 12: What do you think are the critical success factors for a smooth transition to VBHC 
in India?
Source: PwC Survey 2025
25 https://esanjeevani.mohfw.gov.in/assets/guidelines/ehr_guidlines.pdf
PwC | Quality measures and standards for transitioning to value-based healthcare in India
36
09
Conclusion 
In a highly competitive market where healthcare expenditures continue to grow, payers and healthcare providers need to 
balance affordable pricing and high-quality care. Payers can leverage partnerships with providers to improve the 
coordination of care, reduce costs and enhance outcomes for both healthcare providers and patients. Developing 
databases which can share information seamlessly and securely across the healthcare sector’s network is the need of 
the hour to establish a VBHC model and provide value-based healthcare for the country. 
PwC India’s extensive experience in designing data-driven VBHC solutions that reduce medical expenditures and 
improve the quality of care could help navigate the challenges of adopting VBHC for both the providers as well as 
the payers. 
Capability analysis
VBHC operating 
model design
VBHC Transition 
Framework
Performance analysis
Technology 
enablement
Change 
management
Figure 13: How PwC can help in transition to VBHC model
Source: PwC analysis
PwC | Quality measures and standards for transitioning to value-based healthcare in India
37
10
Glossary
S no.
Abbreviation
Full form
1
AB PM-JAY 
Ayushman Bharat Pradhan Mantri Jan Arogya Yojana
2
ACA 
Accountable Care Act
3
ACO 
Accountable Care Organization
4
ABDM 
Ayushman Bharat Digital Mission
5
AI 
Artificial intelligence
6
CAUTI 
Catheter-associated urinary tract infections
7
CAGR 
Compound annual growth rate
8
CDSS 
Clinical decision support systems
9
CHIP 
Children's Health Insurance Programme
10
CSR 
Corporate social responsibility
11
DRG 
Diagnosis-related group
12
EHR 
Electronic health records
13
EMR 
Electronic medical records
14
FFS 
Fee-for-service
15
HeFTA 
Health financing and technology assessment
16
HBP 
Health benefit package
PwC | Quality measures and standards for transitioning to value-based healthcare in India
38
S no.
Abbreviation
Full form
17
HIE 
Health information exchange
18
HIS 
Hospital information system
19
HL7 
Health Level Seven International
20
ICD 
International classification of diseases
21
IHI 
Institute for Healthcare Improvement
22
IPC 
Infection prevention and control
23
IoT 
Internet of things
24
JCI 
Joint Commission International
25
KPI 
Key performance indicator
26
LOS 
Length of stay
27
MACRA 
Medicare Access and CHIP Reauthorization Act
28
ML
Machine learning 
29
MoHFW
Ministry of Health and Family Welfare
30
NABH 
National Accreditation Board for Hospitals and Healthcare Providers
31
NCD 
Non-communicable diseases
32
NITI Aayog 
National Institution for Transforming India Aayog
33
NPS 
Net promoter score
34
NQF 
National Quality Forum
35
PCMH 
Patient-centred medical home
36
PLI
Production Linked Incentive
37
PMPM 
Per member per month
38
PPP 
Public-private partnership
39
PROMs 
Patient reported outcome measures
40
PTCA 
Percutaneous Transluminal Coronary Angioplasty
PwC | Quality measures and standards for transitioning to value-based healthcare in India
39
S no.
Abbreviation
Full form
41
QOF 
Quality outcomes framework
42
QPP 
Quality payment programme
43
RCM 
Revenue cycle management
44
SNOMED CT 
Systematised nomenclature of medicine clinical terms
45
SSI 
Surgical site infection
46
VBHC 
Value-based healthcare
47
WHO 
World Health Organization
PwC | Quality measures and standards for transitioning to value-based healthcare in India
39
About PwC
At PwC, our purpose is to build trust in society and solve important problems. We’re a network of firms in 151 countries 
with over 360,000 people who are committed to delivering quality in assurance, advisory and tax services. Find out more 
and tell us what matters to you by visiting us at www.pwc.com.
PwC refers to the PwC network and/or one or more of its member firms, each of which is a separate legal entity. 
Please see www.pwc.com/structure for further details.
© 2025 PwC. All rights reserved.
Contact us
Abhishek Singh Tejpal, Varun Karwa, Subhodeep Ganguly, Samuel Sunderarajan, Akshay Ramani, Rashika Nandwani, 
Pavlin Kaur Johar, Deepak Singh, Shivaharshan Saravanan, Chaturya Chinta
 
 
 
 
Authors
Rubina Malhotra
Editor
Kanagavathi Murugaiah
Design
Rajiv Sabharwal
HealthTech Leader
PwC India
rajiv.r.sabharwal@pwc.com
Sayantan Chatterjee
Executive Director Digital Strategy
PwC India
sayantan.chatterjee@pwc.com
Dr Preet Matani
Executive Director, Healthcare Industry
PwC India
preet.matani@pwc.com
Dr Rana Mehta
Healthcare Leader
PwC India 
rana.mehta@pwc.com
Data Classification: DC0 (Public)
In this document, PwC refers to PricewaterhouseCoopers Private Limited (a limited liability company in India having Corporate 
Identity Number or CIN : U74140WB1983PTC036093), which is a member firm of PricewaterhouseCoopers International Limited 
(PwCIL), each member firm of which is a separate legal entity.
This document does not constitute professional advice. The information in this document has been obtained or derived from sources 
believed by PricewaterhouseCoopers Private Limited (PwCPL) to be reliable but PwCPL does not represent that this information is 
accurate or complete. Any opinions or estimates contained in this document represent the judgment of PwCPL at this time and are 
subject to change without notice. Readers of this publication are advised to seek their own professional advice before taking any 
course of action or decision, for which they are entirely responsible, based on the contents of this publication. PwCPL neither 
accepts or assumes any responsibility or liability to any reader of this publication in respect of the information contained within it or 
for any decisions readers may take or decide not to or fail to take.
© 2025 PricewaterhouseCoopers Private Limited. All rights reserved.
KA/March 2025-M&C 44272",2025-03-07,PWC
The mutual funds route to Viksit Bharat @2047,https://www.pwc.in/ghost-templates/the-mutual-funds-route-to-viksit-bharat-2047.html,"The mutual funds route 
to Viksit Bharat @2047
Table of contents
i)	
Foreword	
4–5
ii)	 Executive summary	
6–8
iii)	 Preface	
9
iv)	 The journey so far
A.	
Laying the foundation (1964–2014) 	
10–13
B.	
Gaining momentum and democratisation (2015–2024) 	
13–18
v)	 The road ahead: Financial freedom – 	
19–42 
	
from financial inclusion to financial wellbeing
Foreword 
India stands on the cusp of a transformative era, with 2047 marking a momentous milestone – the centenary of our 
independence. As we navigate towards this historic moment, we have a unique opportunity to lay the cornerstone of 
a nation defined by financial empowerment, inclusive growth and economic resilience.
The mutual fund industry in India is poised to play a crucial role in this journey. Over the years, the industry has seen 
remarkable progress in AUM and SIP contributions. However, this progress only scratches the surface of the true 
potential. Less than 5% of India’s 1.4 billion population actively participates in mutual funds – a stark contrast with 
mature markets such as the United States, where mutual fund penetration exceeds 50%.1 Bridging this gap presents 
both a challenge and an extraordinary opportunity.
By 2047, we envision an India where mutual funds are a tool for wealth creation as well as a foundation of financial 
security for every household. Achieving this requires prioritising trust-building, technological integration, process 
simplification and, most importantly, financial literacy. Empowering the next generation of investors with the 
knowledge and confidence to participate in capital markets will be crucial to unlocking the industry’s vast potential.
Our roadmap for the future must focus on innovation, accessibility and inclusivity. India’s socioeconomic diversity 
demands tailored approaches to engaging communities where financial decision making typically is localised and 
collective. We must go beyond offering various investment products and ensure that these products remain simple, 
transparent and accessible to investors from all walks of life.
The democratisation of financial wellbeing is within our grasp. However, this requires a concerted effort from all 
stakeholders – asset managers, advisors, distributors, investors, policymakers, service providers and the media. 
Together, we must foster an ecosystem that transcends the barriers of geography, income and financial literacy, 
ensuring that investing becomes a seamless and integral dimension of every Indian’s financial planning journey. All 
Indians should feel empowered to take control of their financial future, from young students to retirees.
I am delighted to introduce this vision document, which presents a comprehensive roadmap for the evolution of 
the mutual fund industry – from expanding financial inclusion to achieving genuine investor empowerment. The 
document underscores the critical need to prioritise investor education, balance innovation and risk management, 
and foster a culture of trust. It challenges us to make investing accessible, intuitive and empowering for all.
While there are valuable lessons to learn from the evolution of the mutual fund industry in mature markets such 
as the United States, India must forge its own path that aligns with its unique social, economic and demographic 
realities. We aim to ensure that the mutual fund industry promotes financial inclusion and catalyses sustainable 
economic growth.
I thank the team at PwC for their insightful contributions to shaping this document. I also wish to acknowledge the 
instrumental role of SEBI in fostering the industry’s growth and ensuring its alignment with the best interests of 
investors. Together, let us commit to building a mutual fund industry that drives India towards a future of financial 
prosperity and inclusion.
Navneet Munot
Chairman, AMFI
1	 https://www.aninews.in/news/business/only-3-indias-population-invests-in-mutual-funds-indicates-underpenetration-motilal-
oswal20241210152216/
4 | PwC | The mutual funds route to Viksit Bharat @2047
Foreword 
The mutual fund industry has seen remarkable growth in terms of both assets under management (AUM) and 
number of unique customers over the last five years. The industry AUM has grown by ~175%, from INR 24.78 trillion 
in April 2019 to INR 68 trillion in January 2025. The number of unique customers increased from 1.93 crore to over 
5.33 crore during the same period. The systematic investment plan (SIP) contribution has grown nearly sixfold, from 
INR 8,055 crore in March 2019 to INR 26,400 crore in January 2025.2
Despite this progress, the industry remains in its early stages of development. As India continues its ascent to 
become the world’s third-largest economy by 2030, mutual fund participation remains restricted to a small fraction 
of the population. This represents a significant challenge as well as an extraordinary opportunity for growth and 
inclusion. 
As we move towards the vision of Viksit Bharat by 2047, our mission is to foster financial wellbeing by building a 
financially empowered India where mutual funds are a cornerstone of every household’s financial future. To achieve 
this, we seek to increase retail mutual fund penetration from ~3.6% in 2025 to approximately 15% by 2047. While 
India’s saving rate is among the highest globally, a substantial portion of these savings remains invested in low-
return instruments, creating unbalanced portfolios. Empowering India’s citizens requires that we redirect more of 
this capital into productive assets such as equities and mutual funds, which have proven their ability to create long-
term wealth. This transformation, however, requires a paradigm shift in mindset – from traditional, passive saving 
habits to active, disciplined and future-focused investing. This shift must be tailored to address the diverse financial 
behaviours and needs of India’s vast and diverse investor base. 
Achieving this vision requires a multipronged, investor-centric approach. We must simplify and broaden access to 
mutual funds, leverage innovation and communicate in ways that resonate with the diverse financial perspectives 
across the country. At the same time, we must cultivate a robust investment culture while harnessing new-age 
technologies to make investing seamless and accessible for millions, both in urban and rural areas. 
This document is a call to action to all stakeholders – policymakers, asset managers, distributors and individuals. 
It emphasises the need for collective efforts to boost investor confidence, simplify the investment process and 
foster a culture of long-term wealth creation. More than a mere roadmap, this vision document represents a shared 
commitment to drive systemic change, paving the way for a society where financial security and autonomy are 
within every citizen’s reach. 
I thank the team at PwC and all the contributors for their dedication and efforts in bringing this document to life. Let 
us embark together on this transformative journey towards a financially inclusive and empowered India.
V N Chalasani
Chief Executive, AMFI
2.	 AMFI data
The mutual funds route to Viksit Bharat @2047 | PwC | 5
Executive summary
6 | PwC | The mutual funds route to Viksit Bharat @2047
3	 https://www.amfiindia.com/Themes/Theme1/downloads/AMFI_Phase1_05042021.pdf
4	 AMFI data
Six decades into India’s mutual fund journey, the industry stands on the cusp of an extraordinary 
transformation. Its evolution from a single product, single-player model in the 1960s to today’s dynamic 
ecosystem – comprising 40+ asset management companies, over 1,500 schemes, more than 2 lakh active 
distributors and over 22.9 crore investor accounts (as of January 2025) – reflects not just growth but a 
fundamental reimagining of India’s financial landscape.3
Today, India’s mutual fund industry epitomises the intersection of technological sophistication and financial 
democratisation. Our streamlined KYC operations, competitive cost structures and transparent asset 
disclosure practices set global benchmarks. We pioneered digital-first solutions while retaining the flexibility 
to serve investors across the socioeconomic spectrum through small-ticket investment options. These 
accomplishments, however, signify not an endpoint but a foundation for an even more ambitious future.
As we chart our course towards Viksit Bharat 2047, we recognise a fundamental truth: The success of 
the industry is inextricably linked to the holistic financial empowerment of every Indian citizen. Financial 
wellbeing represents far more than wealth accumulation or sophisticated investment portfolios; it is a 
transformative condition where individuals possess the means and the confidence to navigate their financial 
present and future. It manifests in the ability to meet daily obligations without strain, build resilience against 
life’s uncertainties, pursue aspirations without compromise and craft legacies for future generations. 
Financial sovereignty – where money enables rather than constrains – is essential to realising the vision of a 
developed India.
This Amrit Kaal marks a defining moment for India’s mutual fund industry. It envisions a dramatic expansion 
on the basis of our estimates, with over 26 crore investors served by around 2047 and AUM scaling to 
approximately USD 33 trillion. More significantly, this growth will catapult India’s mutual fund assets from a 
current GDP ratio of 19% to over 110%, positioning India alongside global investment powerhouses. These 
numbers, while impressive, underscore a deeper imperative. As India advances towards becoming a USD 
30 trillion economy, the mutual fund industry must continue evolving from being a beneficiary of growth to 
becoming its catalyst.
The past decade’s achievements underscore this potential. Monthly SIP inflows have surged from INR 
3,000 crore to INR 19,000 crore, further crossing the INR 26,000 crore mark in January 2025. Further, 
B30 cities have demonstrated unprecedented momentum, with their AUM contributions rising from 9% 
to approximately 19% – a remarkable growth rate of ~9.5x in absolute terms. Digital transformation has 
revolutionised access, with 60% of transactions forming ~21% of the transaction value now occurring 
digitally, compared to 45% of transactions forming 1% of the transaction value in FY2013.4
However, unlocking our industry’s full potential requires a fundamental shift in approach. By drawing on 
insights from transformative successes across sectors – from telecommunications to healthcare – we 
realise that sustainable change requires more than product innovation. It entails deep cultural resonance, 
community engagement and solutions that complement rather than replace existing financial wisdom.
To engineer this transformation, we propose a comprehensive framework built on four interconnected 
pillars:
Strategic orchestration
•	
Enhanced coordination among industry stakeholders through the Association of Mutual Funds in 
India’s (AMFI) governance mechanism
•	
Development of regional strategies that respect cultural nuances while driving financial inclusion
•	
Creation of robust research mechanisms to understand and address behavioural patterns
Infrastructure evolution
•	
Transformation of registrars and transfer agents (RTAs) into intelligent platforms for handling 
unprecedented scale
•	
Implementation of vernacular solutions and intuitive investor journeys
•	
Development of cloud-enabled capabilities ensuring real-time, secure operations
Regulatory partnership
•	
Collaborative frameworks balancing innovation with the necessary guardrails
•	
Development of new product categories that meet emerging demographic needs enhanced disclosure 
mechanisms that promote transparency while enabling growth
The mutual funds route to Viksit Bharat @2047 | PwC | 7
Cultural integration
•	
Region-specific communication strategies that leverage local leadership networks
•	
Products that align with community financial practices and aspirations
•	
Technology integration with traditional distribution networks
This vision demands transforming the investor journey by adopting an investor-centric approach with 
focused attention on the following:
1.	 Simplified accessibility for all 
•	
Intuitive multilingual platforms with vernacular support
•	
AI-powered personalised and assisted investment journeys
•	
Voice-assisted navigation and bite-sized education
•	
Collaborative features enabling guided decision making
2.	 Relevant product innovation and communication
•	
Lifecycle solutions reflecting Indian family structures
•	
Technology-enabled investment products
•	
Strategic offerings bridging current market gaps
•	
Cultural alignment in communication strategies
3.	 Inclusive solutions
•	
Accessible platforms for specially abled individuals
•	
Flexible investment options for gig economy and blue-collar workers
•	
Visual and audio-based systems for limited literacy
•	
Community-based comprehensive investor education programmes
4.	 Behavioural transformation 
•	
Deep understanding of regional investment psychology
•	
Trust-building through community engagement
•	
Early-stage financial literacy integration 
5.	 Ensuring last-mile connectivity
•	
Hyperlocal guidance through trusted community networks
•	
Integration with the existing retail infrastructure
•	
Ongoing leveraging of technology to bridge the accessibility gap
The moment before us is unprecedented. Just as the liberalisation of the 1990s laid the groundwork for 
today’s achievements, our decisions today will shape India’s financial landscape for generations. The 
mutual fund industry is uniquely positioned to drive this transformation – not merely as an investment 
vehicle, but as a catalyst for national development.
As we progress towards Viksit Bharat @2047, success will be measured in assets managed or accounts 
opened as well as lives transformed. The path ahead demands unprecedented collaboration, unwavering 
commitment to innovation and a deep understanding of Indian investors’ needs and aspirations, where 
mutual funds serve as the cornerstone of India’s financial wellbeing.
The industry’s opportunity and responsibility are evident. Through collective action and a shared vision, the 
industry ecosystem can ensure that financial wellbeing is not just an aspiration but also a reality for every 
Indian citizen.
8 | PwC | The mutual funds route to Viksit Bharat @2047
Preface
The journey towards financial wellbeing is a personal and collective endeavour 
that transcends metrics and figures, touching the essence of human dignity and 
autonomy. This document is crafted in the spirit of this journey, aiming to evaluate 
and redefine what financial success means for millions of individuals across India. 
As we stand at the crossroads of technological advancement and economic 
transformation, the question before us is: Are we simply including or genuinely 
empowering?
Drawing inspiration from various global models while remaining deeply rooted in 
India’s unique socioeconomic fabric, this work explores the potential and necessity 
of evolving from financial inclusion to financial wellbeing. It examines the pillars of 
financial security, resilience and freedom, presenting a vision of financial systems as 
engines of growth for every individual. As we navigate this course, we will highlight 
the steps necessary to guarantee that financial wellbeing becomes a reality for all, 
not just a privileged few.
Sidharth Diwan
Partner – Business Transformation, Financial Services
PwC India
The mutual funds route to Viksit Bharat @2047 | PwC | 9
The journey so far
10 | PwC | The mutual funds route to Viksit Bharat @2047
A. Phase 1: Laying the foundation (1964–2014)
The evolution of India’s mutual fund industry reflects a long journey of expanding investment choices, deeply 
intertwined with the nation’s economic transformation. In 1964, India’s economy was predominantly agrarian, with 
agriculture contributing 45%–50% of GDP and employing nearly 70% of the workforce.5 Bank deposits dominated 
the rudimentary financial sector for retail investors.
The critical challenge was economic. Persistent inflation of 6%–8% annually6 eroded the value of savings, with 
bank fixed deposits averaging only 4%–6%.7 This wealth erosion created an urgent need for alternative investment 
options. The first mutual fund product, introduced in 1963 with support from the government and regulators, 
emerged as an innovative solution to mobilise household savings and facilitate wealth creation through capital 
markets.
Phase 1A: The paradox of choice (1964–1987)
The mutual fund industry initially faced the paradox of limited choice. Beginning with a single product, US-64 
was constrained by conservative investor expectations and a narrow urban demographic. However, economic 
reforms in the 1990s gradually transformed the landscape. Private sector innovation introduced specialised 
schemes and systematic investment plans (SIPs), democratising market access.
By the mid-2010s, mutual funds had evolved from a singular, government-backed option into a vibrant ecosystem 
characterised by flexibility, transparency and investor empowerment. This evolution highlights the critical role 
of choice – not just as a market strategy, but as a fundamental mechanism for fostering a more inclusive and 
dynamic investment landscape.
The journey from a single, balanced approach to a diverse array of investment products illustrates a broader 
narrative of financial maturation. What started as a limited, government-guided investment option has evolved into 
a sophisticated market that enables investors to align their investments with personal financial goals and risk 
tolerances.
Phase 1B: Expanded choice of players and products (1987–1995)
Macroeconomic and market conditions: The need for diversified choices and regulatory oversight
The early 1990s marked a transformative period for India’s financial landscape, with profound economic challenges 
demanding innovative investment solutions. By 1990, India’s fiscal deficit had surged to approximately 8.3% of 
GDP8 – significantly higher than global counterparts like the United States and the United Kingdom – creating an 
urgent need for capital generation from within the economy.
5	 https://www.niti.gov.in/sites/default/files/2021-08/11_Rural_Economy_Discussion_Paper_0.pdf
6	 https://data.worldbank.org/indicator/FP.CPI.TOTL.ZG?locations=IN
7	 https://www.bis.org/review/r080218c.pdf
8	 https://www.indiabudget.gov.in/budget_archive/es199091/1%20The%20Economic%20Situation%20in%201990-91.pdf
1963
Introduction of 
maiden MF
INR 5,000 
crore AUM 
(Assets under 
management)
1987
SEBI getting 
statutory 
powers 
Entry of private 
sector asset 
management 
companies 
Expense ratio 
caps, abolition 
of entry loads
INR 10 lakh 
crore AUM 
India’s 
economic 
liberalisation
1991
•	 Establishment 
of AMFI
•	 INR 47,000 
crore AUM
1995
35% of the 
MF AUM with 
private players
2000
1992
Introduction of 
simplified KYC 
norms 
2011
2015
2005
2008
INR 68 lakh 
crore by 
November 2024
2024
Figure 1: An overview of the key milestones of the mutual fund industry (1963-2024)
The mutual funds route to Viksit Bharat @2047 | PwC | 11
The severe economic strain, compounded by inflation reaching 13.1% in 19919 and a critical balance of payments 
crisis, compelled India to implement comprehensive economic reforms. These challenges positioned the mutual fund 
industry as a vital mechanism for mobilising retail savings and channelling household investments into the formal 
financial sector.
The government responded strategically by encouraging public sector entities to enter the mutual fund market. 
Reaching beyond urban elites, access was provided to semiurban and rural investors, leveraging its extensive 8,000+ 
branch network.10 
Alongside market expansion, the regulatory framework evolved significantly, starting with the current regulator 
receiving its statutory powers in 1992 – a critical development to enforce transparency, protect investor interests 
and establish fair trading practices. Establishing the Association of Mutual Funds in India (AMFI) in 1995 further 
solidified the industry’s commitment to self-regulation and ethical standards.
The results were remarkable. AUM surged from INR 6,700 crore in 198711 to INR 47,000 crore by 199512 while the 
investor base expanded from 1.5 million to 6 million accounts. Approximately 50 new schemes were introduced, 
encompassing debt, balanced and cautiously structured equity-linked investments.
Nevertheless, significant challenges remained. By 1995, only 25–30% of urban households possessed basic 
mutual fund literacy, limiting deeper market penetration. Long-term industry growth would fundamentally depend on 
comprehensive investor education and demystifying these financial instruments.
This period represented far more than market expansion  – it was a time of fundamentally reimagining India’s 
investment ecosystem, laying the groundwork for a more sophisticated, inclusive and democratised financial 
sector.
Phase 1C: Expanding product choices: Diverse schemes, increased demand and the 
advent of private sector innovation (1995–2014)
The entry of private sector asset management companies (AMCs) around the year 2000 revolutionised the industry. 
By 2005, private AMCs held 35% of AUM,13 introducing specialised schemes like sector-sp ecific funds, equity-
linked savings schemes (ELSS) and fixed maturity plans (FMPs). Introduced in the late 1990s, SIPs encouraged 
disciplined investments, while exchange-traded funds (ETFs) and fund of funds (FoFs) offered retail investors 
low-cost, diversified options. By 2013, these innovations made mutual funds more accessible to cost-conscious 
investors.
Regulatory advancements strengthened investor protection and transparency. Key measures included standardised 
disclosure norms, expense ratio caps and the abolition of entry loads in 2008, which reduced costs for retail 
investors. Investor education initiatives, such as the Market Awareness Campaign (2003), boosted financial literacy, 
with awareness in urban areas rising from 20% in 2005 to 50% by 2014.14 The simplified know your customer (KYC) 
procedures introduced in 2011 further streamlined onboarding, increasing the value of mutual fund accounts to 3.5 
crore by 2014.15 
These developments drove exceptional growth in investor participation and industry AUM, which surged from INR 
47,000 crore in 199516 to INR 10 lakh crore by 2014.17 Retail investors – contributing 50% of total AUM by 201418– 
embraced mutual funds as a mainstream choice, aided by SIPs and an expanding distribution network of 75,00019 
including RIAs and IFAs.
9	 https://www.indiabudget.gov.in/budget_archive/es1992-93/4%20Prices%20and%20Distribution.pdf
10	https://epwrf.in/includefiles/c10641.htm#:~:text=In%201975%2C%20the%20Government%20established,by%20the%20end%20of%201969
11	https://www.amfiindia.com/investor-corner/knowledge-center/history-of-MF-india.html
12	https://www.amfiindia.com/investor-corner/knowledge-center/history-of-MF-india.html
13	https://www.sebi.gov.in/sebi_data/commondocs/sumrep_p.pdf
14	https://dea.gov.in/sites/default/files/ATRMay2003.pdf
15	https://www.businesstoday.in/mutual-funds/story/mutual-fund-investor-accounts-rise-on-equity-folios-sebi-139216-2014-12-08
16	https://www.amfiindia.com/investor-corner/knowledge-center/history-of-MF-india.html
17	https://www.amfiindia.com/investor-corner/knowledge-center/history-of-MF-india.html
18	AMFI data
19	AMFI data
12 | PwC | The mutual funds route to Viksit Bharat @2047
20	https://www.amfiindia.com/investor-corner/knowledge-center/history-of-MF-india.html
21	AMFI data
22	PwC analysis
23	https://www.amfiindia.com/investor-corner/knowledge-center/history-of-MF-india.html
24	AMFI data
B. Phase-2: Gaining momentum and democratisation (2015–2024)
By 2014, mutual fund industry AUM had surged from ~INR 47,000 crore to ~INR 10 lakh crore.20 In contrast, SIP 
AUM accounted for a small fraction, i.e. INR 1,000 crore in monthly inflows,21 owing to the limited adoption by the 
more prominent retail investor class stemming from low financial awareness, product understanding and investor 
psyche. The years 2015–2024 have been a defining period for the Indian mutual fund industry, characterised by 
significant democratisation of investment avenues, unparalleled growth, and a significant broadening of investor 
participation. As the industry evolves, it plays an essential role in supporting the vision of Viksit Bharat 2047 – a 
developed India characterised by inclusive and sustainable growth.
After 2014, India’s mutual fund AUM grew exponentially, more than doubling of the global mutual fund AUM 
market share from 0.3% to 0.8% by 2023,22 expanding from INR 10.8 lakh crore in 201523 to over INR 68 lakh 
crore by November 2024 (INR 53.40 lakh crore by March 2024) 24– a nearly sixfold increase. This exponential 
growth was fuelled primarily by retail participation, buoyant equity markets and structural shifts in the country’s 
mutual fund and capital market ecosystems, largely mainly by structural changes in the domestic mutual fund and 
capital markets ecosystem. 
Product innovation, regulatory reforms, technological advancements and a strong focus on investor education, 
key drivers of this transformation, have all been instrumental in overcoming the industry’s existing challenges and 
positioning it on an unprecedented growth trajectory.
Figure 2: India’s rise as a global mutual fund powerhouse between 2015–2024 - growth rate (%)
13%
14%
15%
14%
22%
6%
7%
20%
24%
20%
11%
11%
11%
8%
9%
12%
4%
7%
11%
9%
8%
9%
19%
5%
Brazil
China
Germany
India
5 years 
10 years 
15 years 
Japan
South 
Africa
United 
Kingdom
United 
States
Source: AMFI; IIFA
Conclusion
The evolution of choice in India’s mutual fund industry is a testament to how increasing competition, 
innovation and regulation have shaped a strong, investor-focused market. The rise in investor literacy, 
bolstered by a dynamic regulatory framework and innovative product offerings, has democratised access 
to financial markets, providing new investors the tools and knowledge to engage in wealth creation and 
economic growth. This journey of choice – from a single product market to a diversified ecosystem – 
underscores the mutual fund industry’s resilience and adaptability in meeting the constantly evolving needs 
of India’s growing investor base.
The mutual funds route to Viksit Bharat @2047 | PwC | 13
Casual investor
•	
Market uncertainty and trust 
deficit
•	
Low returns vs alternatives
•	
Competition from stable 
alternatives
Informed investors
•	
Limited reach of distributors
•	
Metro-centric distribution
•	
Confidence gap in DIY investing
Uninformed investors
•	
Low financial literacy
•	
Preference for traditional 
investments
•	
Complexity of MF products
The following sections will dive into the critical challenges  that existed and the strategic responses being adopted by 
the industry ecosystem. 
A. Existing challenges tackled in this decade 
Retail investors seeking to build wealth through mutual funds have faced systemic challenges over the past decade. 
We have identified the key issues impacting the industry according to investment personas. The three investor 
personas were as follows: 
1.	 Casual investors (investors who are aware but are hesitant to invest considering market risks and affordability of 
investments)
2.	 Informed investors (investors who are willing to invest but lack a confidant)
3.	 Uninformed investors (those who lack financial education) 
Figure 3: Key challenges that hindered mutual fund adoption in India
1.	 The casual investors’ conundrum: Balancing market uncertainty and affordability with the lure of stable 
alternatives 
Mutual funds primarily deterred casual retail investors due to the limited trust stemming from several 
market corrections and the inherent volatility of equity markets, leading to uncertain market returns. 
Net returns on mutual funds were further impacted by elevated total expense ratios (TERs) stemming from 
exit loads, management fees and commissions. Thus, volatile capital markets and high investment costs 
tempered casual investor sentiments during this period. 
The availability of more dependable options, like the public provident fund (PPF), also reduced the lure 
of mutual funds. The PPF stood out for its sovereign guarantee with returns higher than fixed deposits, 
offering a secure foundation that was highly attractive to risk-averse investors. Thus, the PPF’s positioning as a 
compelling choice often drew investors away from the more dynamic landscape of mutual funds.
2.	 Distribution deficits: The accessibility gap for India’s ‘informed’ investors
Despite increasing awareness, India’s mutual fund industry around 2013–2014 grappled with severe 
distribution constraints compared to the expansive reach enjoyed by the insurance sector. While insurance 
relied on an extensive pan-India network of over two million agents,25 mutual funds had only approximately 
80,000–100,000 AMFI-registered distributors,26 concentrated mainly in metropolitan areas. This disparity of 
reach left retail investors who were aware yet cautious, particularly those with smaller investable surpluses, 
without accessible advisory support to understand the benefits of investing in mutual funds. These investors 
lacked the confidence to independently invest in equity-linked instruments owing to market volatility and 
inaccessibility of advice.
25	https://irdai.gov.in/document-detail?documentId=377530
26	AMFI data
14 | PwC | The mutual funds route to Viksit Bharat @2047
3.	 Persistent lack of investor awareness
One of the most significant challenges to fully democratising mutual funds has been the lack of investor 
awareness, particularly outside urban centres. 
Low financial literacy in Tier-2 and Tier-3 cities and a preference for traditional, more straightforward and 
perceived-safer options, such as fixed deposits, PPFs, and gold, hindered broader adoption. Complexities 
around fund categories, risk-return dynamics and new product types further confused uninformed investors, 
resulting in lower conversion rates and product uptake.
These challenges underscore the complex relationships between structural barriers and behavioural factors. 
Addressing these issues required the concerted efforts of the regulator, asset management companies, 
distributors and FinTech platforms. At the same time, the industry leveraged product innovations, education 
campaigns and digital platforms to reduce the gap between potential and actual investor participation.
In the next section, we explore how various interventions – product, technological, regulatory and association-
driven – helped mitigate these challenges and propel mutual fund growth in India.
B. Strategic interventions to sustain the scaling momentum
The mutual fund industry’s rapid growth in India from 2015 to 2024 is attributed to targeted products, technology-
driven, along with association and regulatory, interventions that addressed challenges with respect to returns 
stability, cost efficiency, accessibility and awareness, broadening and diversifying the investor base.
Figure 4: Growth in share of mutual funds in financial assets of Indian households (in %)
2013
2023
Deposits
PF/Pension
Insurance funds
Currency
Mutual funds
6.1
0.8
8.0
10.5
18.1
16.9
22.4
14.7
57.0
37.2
Source: RBI
1.	 Empowering casual investors: The focused push to navigate market volatility and high costs
•	
Emergence of SIPs to address market volatility and instil investment discipline
The significant uptake of SIPs as a structured investment approach has been a hallmark of this period. 
This uptake was propelled by several factors, including the emergence of digital platforms, the ease of 
KYC and seamless onboarding, focused campaigns and awareness efforts and positioning SIPs as 
an accessible low-ticket-size tool to generate wealth and achieve one’s financial goals. By reinforcing the 
principle of cost averaging, SIPs offered casual investors a disciplined, risk-averse method to accumulate 
mutual fund units across volatile market cycles. AMCs further capitalised on this approach through tactical 
initiatives like value SIPs, power SIPs, top-up SIPs and prepaid SIPs. They also leveraged massive 
awareness campaigns along with the rise of digital platforms.
•	
Direct plans and passive funds: 
At the same time, direct plans and passive funds rose to prominence, catering to investors seeking cost-
efficient and diversified portfolio exposure. Direct funds eliminated intermediary costs, while passive 
funds provided investors with a low-cost, index-based entry into capital markets
Additionally, given that the alpha generation is known to be elusive in the long run, the lower cost of entry 
and exit associated with passive investment options has made them increasingly attractive investment 
The mutual funds route to Viksit Bharat @2047 | PwC | 15
options. The expansion of direct plans’ AUM share from 31% to 46% and passive plans from a mere 
1.58% to a 17.5% market share in this period underscored the acceptance of these instruments.27 
•	
Rise of registered investment advisors (RIAs):
Introduced in 2013, the RIA framework institutionalised fiduciary standards, gradually leading to circa 1000 
RIAs,28 underscoring the demand for personalised financial planning services. RIAs prioritise client goals 
over product sales, fostering trust and long-term engagement and providing guidance with the investor’s 
best interest in mind. Thus, RIAs empower and enable casual investors to make more informed financial 
decisions, fostering greater financial resilience.
2.	 Technological interventions: Enabling seamless accessibility and scalability
Technology has become a transformative force in the mutual fund industry, facilitating seamless access, 
improving operational efficiency and improving the investor experience. These advancements have 
leveraged digital platforms, process automation and tech-driven distribution models, making mutual funds 
more accessible to an increasingly aware investor base, particularly in Tier-2 and Tier-3 cities where financial 
knowledge is growing but traditional investment channels remain limited.
•	
Digital-first platforms: Empowering investors 
The advent of digital-first platforms has redefined how investors access mutual funds. These platforms 
draw in tech-savvy individuals while extending their reach to previously underserved segments in Tier-2 
and Tier-3 cities. These platforms simplify investment journeys with features such as goal-based investing, 
real-time portfolio tracking and personalised recommendations, empowering investors to make 
informed and independent decisions.
These platforms have technologies such as e-KYC, Aadhaar-enabled onboarding and unified payments 
interface (UPI)-based payments, eliminating traditional barriers through digital distribution and making 
investments seamless and accessible. The streamlined execution and intuitive user interfaces have 
created a more inclusive and investor-friendly ecosystem.
•	
The role of RTAs: Enabling scalability with precision
RTAs are the operational backbone of the mutual fund industry. RTAs leverage automation, enabling 
AMCs to scale operations efficiently while ensuring error-free processing and reliable services. This has 
significantly reduced operational costs and enhanced efficiency for AMCs, allowing them to cater to the 
market’s growing demands. 
RTAs also provide centralised digital platforms, offering investors real-time access to portfolios, 
transaction histories and account details, enhancing transparency and convenience. Additionally, RTAs 
empower FinTech platforms through API integration, seamlessly delivering mutual fund services to a 
younger, tech-savvy demographic. Riding the wave of financial inclusion, ushered in by the Jan Dhan, 
Adhaar, Mobile (JAM) trinity coupled with robust compliance frameworks and data integrity protocols, 
RTAs have also ensured faster, paperless and more secure investor onboarding while adhering to regulatory 
standards, enhancing investor ease, confidence and trust across the ecosystem.
3.	 Association interventions: Advancing investor awareness, financial literacy and investor confidence 
Driven by AMFI in collaboration with AMCs, investor education and awareness have been central to the success 
of mutual fund democratisation. The industry’s growth required ensuring that retail investors understood 
the benefits and risks of mutual funds while addressing misconceptions. In FY24, AMCs conducted 14,505 
programmes for 10,96,192 participants nationwide, while AMFI ran an additional 290 Investor Awareness 
Programmes (IAPs) for 56,528 participants.29 
•	
‘Mutual Funds Sahi Hai’ campaign (2017): 
This groundbreaking campaign transformed public perceptions by simplifying mutual fund investing and 
promoting disciplined SIP-based investments. By 2024, it reached over 350 million Indians, resulting 
in a 30% increase in inflows within five years and significantly boosting retail participation, especially 
in equity funds. The campaign’s success spurred the launch of a follow-up, ‘Mutual Funds Mein Fixed-
Income Wali Baat’, which educates investors on debt funds as a safer, reliable hedge against volatility than 
traditional assets such as FDs.
•	
‘MFD Shuru Karein’ campaign (2022): 
This campaign intended to expand the network of mutual fund distributors (MFDs) by targeting graduates, 
27	 AMFI data
28	 https://cafemutual.com/news/industry/28940-even-after-10-years-india-has-just-1300-investment-advisors
29	 AMFI
16 | PwC | The mutual funds route to Viksit Bharat @2047
retirees and small business owners, showcasing the earning potential of a career in distribution. TV, print 
and digital ads significantly increased the distributor count, from 1.4 lakh in FY21 to over 2 lakh in FY24. 
This initiative has strengthened the distribution system by bridging the gap between investor demand and 
distributor availability, fostering investor education and ensuring the industry’s inclusive growth.
•	
Bharat Nivesh Yatra (2024): 
AMFI’s latest effort to enhance awareness, this initiative deploys four branded buses travelling to 170 cities 
over 75 days, covering financial topics such as goal setting, SIPs and the investment process. Targeting 
underserved and rural areas, this programme exemplifies AMFI’s commitment to expanding investor 
education nationwide.
4.	 Regulatory interventions: Advancing cost efficiency, transparency and investor protection
2017
2018
2023
2024
Reclassification of mutual 
fund schemes: Streamlined 
over 2,000 overlapping 
schemes into 36 well-de-
fined categories, improving 
product clarity and portfo-
lio alignment.
Capping of total expense 
ratio (TER): A tiered cap 
on TER reduced invest-
ing costs, benefiting retail 
investors by enhancing 
wealth accumulation.
Enhanced environmental, 
social and governance 
(ESG) disclosures: Strin-
gent ESG norms mandated 
clear integration of ESG 
factors, promoting sus-
tainable and responsible 
investing.
Hybrid fund regulations: 
New rules strengthened 
risk disclosures and 
enforced asset allocation 
norms, ensuring alignment 
with advertised strategies.
The rapid growth and democratisation of the Indian mutual fund industry from 2015 to 2024 were undergirded by 
regulatory interventions. These reforms, along with various disclosure mandates around NAV, AUM bifurcation, 
portfolios, significant unit holdings, commissions, etc., prioritised investor protection, transparency and a more 
structured mutual fund ecosystem, addressing areas such as product categorisation, cost reduction and focused 
incentivisation.
•	
Reclassification of mutual fund schemes (2017): Streamlined over 2,000 overlapping schemes into 36 well-
defined categories, improving product clarity and portfolio alignment.
•	
Capping of TER (2018): A tiered cap on TER reduced investment costs, benefitting retail investors by 
improving wealth accumulation.
•	
Enhanced ESG disclosures (2023): Stringent ESG norms mandated the clear integration of ESG factors, 
fostering sustainable and responsible investing.
•	
Hybrid fund regulations (2024): New rules strengthened risk disclosures and enforced asset allocation 
norms, ensuring alignment with advertised strategies.
•	
Incentivisation for B30 markets: The 30 bps TER incentive (2009) drove rural penetration, expanding mutual 
fund accessibility beyond metropolitan centres.
Figure 5: Regulatory milestones - Strengthening investor protection and market transparency in mutual 
funds
The mutual funds route to Viksit Bharat @2047 | PwC | 17
Conclusion
In summary, the 5x increase in the mutual fund industry measured by AUM over the last decade or so 
is attributed to the concerted efforts of all stakeholders of the ecosystem. AMCs developed innovative 
products and made them attractive for average investors (SIPs, FoFs, ETFs, etc.); technological 
interventions such as digital-first platforms by new-age players and digital tools and infrastructure were 
established by RTAs to streamline onboarding, settlement, record-keeping and servicing; campaigns were 
created to drive customer awareness and distribution reach by AMFI (MF Sahi Hai, MFD Shuru Karein); 
and regulatory interventions were imposed around product simplicity, affordability, democratisation and 
sustainability (36 categories, hybrid asset class, TER capping, ESG disclosures, etc.)
These interventions created a conducive environment not only for existing stakeholders but also ushered 
in new entrants, reshaping the ecosystem’s supply side. The deployment of quantitative models by niche-
focused FinTechs and AMCs catered to an evolving set of expectations from new-age and first-time 
investors. At the same time, traditional AMCs also charted impressive growth, supported by expanding 
margins on the back of economies of scale. 
18 | PwC | The mutual funds route to Viksit Bharat @2047
The road ahead
The mutual funds route to Viksit Bharat @2047 | PwC | 19
Phase 3: Financial freedom: From financial inclusion to financial wellbeing (2025–47)
Over the past few decades, financial inclusion has profoundly altered India’s economic landscape, bringing millions 
of individuals from the margins into the formal financial ecosystem. Initiatives such as Jan Dhan Yojana (over 80% 
penetration),30 the proliferation of microcredit through SHGs (over 16 crore families)31 and the expansion of digital 
payments (70% UPI transactions)32 have provided households with the tools of financial empowerment. Although 
the door to inclusion has been opened wide, a more fundamental question arises: Are Indians indeed flourishing 
financially?
For many, inclusion has signified little more than an entry point – a foothold in a system that remains daunting, 
fragmented and complex. The journey from inclusion to empowerment is incomplete, often leaving individuals 
vulnerable to financial instability. As the industry charts the course to Viksit Bharat 2047, the challenge lies in 
broadening access and fostering financial wellbeing – i.e. a state of security, resilience and freedom that transforms 
financial systems from enablers into engines of growth.
Section 1: What is financial wellbeing, and why is there a pressing need to address it?
Figure 6: The four pillars of financial wellbeing: A data-driven perspective
1: Control over day-to-day and 
month-to-month finances
•	
57% of Indians are increasingly 
worried about inflation. 
•	
34% struggle to manage routine 
expenses. 
•	
Household savings rate has 
declined from 23.6% of GDP in 
FY12 to nearly 18% in FY23.
•	
Over the past decade, per 
capita net national income (NNI) 
grew at 9% CAGR, but private 
consumption grew at 10% CAGR, 
reflecting rising financial strain.
2
4
3
1
2: Resilience against financial 
shocks
•	
Out-of-pocket healthcare 
expenses account for 50% of 
India’s total health expenditure  
(vs 17% global average).
•	
About 40 crore Indians remain 
uninsured, increasing financial 
vulnerability.
•	
Rural households face risks 
like agricultural losses, while 
urban households deal with job 
instability, making emergency 
preparedness critical.
Financial wellbeing transcends metrics. It is not defined by bank balance or the possession of particular financial 
instruments. Instead, it is a profoundly personal and dynamic state in which money ceases to be a source of stress, 
becoming instead a foundation of opportunity. It is about providing the confidence needed to navigate present 
needs, withstand future uncertainties and pursue long-term ambitions without compromise.
30	https://www.ndtv.com/india-news/10-years-of-jan-dhan-yojana-a-transformative-success-in-financial-inclusion-6434871#:~:text=The%20
Pradhan%20Mantri%20Jan%20Dhan,the%20ambit%20of%20financial%20inclusion
31	https://www.nabard.org/auth/writereaddata/tender/status-of-microfinance-in-india-2022-23.pdf
32	https://financialservices.gov.in/beta/en/page/growth-various-modes-digital-payment#:~:text=UPI%20has%20been%20the%20
major,month%20for%20the%20first%20time
4: A roadmap to achieve financial 
goals
•	
88% of Indians foresee financial 
instability over the next five years.
•	
80% lack clarity on retirement 
planning.
•	
Even among affluent households, 
40% lack sufficient emergency 
funds. About 27% face gaps in tax 
planning.
3: Autonomy to make choices
•	
75% of Indian retail spending is on 
essentials (groceries, utilities, etc.), 
leaving only 25% for discretionary 
expenses.
•	
In comparison, 60-70% of 
household spending in the US and 
China is allocated to discretionary 
categories.
•	
The income divide shapes 
financial flexibility – i.e. lower-
income groups focus on 
necessities, while affluent 
consumers drive demand for 
premium products.
20 | PwC | The mutual funds route to Viksit Bharat @2047
At its core, financial wellbeing is the transition from financial anxiety to financial independence, underpinned by four 
broad pillars of the architecture of a secure and fulfilling financial life:
1. Mastery over day-to-day and month-to-month finances
Imagine being able to meet every monthly obligation – groceries, school fees or utility bills – without the fear of 
running out of money before the next paycheck. This control is transformative for countless households, marking 
the difference between restless nights and lasting peace of mind. It is the foundation of stability, achieved through 
disciplined financial management where spending and earnings align, and the threat of perpetual debt is banished. 
About 57% of Indians are increasingly worried about inflation, while 34% struggle to manage routine 
expenses. This concern is underscored by the country’s declining household savings rate, which fell from 23.6% of 
GDP in FY12 to just around 18% in FY23.
Adding to this challenge is the growing imbalance between income and expenditure. Over the past decade, while 
per capita net national income (NNI) grew at a 9% CAGR,33 private final consumption expenditure (PFCE) expanded 
at a faster 10% CAGR,34 reflecting the persistent pressure of rising consumption. For many households, pursuing 
aspirations is at the expense of financial stability, eroding their ability to save or invest for the future.
2. Resilience against financial shocks
The unpredictability of life is a universal truth. A sudden medical emergency, an unforeseen job loss or an 
unexpected home repair can ruin even the most diligent of financial planning. Financial wellbeing demands more 
than survival; it calls for resilience. This requires creating a financial buffer – a contingency fund that absorbs the 
brunt of life’s shocks. More than a safety net, this buffer is an anchor of emotional strength, empowering individuals 
to face adversity with courage and confidence.
The lack of preparedness among Indian households is particularly stark, with a significant proportion of the 
population paying for healthcare out-of-pocket, accounting for 50% of India’s total health expenditure in 2021, 
compared to the global average of 17%.35 
While health costs are a visible trigger, they are part of a broader pattern of financial instability. The lack of robust 
emergency funds exposes households to various shocks, from agricultural losses in rural India to job insecurity 
in urban centres. Despite incremental progress in insurance penetration and saving awareness, 40 crore Indians 
remain uninsured,36 risking financial ruin when emergencies strike. 
3. Autonomy to make choices
True financial freedom is rooted in choice – the ability to direct resources towards necessity and aspiration. It is the 
liberty to say ‘yes’ to a family vacation, invest in a child’s education or seize an unexpected opportunity without 
financial constraints. This freedom embodies dignity, autonomy and the capacity to live on one’s own terms, where 
decisions are guided by aspiration rather than limitation.
For many Indian households, spending on necessities dominates their financial landscape. With 75% of retail 
spending allocated to groceries and other essentials, discretionary spending amounts to only 25%, curtailing 
opportunities for quality-of-life upgrades.37 
By comparison, the US and China allocate 60–70% of household spending to discretionary categories,38 
reflecting the transformative power of financial flexibility. In India, this divide is most visible across income groups: 
While lower-income households spend almost entirely on essentials, affluent consumers drive the demand for 
premium products and lifestyle improvements. For a large segment of the population, freedom of choice is an 
unfulfilled aspiration, tethered to the constraints of necessity.
4. A roadmap to reach financial goals
Financial wellbeing is as much about the future as about the present. From owning a home to planning for 
retirement, everyone envisions milestones that shape their financial aspirations. However, these dreams are rarely 
achieved by chance. Reaching financial goals requires a journey of deliberate action, disciplined planning and an 
unwavering commitment to purpose. It is the satisfaction of watching ambitions transform into reality, one thoughtful 
step at a time.
33	https://www.data.gov.in/keywords/NNI
34	https://www.data.gov.in/keywords/PFCE
35	https://pib.gov.in/PressNoteDetails.aspx?NoteId=153237&ModuleId=3&reg=3&lang=1
36	https://www.indiatoday.in/diu/story/40-crore-indians-are-a-medical-emergency-away-from-financial-ruin-2568229-2024-07- 7#:~:text=An%20
emergency%20out%2Dof%2Dpocket,any%20financial%20protection%20for%20health
37	https://www.dataforindia.com/consumption-expenditure/
38	https://www.ers.usda.gov/data-products/charts-of-note/chart-detail?chartId=107494
The mutual funds route to Viksit Bharat @2047 | PwC | 21
According to surveys, the future for many Indians is fraught with uncertainty, with 88% of respondents anticipating 
financial instability over the next five years39 and 80% lacking clarity on retirement planning.40 This ambiguity 
extends even to affluent households, where 40% lack sufficient emergency funds41 and 27% face gaps in tax 
planning.42 
A call to action 
The above-mentioned data clarifies that achieving financial wellbeing is not a luxury – it is a fundamental need. 
Rising costs, fragile safety nets, constrained choices and unplanned futures underscore the urgency of equipping 
households with tools and strategies to navigate an increasingly complex financial world. 
The new frontier
As India marches through the ‘Amrit Kaal’, the vision of financial wellbeing is both a national imperative and personal 
transformation for millions. It shifts the narrative from participating in financial systems to thriving in them. 
In other words, ‘Financial inclusion was the beginning; financial wellbeing is the destination’. However, this 
destination demands a closer examination of the challenges that hinder financial wellbeing for households across the 
socio-economic strata. From rising living costs to unplanned futures, the need for a comprehensive framework that 
addresses these gaps has never been more pressing.
Financial wellbeing is not one-size-fits-all
While these challenges affect individuals across socioeconomic strata, the meaning of financial wellbeing varies 
widely depending on particular contexts. For an affluent urban professional, this might mean diversifying investments 
and planning for retirement. For a farmer in rural India, it could be about ensuring stability through emergency funds 
and affordable credit. These disparities highlight that financial wellbeing is deeply personal, shaped by affluence, 
lifestyle, geography, preferences and aspirations.
India’s socioeconomic diversity contrasts sharply with the homogeneity of most developed economies, where 
financial systems cater to relatively uniform needs. Thus, directly replicating the strategies of developed markets in 
India will likely fail to address the country’s layered complexities.
For financial wellbeing to be meaningful in this context, India requires its own approach that recognises these 
nuances and tailors solutions to its unique demographic and cultural fabric.
Section 2: Mutual funds – the ‘fit for purpose’ instrument
India’s financial landscape is marked by a growing urgency to transition from inclusion to wellbeing – a shift that 
recognises its society’s diverse financial realities. As aspirations grow and vulnerabilities multiply, the need for a 
scalable, adaptable and empowering financial tool has never been greater.
Similar to the transformative success of UPI – which democratised digital transactions by combining accessibility, 
versatility and trust – mutual funds are potentially a cornerstone of financial wellbeing in India. UPI’s evolution from 
a niche innovation to a ubiquitous enabler of payments provides a blueprint for mutual funds – simplify, personalise 
and deliver value at scale.
The core attributes of mutual funds – access, usage and quality – establish a foundation for bridging the gap 
between financial inclusion and financial empowerment. These attributes position mutual funds as a transformative 
instrument for reshaping the wealth-building opportunities for a broad and diverse investor base.
Access: Bringing wealth creation within reach
Mutual funds have redefined how Indians engage with financial markets by offering unparalleled accessibility.  
End-to-end digital platforms (EOPs) and do-it-yourself (DIY) models have transformed investing into a seamless 
process, enabling individuals to make decisions from the convenience of their smartphones. Online platforms 
facilitating seamless investments, AMC websites, mobile apps and bank channels ensure that mutual funds are 
accessible across many touchpoints.
39	https://www.livemint.com/economy/inflation-rising-prices-household-expenditure-fmcg-fmcg-spend-rural-urban-divide-
inequality-11718944442708.html
40	https://www.livemint.com/economy/inflation-rising-prices-household-expenditure-fmcg-fmcg-spend-rural-urban-divide-
inequality-11718944442708.html
41	https://www.indiatoday.in/diu/story/40-crore-indians-are-a-medical-emergency-away-from-financial-ruin-2568229-2024-07-17
42	https://www.livemint.com/economy/inflation-rising-prices-household-expenditure-fmcg-fmcg-spend-rural-urban-divide-
inequality-11718944442708.html
In the subsequent sections, we explore how mutual funds can play a transformative role in addressing these 
gaps and elevating financial wellbeing across the nation, while navigating the challenges of India’s layered 
diversity.
22 | PwC | The mutual funds route to Viksit Bharat @2047
This accessibility extends beyond technology. Mutual funds are distributed through diverse channels, including 
distributors, RIAs and exchanges, making them available to millions. This multichannel approach ensures that 
mutual funds are not merely a tool for the affluent but that they also hold the promise of reaching the farthest corners 
of India’s socioeconomic spectrum.
The success of mutual funds in democratising access reflects the same principles that drove the wide adoption 
of UPIs. Both instruments have proven their ability to integrate seamlessly into the lives of individuals across 
geographies and socioeconomic contexts, bringing sophisticated systems to the masses.
Usage: A pathway to building wealth 
The promise of mutual funds lies in their ability to deliver inflation-beating returns while catering to a broad 
spectrum of financial goals. Over the past decade, benchmarks like the Nifty 50 have consistently delivered 11–12% 
CAGR (2013–23),43 significantly outpacing Consumer Price Index (CPI) inflation, which has averaged 5–6%.44 For 
investors, this means that mutual funds both preserve and increase wealth, making them a vital tool for achieving 
long-term financial security.
Mutual fund affordability further strengthens this proposition. With SIPs starting as low as INR 100 and INR 
500, mutual funds allow first-time investors to participate in financial markets without the burden of large initial 
commitments. For cost-conscious participants, direct plans eliminate intermediary fees, offering a streamlined, low-
cost option for wealth accumulation.
Moreover, mutual fund versatility ensures that they align with diverse financial goals. With 1,500+ schemes across 
36 categories,45 investors can develop portfolios tailored to their risk tolerance, time horizons and specific 
objectives – whether it’s saving for education, purchasing a home or building a retirement corpus.
This ability to cater to varied needs is akin to UPI’s adaptability, allowing both microtransactions for individuals and 
large-scale transactions for businesses. 
Quality: Trust built through resilience and transparency
Mutual funds have shown remarkable resilience across economic cycles, offering stability and reliability even in 
turbulent times. Despite challenges such as the 2008 financial crisis, demonetisation, debt defaults by large 
financial institutions and the COVID-19 pandemic, the underlying markets have consistently reclaimed their 
previous highs, confirming mutual funds’ reputation as a long-term wealth-building instrument.
Transparency is another cornerstone of the appeal of mutual funds. Governed by stringent regulations, they ensure 
robust investor protection through mandatory disclosures, risk assessments and operational oversight. Unlike 
unregulated or poorly monitored instruments, mutual funds are a beacon of trust, minimising fraud risks and fostering 
confidence.
This focus on resilience and transparency mirrors the success of UPI, which gained trust through its secure, 
government-backed infrastructure and user-centric security measures. 
The road ahead: Expanding the reach of mutual funds
Despite this excellent value proposition as a financial instrument, mutual funds’ current reach is limited to 5.33 crore 
investors (as of January 2025)46 vs. over 25 crore online shoppers,47 2.8 crore of foreign travellers,48 leaving a 
vast majority of India’s population untapped. Transcending a product-centric approach and adopting an investor-
centric journey aligns with the diverse financial aspirations and barriers unique to India’s socioeconomic fabric. Such 
a paradigm shift may help tap into this potential.
A product-centric approach has traditionally shaped the mutual fund industry, focusing on developing various 
schemes and investment strategies. Communication under this model tends to comprise multiple technical terms. 
While this approach has driven growth, improving personalisation would better address individual investors’ unique 
challenges and preferences.
In contrast, an investor-centric approach reimagines the role of mutual funds by placing individuals at the core of 
every decision and interaction. This approach involves understanding India’s regional, social and vernacular diversity 
and aligning offerings and communication with investors’ emotional and practical needs. From the initial stages of 
43	PwC analysis
44	PwC analysis
45	AMFI data
46	AMFI data
47	https://timesofindia.indiatimes.com/business/india-business/meesho-sees-6-5-crore-unique-visitors-on-day-1-of-festive-season-sale-orders-
double/articleshow/113785179.cms#:~:text=According%20to%20a%20report%20by%20research%20firm,it%20tripled%20compared%20
to%20business%20as%20usual
48	https://tourism.gov.in/sites/default/files/2024-02/India%20Tourism%20Statistics%202023-English.pdf
The mutual funds route to Viksit Bharat @2047 | PwC | 23
awareness and education to onboarding, investment and post investment support, this model ensures that every 
step in the investor journey is intuitive, relatable and empowering.
Figure 7: Ramesh’s dilemma – a guided path to confidence
Figure 8: Neha’s challenge – a smarter investment journey 
Savings in fixed deposits
Fear of complexity and mistrust
Uncertain about mutual fund investment
Localised campaigns in vernacular 
languages
Step-by-step onboarding via mobile app
Regular updates and transparent 
performance reviews
Consider the journey of Ramesh, a small business owner from a Tier-2 city. Although Ramesh has savings 
locked in fixed deposits, he hesitates to explore mutual funds, feeling overwhelmed by the complexity of fund 
types and unsure of whom to trust. Under an investor-centric approach, he was guided through vernacular 
campaigns that resonated with his local context, followed by a simplified onboarding process via a mobile app 
that guided him step-by-step through his first SIP with clarity. Regular updates and transparent performance 
reviews have kept Ramesh engaged and confident, gradually strengthening his financial resilience.
Access to advanced platforms
Struggling to align investments with career 
goals
Confusion between short-term vs long-term 
goals
AI-powered personalised investment options
Goal-based investment strategy
Real-time nudges and data-driven insights
24 | PwC | The mutual funds route to Viksit Bharat @2047
These examples illustrate the transformative potential of providing solutions during the entire investor journey, 
not merely at the investment point, through sustained education, communication and post-investment support. 
Understanding the regional, cultural and economic nuances that shape investor behaviour will be paramount to 
achieving this level of personalisation.
Thus, as mutual funds prepare to expand their reach, it becomes imperative to delve deeper into India’s unique 
financial personas. The following section explores the intricate fabric of India’s diverse financial mindsets and how 
mutual funds can adapt to meet the aspirations of a rapidly evolving investor base.
Section 3
3.1 One nation, multiple financial mindsets: The intricate tapestry of Indian economic 
behaviour beyond economic stereotypes 
Figure 9: Diamond merchant in Surat, tribal 
entrepreneur in Bastar, business owner in 
Meghalaya
India is not just a country, it is a civilization that 
embodies a nation and this is highly evident through our 
economic behaviours. Traditional economic frameworks 
do not stand a chance when confronted with India’s 
complex landscape, where financial decisions are 
shaped by income brackets as well as intricate layers of 
cultural memory, community wisdom and generational 
narratives.
India’s economic diversity defies simple categorisation 
as its unique financial ecosystems showcase diverse 
approaches to wealth creation. For instance, Surat’s 
diamond merchants, particularly the Palanpuri Jain 
community, combine conservative saving with 
aggressive global investments through tight-knit 
community networks and generational knowledge. In 
Kadapa, the Reddy community shifts from traditional 
farming to entrepreneurial ventures, focusing on land, 
education and diversification. In Bastar, tribal groups 
prioritise sustainability and community-driven decision 
making through resource-sharing mechanisms, while 
Meghalaya’s Khasi community operates within a 
matrilineal structure, where women primarily control 
wealth and financial decisions.
Thus the India’s economic fabric thrives not through standardisation, but through a personalised, context-aware 
approach.
Similarly, Neha, a young professional in Bengaluru, might have access to advanced digital platforms but 
struggles to align her investments with her career aspirations. A personalised digital interface could offer Neha 
curated options based on her income, goals and risk tolerance, with AI-powered insights nudging her towards 
smarter decisions. 
The mutual funds route to Viksit Bharat @2047 | PwC | 25
Behavioural and mindset change
Fostering financial  
wellbeing
E
D
C
B
A
Simplicity
Relevance
Inclusiveness
Last-mile connectivity
These elements are not merely theoretical but practical necessities for the industry to truly empower India’s 
diverse populations. To propel the mutual fund industry towards greater inclusivity and financial wellbeing, five key 
imperatives are emphasised as follows.
A. Simplicity - Reimagining financial accessibility beyond complexity
Mutual funds are not rocket science; however, they can seem to be considerably complex to the average investor. 
Although the industry has put in considerable effort to remove the information asymmetry, there is room for further 
simplification. 
Consider the linguistic landscape: Beyond English and Hindi, approximately 400 million Indians communicate 
primarily in regional languages.49 These are not insignificant numbers – they represent entire economic ecosystems 
systematically excluded from sophisticated conversations about finances. While the technical terms are complex 
conceptually, it is always possible to further simplify and clarify these concepts without losing their essence.
Digital platforms, while revolutionary, have inadvertently become labyrinths of complexity. A young professional in 
Bhubaneswar faces the same cognitive overload as someone in Bengaluru – i.e. too many choices that lack clarity. 
The leading interfaces reflect an engineering mindset to developing human-centred design.
But this is where opportunity meets innovation – instead of simplifying interfaces, the goal is to strategically redesign 
financial communication.
Figure 10: Key solution themes
 A 	
Simplicity
Ensuring that they 
are easily accessible 
and understandable 
across diverse 
contexts
 B 	
Relevance
Making the products 
and communication 
resonate with every 
unique segment
 C 	
Inclusiveness
Ensuring the 
underserved and 
untapped segments 
are not left behind
 D 	
Behavioural and 
mindset change
Addressing 
psychological 
barriers and 
inculcating an 
investment mindset 
and culture
 E 	
Last-mile 
connectivity
Expanding mutual 
fund access and 
driving adoption in 
Tier-2, Tier-3, and 
rural markets
3.2 Key solution themes
The mutual fund industry must prioritise these five key themes to become a catalyst for financial well-being in order 
to cater to this diverse economic landscape.
49	 https://www.news18.com/news/india/although-widely-spoken-hindi-is-not-the-mother-tongue-of-almost-6-out-of-10-indians-2308927.html
26 | PwC | The mutual funds route to Viksit Bharat @2047
Intuitive interface design, 
vernacular support, simplified 
language, offline integration
Need/goal-based personalised  
journeys, voice-over navigation, 
nudges and warnings, suggestive-
bite-sized educational guides
One-click assistance, collaborative
features, feedback loops
User-centric designs
Personalised and guided  
experience
Collaborative support
1.	 User-centric platform design
•	
Intuitive interface design: Interfaces should continue to evolve in line with user-centric design principles, 
providing a seamless and engaging experience. This entails minimising clutter, using visual hierarchies to 
guide users and incorporating intuitive navigation to make the investment process straightforward and less 
intimidating.
•	
Vernacular support: Platforms can reach a wider audience that may not be proficient in English or Hindi 
through vernacular language options. This inclusion respects the linguistic diversity of India and ensures that 
language barriers do not confine financial literacy.
•	
Simplified language: The financial world would be demystified and investment products would be even 
more approachable by using clear, simplified language. 
•	
Offline integration: For regions with limited internet connectivity, integrating offline options or hybrid 
models that combine digital and physical interactions can expand reach. This could include downloadable 
content, SMS-based updates or partnerships with local community centres to provide in-person support.
2.	 Personalised and guided experiences
•	
Need/goal-based personalised journeys: Platforms should continue to enhance and build on their 
existing personalisation strategies, guiding users on journeys aligned with their financial goals and 
minimising the complexity of an excess of options. By leveraging data analytics and AI, tailored pathways 
could be created that guide investors from start to finish based on their unique circumstances and 
objectives.
•	
Voice-over navigation: Integrating voice command functionalities, especially in regional languages, could 
break down barriers for users who may not be comfortable with text-based navigation. This feature would 
empower a broader demographic to engage with financial platforms in a manner that feels natural and 
accessible.
•	
Nudges and warnings: Implementing behavioural nudges and timely warnings could help users make 
better financial decisions. For instance, reminders about risk levels or prompts to review investments would 
help investors stay informed and make prudent choices.
•	
Suggestive bite-sized educational guides: Offering short, digestible educational content could provide 
users with the necessary knowledge to make informed decisions. These guides could be integrated into the 
user journey, providing context and clarity at crucial decision points.
3.	 Collaborative support
•	
One-click assistance: User confidence would be enhanced by providing immediate, accessible support 
through one-click assistance features, such as chatbots, AI-driven help desks or live support options, 
ensuring users are never stranded in their investment journeys.
•	
Collaborative features: Allowing users to share their investment journeys with family or financial advisors 
could provide additional support and confidence. Features that enable collaboration could facilitate 
discussions and decisions, ensuring that users are not navigating financial landscapes alone.
•	
Feedback loops: Providing users with the ability to provide feedback on their experience could help 
continuously refine and improve the platform. Financial services can adapt and evolve by actively listening to 
user inputs to meet changing user needs and preferences.
Figure 11: Driving simplification
The mutual funds route to Viksit Bharat @2047 | PwC | 27
Key considerations for stakeholder action
Achieving mass financial accessibility requires coordinated efforts from key stakeholders. A strategic and structured 
approach ensures that all players contribute to a more inclusive mutual fund ecosystem.
Asset management companies 
•	
Simplify apps and platforms to enhance user-friendliness and intuitive navigation.
•	
Leverage AI for personalised experiences, behavioural nudges and interactive educational guides.
•	
Partner with technology platforms to provide intelligent assistance and user-friendly features.
•	
Equip the distributor and RIA network with digital and AI-driven tools to facilitate better client conversations and 
intelligence-driven recommendations.
Financial advisors and distributors
•	
Develop user-centric platforms that incorporate regional language support and intuitive design.
•	
Train advisors to communicate financial concepts simply while respecting cultural nuances.
•	
Utilise AI tools to present investment options clearly and simplify investor decision-making.
•	
Design clean, prioritised dashboards that minimise cognitive overload.
•	
Ensure a seamless and consistent experience across both physical and digital channels.
Regulatory bodies
•	
Continue refining the guidelines for terminology simplification, platform usability and partnering with local 
communities.
•	
Encourage hackathons and sandbox initiatives to drive FinTech-led solutions that enhance investor experience 
and accessibility.
•	
Strengthen efforts towards system interoperability and open architecture across AMCs to promote seamless 
collaboration and innovation.
Registrar and transfer agents (RTAs)
•	
RTAs provide the necessary infrastructure for platform enhancements and seamless integration with financial 
intermediaries.
•	
Standardising processes, from onboarding to redemption, across AMCs while ensuring intuitive, small steps
•	
Vernacular onboarding flows coupled with e-KYC integration to ease the entry process.
By aligning efforts across these stakeholders, financial accessibility would move beyond rhetoric to execution – 
making mutual funds genuinely inclusive for all segments of society.
The solution requires a thoughtful recalibration of the approach, not oversimplifying. There is a need for:
•	
contextual design that speaks multiple languages – literally and metaphorically
•	
interfaces that adapt to individual financial literacy levels
•	
training programmes that equip financial advisors with emotional intelligence
•	
technology that simplifies without sacrificing sophistication.
B. Reimagining relevance: Cultural narratives and product innovation in India’s mutual 
fund ecosystem
In the intricate tapestry of India’s economic transformation, mutual funds are more than just a financial  
instrument – they are potentially a catalyst for widespread economic empowerment. To realise this potential, we 
would benefit from revisiting the understanding that innovation is not about creating uniform solutions but rather 
about crafting experiences that resonate with India’s diverse landscape.
1.	 Product innovation: A holistic ecosystem of financial solutions
The future of mutual funds potentially lies in products that are not just investments but also life companions. The 
multifaceted nature of Indian financial aspirations will drive product strategy.
28 | PwC | The mutual funds route to Viksit Bharat @2047
Life-stage and goal-based products
Lifecycle-based hybrid funds are another innovative 
frontier. Inspired by the US 401(k) system, these 
funds dynamically shift from equity to debt 
exposure as investors approach retirement. For 
women, conservative hybrid funds aligned with 
financial independence goals can be developed. 
More customised options consistent with solution-
oriented schemes linked to personal milestones, 
such as weddings, education or home ownership, 
can foster financial confidence.
Similar to 529 plans in the US, educational 
investment accounts offer tailored saving solutions 
for educational goals. These accounts can be 
adapted to meet state-specific needs, providing 
tax advantages and investment growth for parents 
preparing for their children’s futures.
Lifestyle-based investment plans synchronise 
financial planning with personal aspirations, offering 
Thematic and specialised funds: Bridging diversity through innovation
In the quest to align investment opportunities with India’s vast and varied socioeconomic landscape, thematic and 
specialised funds are a powerful mechanism to address the unique challenges of Indian diversity. These funds 
are not just financial instruments but rather vehicles for integrating cultural, regional and personal narratives into 
investment strategies.
Cultural and community investments
•	
Cultural investment funds can be a transformative tool, 
designed to support industries that reflect India’s rich 
cultural heritage. By investing in traditional crafts, local 
artisans and regional tourism, these funds link financial 
growth and cultural preservation, turning investments into 
vehicles for sustaining India’s diverse traditions.
•	
Community-based micro-investment platforms, 
inspired by global crowdfunding models, enable rural 
communities to pool resources and invest in local 
projects. This approach mirrors the community investment 
practices common in Africa and Latin America, where local 
populations drive economic development according to their 
unique needs.
•	
Funds capitalising the key trends can attract and engage 
newer segments aligned with emerging trends, including 
entertainment, lifestyle, fashion, art, religious tourism and 
content creation. This approach takes its cues from product 
innovation around South Korean pop culture.
portfolios tailored to various life stages or interests, such as travel or wellness. Much like lifestyle brands that 
resonate with individual identities, this approach integrates financial growth with personal narratives.
The retirement phase, often viewed with apprehension due to income uncertainty, can be transformed through 
thoughtfully structured systematic withdrawal plans (SWPs), providing retirees with a predictable income stream 
and turning accumulated wealth into reliable funding of daily living expenses. By customising SWPs to align 
with individual retirement goals and financial needs, retirees can have peace of mind and financial stability. For 
instance, SWPs can be designed to gradually reduce withdrawals as other income sources, such as pensions or 
annuities, ensuring a seamless transition into retirement.
The mutual funds route to Viksit Bharat @2047 | PwC | 29
The mutual fund industry can address the diverse needs of India’s population more holistically by incorporating these 
innovative solutions. Through these strategies, investments will be financially rewarding and culturally and socially 
meaningful, paving the way for a more inclusive and dynamic economic future.
2.	 Communication and campaigns: The cultural transformation playbook
The most revolutionary campaigns in India’s consumer landscape did not replace cultural practices – they 
enhanced and extended them. This cultural integration approach offers a potent blueprint for mutual fund 
adoption.
Learning from successful cultural campaigns
Social and environmental impact products
•	
Social impact bonds offer another innovative frontier. They align 
financial returns with positive social outcomes and focus on regional 
challenges, such as diversity, education, healthcare or sustainable 
infrastructure development, making these bonds attractive to 
investors interested in making a tangible difference, similar to 
successful implementations in global markets.
•	
Localised green bonds of private enterprises, urban local bodies and 
development finance institutions are used to finance environmental 
projects that resonate with regional priorities, such as solar farms or 
water conservation efforts. By aligning with global green bond markets, 
these investments generate returns and foster local environmental 
impact.
Technology-driven investment innovations
•	
Dynamic risk funds leverage AI and machine learning to adapt 
investment strategies based on evolving investor profiles. This 
personalised approach, much like adaptive learning technologies in 
education, caters to the diverse financial literacy levels across India by 
providing tailored risk management solutions.
•	
Digital asset platforms for traditional assets utilise blockchain 
technology to democratise access to wealth-building opportunities. 
By tokening assets like gold or real estate, these platforms make 
traditional investments accessible to a broader audience.
Baby diaper brands did 
not attempt to abolish 
traditional cloth diapering 
practices. Instead, they 
demonstrated how modern 
diapers could make 
parenting easier, more 
hygienic and less stressful. 
They created products that 
complemented established 
parental practices, not 
replaced them.
The telecom revolution 
was not about introducing 
an alien technology, but 
rather about making digital 
connectivity an extension 
of the existing social 
networks. Industry players 
created interfaces in local 
languages and developed 
region-specific content 
packages, making the 
technology feel familiar 
and accessible.
The Pulse Polio 
campaign is perhaps the 
most vivid example of 
cultural transformation. 
Rather than attacking 
traditional beliefs, the 
campaign worked through 
community leaders, 
religious figures and local 
influencers, transforming 
vaccinations from a 
medical intervention into a 
community movement.
The infant food industry 
players did not just sell 
baby food; they became 
nutrition partners. By 
understanding regional 
dietary practices, they 
created products that 
complemented traditional 
weaning methods, making 
modern nutrition feel like a 
natural progression.
30 | PwC | The mutual funds route to Viksit Bharat @2047
Mutual fund campaign strategy	
In the context of mutual funds, these examples inspire us to give the ‘suitability’ messages with greater emphasis on 
the following:
•	
vernacular interfaces that include local languages
•	
culturally aligned campaigns that respect local financial wisdom
•	
financial literacy drives that work through community networks
•	
multisensory approaches for underserved demographics.
The strategy involves:
•	
deep ethnographic research
•	
understanding the micro market
•	
cultural sensitivity
•	
adding instead of replacing value.
Key considerations for stakeholder action
Achieving mass financial accessibility requires coordinated efforts from key stakeholders. A strategic and structured 
approach ensures that all players contribute to a more inclusive mutual fund ecosystem.
Asset management companies 
•	
Assess product viability for culture-, trend- and community-based funds, defining relevant benchmarks.
•	
Leverage investor behaviour analytics to refine offerings and simplify choices.
•	
Simplify apps and platforms to enhance user-friendliness and intuitive navigation.
•	
Equip distributors and RIAs with digital and AI-driven tools for personalised client engagement.
•	
Collaborate with AMFI for targeted, culturally relevant campaigns.
Financial advisors and distributors (AMFI support could be taken)
•	
Train distribution networks to effectively pitch new products with a cultural and regional focus.
•	
Develop region-specific strategies for communicating the benefits and strengths of mutual funds.
•	
Utilise AI tools to simplify financial concepts and investment decision-making for investors.
•	
Ensure seamless, user-friendly experiences across both physical and digital channels.
Regulatory bodies
•	
Continue to evolve frameworks that balance innovation with investor protection.
•	
Encourage and recognise product innovations that address financial needs while aligning with cultural values.
•	
Strengthen guidelines for platform usability, interoperability and FinTech-driven investor accessibility.
•	
Promote hackathons and sandbox initiatives to foster FinTech-led solutions favouring financial inclusion.
Registrar and transfer agents 
•	
Enhance infrastructure to support seamless integration with financial intermediaries.
•	
Facilitate system interoperability across AMCs to promote investor convenience and accessibility.
By aligning efforts across these stakeholders, financial accessibility can move beyond rhetoric to execution – making 
mutual funds genuinely inclusive for all segments of society.
C.	Inclusiveness: Reaching untapped segments
Figure 12: Personas for untapped segments
Visually challenged individuals 
Illiterate/semi-literate individuals 
Gig workers  
freelancers, delivery pilots,  
part-time/temporary workers etc.
The mutual funds route to Viksit Bharat @2047 | PwC | 31
1.	 Visually challenged and specially abled individuals
•	
Accessible digital platforms: Develop platforms compatible with screen readers and provide audio 
descriptions for visually impaired users. Ensuring that investment platforms meet accessibility standards 
can make mutual funds more approachable for those with visual impairments.
•	
Braille and audio educational materials: Offering educational resources in Braille and audio formats can help 
visually challenged individuals understand investment opportunities and make informed decisions.
•	
Partnerships with NGOs: Collaborating with NGOs specialising in supporting the visually impaired can 
facilitate outreach and provide targeted support, ensuring the design of inclusive financial products.
2.	 Gig workers – freelancers, delivery pilots, part-time and temporary workers 
•	
Flexible investment products: Develop products that cater to the irregular income patterns of gig workers, 
such as flexible SIPs that allow for variable contributions based on monthly earnings.
•	
Tax and compliance guidance: Provide resources and advisory services that help gig workers navigate tax 
implications and compliance issues related to their investments, simplifying their financial planning.
•	
Community-based financial literacy programmes: Organise workshops and seminars specifically for gig 
workers, addressing their unique financial challenges and opportunities.
•	
Explore partnerships with established organisations and institutions that typically employ such workforces 
to facilitate their integration into the investment ecosystem. These organisations can manage the onboarding 
process, paperwork and the option for employees to make voluntary contributions from their payouts, 
simplifying the overall journey.
3.	 Illiterate and semi-illiterate individuals
•	
Visual and audio communication: Develop communication strategies that rely on visual cues, symbols 
and audio instructions to convey investment information, making investing accessible to those with limited 
reading skills.
•	
Local language support: Ensure that all communications and customer service interactions can take place in 
regional languages, lowering barriers to entry for non-English speakers.
•	
Simplified onboarding: Streamline the onboarding process with minimal paperwork and straightforward 
instructions, utilising biometric identification where possible to ease accessibility.
Assessing viability and impact
1.	 Data-driven insights: Conduct comprehensive market research to understand these untapped segments’ size 
and specific needs, ensuring accurate demographic data inform product development. To add some context, 
India has 62 million visually impaired individuals and approximately 8 million blind people50 – i.e. roughly 70 
million individuals who cannot access the mutual fund industry on their own. Similarly, India has over 280 
million illiterate individuals,51 over 10 million gig workers,52 about 450 million blue-collar workers53 and 30 million 
differently abled individuals.54
2.	 Pilot programmes: Implement pilot programmes in targeted communities to test the effectiveness of inclusive 
financial products and strategies and gather feedback for continual improvement.
3.	 Impact measurement: Establish metrics to assess inclusive financial initiatives’ social and economic impact, 
ensuring that efforts translate into tangible benefits for these communities.
Key considerations for stakeholder action
Asset management companies 
•	
Assess product gaps to ensure the inclusiveness and viability of micro investments.
•	
Ensure adherence to regulatory guidelines regarding inclusive product structures.
•	
Evaluate the feasibility and cost-effectiveness of integrating features, such as screen reader compatibility and 
voice navigation in digital platforms.
50	https://www.thehindu.com/news/cities/chennai/62-million-in-india-visually-impaired/article27699902.ece
51	https://m.economictimes.com/news/politics-and-nation/india-has-highest-population-of-illiterate-adults-at-287-million-un-report/
articleshow/29545673.cms#:~:text=UNITED%20NATIONS%3A%20India%20has%20by,the%20country’s%20rich%20and%20poor
52	https://www.businesstoday.in/latest/corporate/story/social-security-for-gig-workers-labour-ministry-finalising-scheme-to-seek-cabinet-nod-
soon-463706-2025-02-06#:~:text=The%20NITI%20Aayog%20had%20estimated,earnings%20with%20no%20safety%20net
53	https://www.weforum.org/stories/2023/04/growth-summit-2023-technology-is-about-to-disrupt-the-blue-collar-workforce-in-emerging-
markets/
54	https://yourstory.com/2024/12/delivering-change-flipkarts-inclusive-mission#:~:text=Yet%2C%20for%20the%2030%20million,both%20
organised%20and%20unorganised%20sectors
32 | PwC | The mutual funds route to Viksit Bharat @2047
•	
Partner with technology providers to meet accessibility standards effectively.
•	
Explore opportunities to collaborate with institutions like AMFI to build platforms that provide the necessary 
infrastructure for advisors and distributors.
Financial advisors and distributors
•	
Upskill and train to serve underserved segments, including the visually impaired, gig workers and low-literacy 
investors.
•	
Gain expertise in inclusive technologies and financial products designed for these segments.
•	
Leverage platforms with built-in accessibility features to facilitate better investor engagement.
Regulatory bodies
•	
Continue refining the guidelines to encourage developing inclusive and flexible financial products.
•	
Enhance the tracking of inclusivity metrics and assess their impact on financial accessibility.
•	
Establish and enforce standards for accessible and inclusive digital investment platforms.
The mutual fund industry can take tangible steps towards making financial inclusion a reality by aligning these 
actions, expanding access to underserved segments while fostering long-term economic empowerment.
By focusing on inclusivity, the industry can transform financial products into empowerment tools for traditionally 
underserved populations. This approach aligns with ethical imperatives and opens up new markets, driving growth 
and innovation in the financial sector. Strategic investments in accessibility, education and community engagement 
will help mutual funds develop a more inclusive and equitable financial future.
D.	Behavioural and mindset change: Engineering a national investment culture
Institutional strategies for mass adoption
Building blocks for effective financial decision making
Biases/drivers of financial decision making
Loss aversion
Emotional triggers
Bandwagon effect
Risk aversion
Familiarity bias
Status quo bias
Institutional embedding  
of behavioural  
science
Product selling to  
financial empowerment  
mindset
Education and  
financial literacy
Transformative 
communication
Technology-human  
interfaces
Pyramid of trust, 
building accessibility, 
personalisation and 
inclusivity
Figure 13: Strategic framework to drive behavioural and mindset change
The mutual funds route to Viksit Bharat @2047 | PwC | 33
I. The psychological landscape of Indian investments
Central to India’s financial transformation is a complex psychological terrain shaped by generations of financial 
conservatism, familial wisdom and deep-rooted economic uncertainties. Investment behaviour is not merely a 
financial choice but a profound cultural narrative that has been carefully crafted through decades of collective 
experience.
Indian households have historically viewed money through the lens of preservation instead of growth. In addition to 
fixed deposits, gold and real estate being investment instruments, they were established protective shields against 
economic uncertainties. This mindset goes beyond financial caution; it expresses a deeply rooted approach to 
achieving stability and resilience first, passed down through generations.
Psychological barriers to financial participation
Transforming the mutual fund ecosystem requires first understanding the intricate psychological obstacles to broad 
financial participation.
1.	 Generational financial trauma
It is not uncommon for households in India to hold onto shared financial memories of economic hardship. 
Stories of lost investments, speculative failures and financial setbacks create generational risk aversion. For 
instance, a family that lost savings during an economic downturn might pass down a narrative of financial 
hesitance that persists for decades.
2.	 Collective decision-making dynamics
Unlike individualistic western financial models, Indian investment decisions are complex negotiations involving 
multiple family members. Individual financial risk differs considerably – a potential loss is not just personal but 
probably affects the entire family’s financial security.
3. 	 Trust as a primary currency
In the Indian context, trust is not a metric calculated through financial ratios; instead, it is a holistic assessment 
constructed over generations. Financial institutions are evaluated on returns and their ability to demonstrate 
reliability, stability and alignment with community values.
II. Strategic intervention frameworks
To dismantle these psychological barriers, a multidimensional approach that goes beyond traditional financial 
literacy is needed.
1.	 Neuroscience and behavioural economics in finance
Neuroscience of financial decision-making: This requires acknowledging that investment decisions are 
fundamentally emotional journeys. 
•	
Map cognitive biases: Understand how loss aversion, status quo bias and fear of complexity prevent 
financial participation.
•	
Develop emotional intelligence in financial communication.
•	
Create narratives that address psychological reservations.
Behavioural economics of mass financial adoption: The ultimate goal is to transform investments from an 
occasional decision to an instinctive financial habit through the following:
•	
default enrolment in micro-SIPs
•	
life goal-linked investment reminders
•	
contextual nudges that normalise investing.
2.	 Cross-cultural and early investment education
Cross-cultural investment behaviour research: India’s financial ecosystem is a complex mosaic of regional, 
cultural and economic diversity. The research should accomplish the following:
•	
Develop a sophisticated psychological mapping.
•	
Create culturally nuanced communication strategies.
•	
Design products aligned with community aspirations.
34 | PwC | The mutual funds route to Viksit Bharat @2047
Embedding an investment culture early: Taking cues from various initiatives, instilling an investment culture 
in the early stages is important, through school curricula like Money Sense for Youth, Singapore; Financial 
Capability Curriculum, UK and Money Smart Programme in Australia. Introducing investment concepts 
and financial literacy into school curricula cultivate an early understanding and appreciation for financial 
planning. Educating students about mutual funds and investment strategies fosters a generation that views 
financial growth as a natural and attainable goal, effectively embedding an investment culture from a young age.
•	
Introduce investment concepts into school curricula.
•	
Foster financial literacy from a young age.
•	
Cultivate a generation that understands financial growth.
The technology–human interface:
•	
AI-driven personalised financial counselling
•	
Predictive analytics for individual financial journeys
•	
Emotional intelligence in financial platforms
•	
Simplified user experiences that reduce anxiety
3.	 Transformative communication strategies
•	
Learn from cross-sectoral innovations by:
	-
developing an ‘investor accessibility guide’
	-
simplifying financial terminology
	-
providing clear, contextual communication
	-
ensuring comprehension across linguistic and literacy barriers.
•	
Respect existing cultural wisdom.
•	
Demonstrate how modern financial instruments complement traditional savings mechanisms.
•	
Position investments as tools of empowerment.
•	
Create narratives that feel simultaneously revolutionary and familiar.
4.	 Institutional strategy
•	
Financial institutions should build upon their successful efforts to drive psychological transformation.
•	
Embed behavioural science in distributor training.
•	
Develop comprehensive accessibility standards.
•	
Create personalised financial communication strategies.
•	
Establish trust-building initiatives in sceptical markets.
The deeper transformation
We are not simply creating financial literacy. We are reimagining financial participation as a core principle and a 
pathway to individual and collective economic empowerment.
The mutual fund industry is at a crossroads. It has an opportunity to transform itself from a financial product provider 
to a catalyst of economic imagination for millions of Indians. By creating progressive and respectful narratives, we 
seek to unlock a new era of financial participation.
Key considerations for stakeholder action
Regulatory bodies
•	
Encourage collaborative studies with financial institutions to explore the role of behavioural economics and 
cognitive biases in investment decisions.
•	
Strengthen integration with national financial literacy programmes and expand partnerships with schools to 
foster early investment literacy.
Asset management companies 
•	
Build trust through transparent communication on pricing, market risks and growth potential.
•	
Ensure prompt mechanisms to redress grievances and maintain investor confidence.
•	
Provide personalised updates and nudges to investors, helping them track progress towards their financial 
goals.
The mutual funds route to Viksit Bharat @2047 | PwC | 35
Distributors and influencers
•	
Highlight the power of compounding through real-life success stories.
•	
Conduct regular check-ins with investors and offer guidance at key financial milestones.
By embedding behavioural insights into financial strategies, the mutual fund industry can drive a more extensive 
transformation that increases participation and redefines investing as a fundamental aspect of financial wellbeing.
E.	 Last-mile connectivity: Bridging gaps in mutual fund access 
Expanding mutual fund access to Tier-2, Tier-3 and rural markets requires innovative solutions to ensure last-mile 
connectivity. Democratising access to mutual funds begins by addressing the dual needs of reach and trust. Despite 
digital platforms’ remarkable progress in breaking geographical barriers, the human connection provided by physical 
touchpoints is irreplaceable – particularly for first-time investors seeking confidence and transparency before making 
financial decisions. Collaborations such as AMCs partnering with the Open Network for Digital Commerce (ONDC) 
illustrate how financial products can be integrated into everyday spaces, such as kirana shops, turning these hubs 
into accessible financial touchpoints.
Ensuring last-mile  
connectivity
 Localised confidence 
and hyper-local  
guidance
Scalable models  
like ONDC 
Taking cues from 
global best  
practices 
Leveraging existing 
community networks 
for expansion
1.	 Localised confidence and hyper-local guidance: A farmer visiting his neighbourhood kirana shop to buy 
daily essentials could now encounter an opportunity to invest in mutual funds. At this crucial juncture, a 
knowledgeable local advisor – the shop owner or a trained facilitator – could make all the difference. This type of 
hyper-local guidance would address cultural and financial barriers, fostering trust and empowering individuals to 
take their first steps towards financial investment.
2.	 Scaling models like ONDC for greater impact: Stakeholders should continue to look for ways to integrate 
physical and digital networks to replicate and scale such initiatives across the industry. The key strategies 
include:
•	
Financial kiosks in local markets: High-traffic kiosks staffed by trained advisors could explain mutual fund 
products in regional languages while offering real-time onboarding with mobile technology.
•	
Empowering local shop owners as financial ambassadors: Kirana shop owners could be equipped with 
digital tools to onboard customers, explain products and facilitate small-ticket SIPs, replicating the success 
of India’s Common Service Centres for government services.
Figure 14: Strategic levers to ensure last-mile connectivity
36 | PwC | The mutual funds route to Viksit Bharat @2047
3.	 Leveraging existing community networks for mutual fund expansion
Jan Seva Kendras, post offices and cooperatives provide community trust and accessibility that can be 
harnessed to expand mutual fund participation. By partnering with these entities, mutual funds could extend 
financial literacy initiatives, offer localised advisory services and facilitate personalised onboarding of new 
investors. Integrating mutual fund offerings into these networks leverages their existing infrastructure to 
provide real-time access and transactions, building on their credibility to foster trust and overcome investment 
scepticism. Furthermore, these centres would serve as valuable feedback channels to continuously refine and 
improve mutual fund products and services to meet local needs better.
4.	 Global best practices for last-mile connectivity: International examples provide valuable insights. In 
Kenya, investment products have been seamlessly incorporated into mobile wallets, reaching unbanked rural 
populations. Brazil’s correspondent banking programme enabled local businesses to act as financial agents, 
while China’s rural financial service stations brought advisory services to remote villages. These models 
illustrate the importance of blending technology with localised engagement.
Building scalable infrastructure and trust: To ensure scalability, AMCs and RTAs may consider investing in robust 
infrastructure supporting local training, vernacular outreach and digital onboarding. Technology would continue to be 
crucial in bridging access and addressing gaps, enabling efficient service delivery and greater inclusion. Simplified 
small-ticket SIP processes, incentives for distributors and the intermediary network and micro-investment options 
can encourage participation while building trust. This dual approach fosters sustainable growth and long-term 
investor confidence.
Towards ubiquitous financial inclusion: Imagine a future where mutual funds are as accessible as daily essentials, 
available at every corner store and through every smartphone. By leveraging industry collaboration, initiatives like 
ONDC and global best practices, the mutual fund ecosystem has the potential to become a cornerstone of financial 
inclusion, democratising wealth creation and empowering every Indian to participate in the nation’s economic 
growth.
Key considerations for stakeholder action
Regulatory bodies
•	
Continue to encourage and support mutual fund adoption in less penetrated markets through targeted 
incentives.
•	
Develop a localised guidance framework to develop partnerships with community networks.
•	
Clarify and enhance guidelines to ensure transparency in eligibility, roles, responsibilities and commission-
sharing.
Asset management companies
•	
Reassess distribution strategies, ensuring a balance between traditional distributors and local influencers.
•	
Establish physical touchpoints for investors and partners to resolve issues efficiently.
•	
Partner with local entities with existing touchpoints, such as banks, post offices and cooperative networks.
•	
Equip local partners with training, guides, content and digital tools to facilitate onboarding.
Registrar and transfer agents 
•	
Build scalable infrastructure to support seamless expansion into Tier-2, Tier-3 and rural markets.
•	
Enable smooth integration of onboarding processes via local touchpoints, ensuring accessibility and efficiency.
•	
Continue to build on system resilience and data integrity through suitable use of encryption, AI-driven threat 
detection, and redundant, geographically distributed data centers for uninterrupted services.
Distributors and influencers
•	
Provide ongoing hand-holding and personalised assistance to first-time investors.
•	
Leverage real-time onboarding tools and digital platforms for seamless investor participation.
•	
Use interactive educational guides to provide simple and relatable explanations of investment processes.
•	
Organise regular meetups to provide updates, gather feedback and address investor concerns, prioritising trust 
and long-term engagement.
The mutual fund industry can transform accessibility and trust by strategically integrating technology with local 
engagement, making mutual funds as ubiquitous and essential as daily financial transactions.
The mutual funds route to Viksit Bharat @2047 | PwC | 37
As the mutual fund industry approaches 2047, its evolution requires a cohesive, adaptive and collaborative 
framework in which a central entity harmonises the ecosystem and balances the needs of investors, distributors, 
AMCs and regulators. AMFI is uniquely positioned to play this role as a facilitator and orchestrator of an inclusive and 
forward-looking mutual fund ecosystem.
As the industry’s unified voice, AMFI will continue to advocate for the following:
•	
policy and regulatory reforms that balance innovation with investor protection, ensuring flexibility for AMCs to 
experiment with new-age products
•	
standardised frameworks for operational efficiency, such as universal onboarding protocols, simplified KYC 
processes and enhanced disclosures
•	
localised strategies that guide AMCs and distributors in penetrating underrepresented regions while maintaining 
cultural sensitivity and trust.
Regulators
Goal: Ensuring market stability and 
investor protection 
AMFI’s role:
•	
Facilitating regulatory dialogue 
for balanced policies
•	
Strengthening governance and 
ethical distribution practices
•	
Advocating for risk-appropriate 
investor incentives
Distributors
Goal: Ensuring market stability and 
investor protection distributors
AMFI’s role:
•	
Empowering distributors with 
training, resources and digital 
tools to enhance efficiency and 
reach
•	
Promoting fair compensation 
and ensuring regulatory 
compliance for investor 
protection
•	
Expanding distribution networks 
to increase mutual fund access 
in underserved areas
Investors
Goal: Financial empowerment 
through accessibility and informed 
decision-making 
AMFI’s role:
•	
Simplifying investor education 
and onboarding
•	
Enhancing trust via transparency 
and disclosures
•	
Promoting financial inclusion via 
vernacular campaigns
Figure 15: AMFI - Orchestrating a unified ecosystem for financial empowerment 
Section 4: AMFI as an enabler: Role as the central orchestrator
The transformative journey of India’s mutual fund industry towards 2047 hinges critically on three enabling factors: 
Strategic orchestration, infrastructural resilience and regulatory sophistication. These interconnected domains 
represent the vital architectural foundations determining the industry’s capacity to scale, innovate and democratise 
financial participation across the nation’s diverse socioeconomic landscape.
Registrars and transfer agents  
(RTAs)
Goal: Seamless fund operations and 
investor servicing
AMFI’s role:
•	
Promoting efficiency via 
digitisation and automation
•	
Driving interoperability between 
platforms
•	
Enforcing robust data security 
and compliance
Asset management companies 
(AMCs)
Goal: Product innovation and 
sustainable growth
AMFI’s role:
•	
Advocating flexible regulations 
for new-age products
•	
Encouraging ESG integration 
and investor-centric fund design
•	
Establishing standardised 
operational frameworks
AMFI
38 | PwC | The mutual funds route to Viksit Bharat @2047
Driving ecosystem collaboration: The conductor’s role
AMFI can align the mutual fund ecosystem’s disparate stakeholders – investors, regulators, AMCs, distributors and 
RTAs – into a collective movement for achieving financial empowerment.
Scaling mass campaigns  
with local flavour
Facilitating research  
and insights 
Championing investor-
centric policies
1.	 Scaling mass campaigns with local flavour: Building on the success of investor awareness campaigns 
such as ‘Mutual funds sahi hai’, AMFI can scale these initiatives into localised, regional formats reflecting the 
aspirations and challenges of India’s diverse communities by:
•	
tailoring campaigns for Tier-2 and Tier-3 cities, focusing on wealth stability and trust.
•	
introducing vernacular media strategies that resonate with different states’ cultural and linguistic nuances.
2.	 Championing investor-centric policies: As the industry’s representative body, AMFI could advocate for 
regulatory policies that democratise access and protect investor interests. For example:
•	
promoting SWPs as a cornerstone of retirement planning and reliable instruments for financial freedom.
•	
negotiating sustainability-linked incentives, encouraging AMCs to integrate ESG principles into their funds 
while maintaining long-term ecosystem stability.
3.	 Facilitating research and insights: AMFI could establish itself as the thought leader of the Indian mutual fund 
industry to stay ahead in a dynamic global market, conducting in-depth research on the following topics:
•	
regional financial literacy disparities and strategies to uplift low-literacy states.
•	
behavioural patterns that drive investment decisions across demographic segments, leveraging cross-
cultural studies to guide AMCs’ product innovation.
•	
measuring the industry’s inclusivity and accessibility using novel frameworks like the Inclusivity Index, 
Accessibility Score and Financial Empowerment Quotient.
By 2047, success will be measured not just by transaction volumes or technological sophistication, but by 
the ecosystem’s ability to democratise financial knowledge, reduce entry barriers and create pathways for 
inclusive wealth generation across India’s socioeconomic spectrum. Progress towards this vision requires 
continuous evolution, collaborative innovation and an unwavering commitment to balancing technological 
advancement with human-centric design principles.
Figure 16: AMFI - Driving ecosystem collaboration
The mutual funds route to Viksit Bharat @2047 | PwC | 39
Section 5: Impact and conclusion 
If the strategies and interventions outlined in Phase 3 are executed effectively, the mutual fund industry will be 
poised to achieve the ambitious milestones envisioned for India’s financial future. As Amrit Kaal progresses – 
ushering in an era of transformative economic growth and inclusivity – the figures projected for 2047 represent 
aspirations and attainable realities.
The exponential potential of this sector is reflected in the expected outcomes: a 6x increase in retail investors, 
a 10x rise in per-investor AUM and a mutual fund AUM-to-GDP ratio surpassing 100%.55 While optimistic, 
these projections are achievable goals provided the ecosystem embraces an adaptive, collaborative and investor-
centric approach. By addressing challenges such as accessibility, inclusivity and investor education, the industry 
can significantly deepen capital markets and mobilise funds into key sectors critical to nation-building, such as 
infrastructure, green energy and innovation.
This transformation will democratise wealth creation and foster robust capital formation, driving sustainable 
economic growth and ensuring mutual funds become a cornerstone of financial empowerment. The industry can 
create a nation where financial wellbeing is universally accessible, paving the way for a prosperous and equitable 
future.
55	PwC analysis
Figure 17: Roadmap to 2047
Parameter
Present
Initiation
Gathering  
pace
 Growth
Developed
GDP  
(INR lakh crore)
279
494
795
1,280
2,492
Total MF AUM  
(lakh crore)
53.4
172
461
1,152
2,791
AUM/GDP
18.7%
35%
58%
90%
112%
Per capita income 
(INR lakh)
1.8
3.3
5.2
8.4
16.5
No. of retail 
investors (crore)
4.5
7.1
11.6
17.5
26.3
No. of AMCs
44
91
142
201
212
No. of distributors/
RIAs (lakh)
2.07
3.06
4.67
6.81
9.95
Retail AUM  
(INR lakh crore)
34.2
113.2
308.9
788.9
1,953.7
Institutional AUM 
(INR lakh crore)
19.2
59.6
152.1
362.8
837.3
Retail MF 
penetration rate (%)
3%
5%
7%
11%
15%
Amrit Kaal
2024 
(Actual)
2047
40 | PwC | The mutual funds route to Viksit Bharat @2047
56	PwC analysis
57	PwC analysis
Considerations
•	
The projections outlined in this paper are predicated on the basis of several key considerations that align with 
India’s economic trajectory and global financial market developments. Fundamental to these projections is 
India’s sustained economic growth, averaging 10% CAGR through 2047, in line with the Government of India’s 
vision of ‘Viksit Bharat 2047’, targeting a USD 30 trillion economy. This economic expansion is expected to 
drive significant growth in per capita income from INR 1.8 lakh to INR 16.5 lakh, creating a robust foundation for 
increased financial asset investment.56 
•	
The mutual fund industry’s growth trajectory has been benchmarked against 24 major economies with 
established mutual fund sectors, categorised by their GDP per capita levels. Analysis of emerging and 
developed markets suggests that India’s mutual fund AUM-to-GDP ratio can grow significantly, from 18.7% to 
112%, by 2047.57 Deepening market maturity and increased financialisation of household savings will support 
this expansion.
•	
The industry structure is expected to evolve towards global standards, particularly its market concentration. 
The dominance of top AMCs is projected to moderate from the current 40% market share to 30%, aligning with 
global benchmarks. Simultaneously, the operational efficiency of AMCs is anticipated to significantly improve, 
with the average AUM per AMC increasing tenfold, which is comparable to global standards. This will support 
the growth in AMCs from 44 to 212, creating a more competitive and diverse market landscape.
•	
The retail–institutional mix in mutual fund AUM is projected to shift gradually from the current 64:36 ratio to 
a 70:30 split by 2047, mirroring developed markets. Sustained market returns of 11% annually and increasing 
mutual fund penetration from nearly 3% to 15% of the population will support this transformation. The number of 
unique mutual fund investors is expected to grow from 4.5 crore to 26 crore during this period, with the average 
AUM per retail investor reaching INR 74 lakh, evidencing deeper market participation and increased wealth 
creation through mutual funds.
•	
The distribution network is projected to grow fivefold to support this expanding investor base, with the number 
of distributors/RIAs increasing from 2.07 lakh to nearly 10 lakh. This growth corresponds to the rising investor 
penetration and will be accompanied by increased efficiency, with the average AUM per distributor growing 
from INR 26 crore to INR 281 crore. This expansion in distribution capacity will be crucial for maintaining service 
quality and advisory support as the industry scales.
•	
These projections assume continued regulatory support for market development, sustained improvement in 
financial literacy and progressive adoption of technology, facilitating access to mutual fund investments. The 
growth trajectory also factors in increasing penetration in Tier-2 and Tier-3 cities, greater participation from 
younger investors and a sustained shift in savings and investment vehicles from physical to financial assets. 
The mutual funds route to Viksit Bharat @2047 | PwC | 41
Conclusion
The Indian mutual fund industry stands at a historic inflection point, having taken decisive steps towards enabling 
widespread financial wellbeing in a nation with over 1.4 billion aspirations. While developed markets such as the US 
achieved 5-10x growth58 in mutual fund AUM over 44 years, India is uniquely positioned to accelerate this journey 
significantly, powered by its digital public infrastructure and demographic dividend. 
With technological advantages like UPI, the account aggregator framework and ONDC, supported by forward-
thinking regulation and operating at global efficiency standards, the industry is well-positioned to compress this 
growth timeline into just 24 years. This transformation mirrors India’s leapfrogging journey in digital payments, where 
we developed a world-class infrastructure that processes more digital transactions than the US, the UK, Germany 
and France combined. 
The road ahead focuses on developing deeper understandings and serving the Indian investor through solutions that 
balance inclusivity with appropriate incentives across the value chain, leveraging India’s robust digital architecture to 
develop seamless, trust-based interactions. 
With a projected sixfold growth in customer base and a tenfold increase in per-investor AUM, driven by initiatives 
emphasising simplicity, relevance, behavioural and mindset change, inclusivity and last-mile delivery, the industry is 
poised to catalyse India’s wealth creation story. This growth will be further magnified by India’s expanding middle 
class, increasing financial literacy and the shift from physical to financial savings. 
As we navigate this era of abundant choice, the commitment to guiding investors towards suitable products will 
democratise wealth creation and contribute substantially to India’s economic prosperity, potentially adding several 
percentage points to the GDP through efficient capital allocation. The next quarter-century or the ‘Amrit Kaal’ 
promises to be transformative, as India becomes a nation where financial wellbeing is not just an aspiration but a 
widespread reality, creating a model for emerging economies worldwide. Just as India showed the world how to 
build digital public goods at the population scale, we are also positioned to demonstrate how to achieve financial 
inclusion and wealth creation at an unprecedented scale and velocity.
As we envision the trajectory towards Viksit Bharat 2047, the promise of financial wellbeing transcends the 
boundaries of mere inclusion. This paper has articulated a vision where financial systems are enablers and catalysts 
of personal and national growth. The strategies and frameworks outlined here are designed to transition from a 
model of access to one of empowerment, ensuring that every Indian citizen can thrive within the financial ecosystem.
The journey from financial inclusion to financial wellbeing is not a linear path; it is a dynamic process requiring all 
stakeholders’ collaboration, innovation and commitment. If executed effectively, the strategies laid out in this paper 
will potentially multiply retail investors, elevate per capita asset management and integrate mutual funds into the 
fabric of everyday financial decision-making. By embracing inclusivity, fostering innovation and prioritising education, 
we can create a financial landscape that is equitable, resilient and robust – paving the way for a future where 
financial wellbeing is not just an aspiration but a universal reality. Despite the challenges of the road ahead, with 
concerted efforts, the destination is within our reach.
58	PwC analysis
42 | PwC | The mutual funds route to Viksit Bharat @2047
The mutual funds route to Viksit Bharat @2047 | PwC | 43
At PwC, our purpose is to build trust in society and solve important problems. We’re a network of firms in  
151 countries with over 360,000 people who are committed to delivering quality in assurance, advisory and tax 
services. Find out more and tell us what matters to you by visiting us at www.pwc.com. 
PwC refers to the PwC network and/or one or more of its member firms, each of which is a separate legal entity. 
Please see www.pwc.com/structure for further details. 
© 2025 PwC. All rights reserved.
Contact us
Gautam Mehra
Leader – Tax and Regulatory Services 
PwC India
gautam.mehra@in.pwc.com
Sidharth Diwan
Partner – Business Transformation, Financial Services
PwC India
sidharth.diwan@pwc.com
Gayathri Parthasarathy
Technology Leader – Global Financial Services,
Sector Leader – Indian Financial Services 
PwC India
gai.partha@pwc.com
Ritesh Jha
Director – Business Transformation, Financial Services
PwC India
ritesh.jha@pwc.com
Contributors
Vikas Srivastava
Veer Doshi
Indrajeet Kenjale
Shaunak Shah
About PwC
In this document, PwC refers to PricewaterhouseCoopers Services LLP (a limited liability partnership firm in India having LLP Identification number  
AAI-8885), which is a member firm of PricewaterhouseCoopers International Limited (PwCIL), each member firm of which is a separate legal entity.
This document does not constitute professional advice. The information in this document has been obtained or derived from sources believed 
by PricewaterhouseCoopers Services LLP (PwCSL) to be reliable but PwCSL does not represent that this information is accurate or complete. 
Any opinions or estimates contained in this document represent the judgment of PwCSL at this time and are subject to change without notice. 
Readers of this publication are advised to seek their own professional advice before taking any course of action or decision, for which they are 
entirely responsible, based on the contents of this publication. PwCSL neither accepts or assumes any responsibility or liability to any reader of this 
publication in respect of the information contained within it or for any decisions readers may take or decide not to or fail to take.
© 2025 PricewaterhouseCoopers Services LLP. All rights reserved.
pwc.in
Data Classification: DC0 (Public)",2025-03-05,PWC
Financial health: Transcending from access to impact,https://www.pwc.in/ghost-templates/financial-health-transcending-from-access-to-impact.html,"TM
March 2025Financial health:  
Transcending from  
access to impactForeword by ASSOCHAM
In the recent years, India has witnessed significant change in financial inclusion, due to the introduction and 
widespread adoption of initiatives such as Pradhan Mantri Jan-Dhan Yojana (PMJDY) and Jan-Dhan, Aadhaar and 
Mobile (JAM) Trinity for increased access to formal banking services, Aadhaar for biometric identification and digital 
direct benefit transfers. It is important to note that financial inclusivity should not only focus on poverty reduction 
but also empower individuals to stabilise their future and effectively prepare for any financial risks. The end objective 
of financial inclusion should always be to drive sustainable prosperity and economic growth.
A large number of retail investors in India are increasingly diversifying into equities, mutual funds and alternative 
assets such as real estate investment trusts (REITs), gold exchange traded funds (ETFs) and alternate investment 
funds (AIFs). This evolution of India’s capital market has resulted in enhanced market liquidity and helped bring 
down the reliance of retail investors on traditional savings instruments such as gold and real estate.
New-age FinTech companies in India have also been playing a crucial role in expanding the access to financial 
services through digital wallets and other innovative payment solutions. By providing such customised products for 
certain target groups, these companies are helping in closing some key gaps in our financial ecosystem.
The Government’s role in driving access to financial services cannot be discounted. In addition to the current 
initiatives, facilitating the best-fit funding for small businesses and driving impactful financial inclusion schemes 
would drive further economic welfare.
With this background, ASSOCHAM is proud to host the 3rd National Conclave on Financial Inclusion with the theme 
‘Reforming today for a fairer tomorrow’. In partnership with PwC, we have drafted a detailed report outlining India’s 
financial inclusion journey and how we see the future unfolding.
We hope this report would be of value to regulators, market participants, researchers and policymakers in their 
continuous endeavour to advance financial inclusion and financial health in India. I extend my sincere appreciation 
to our knowledge partner for their invaluable contributions and wish all participants a successful and enriching 
conclave.Manish Singhal
Secretary General 
ASSOCHAM
2    PwC | Dvara Research | ASSOCHAM | Financial health: Transcending from access to impactAchieving financial inclusion needs to be seen as much more than mere access to formal banking services. 
The focus now needs to be on financial health. This report highlights the evolution of financial inclusion in India 
through various impactful initiatives and addressing the lingering challenges such as income volatility and poor risk 
management.
Financial health is the intended outcome and impact of financial inclusion. Income stability, debt management 
and savings are pertinent factors to be considered in order to evaluate financial health. Access to formal financial 
services is often seen as an indicator of financial inclusion but it is important to understand the relevance of how 
this access is being used and creating an impact.
The Financial Health Survey, co-developed by PwC and Dvara Research Foundation, is a diagnostic tool intended to 
capture multiple metrics across access, usage and impact to help generate valuable insights for financial institutions 
to drive financial wellbeing among individuals. This tool considers socio-demographic features and financial 
practices in order to offer a holistic view of financial health. It is built with the key understanding that financial 
health depends not only on inclusion but also on occupation, wealth and financial awareness. This tool will help 
financial service providers to better understand their customer segments, in terms of their unique requirements and 
expectations.
In this paper, we focus on transitioning from transactional to personalised, data-driven solutions using behavioural 
insights and analytics, especially for those who are new to financial services. It also covers India’s evolving capital 
market, noting a shift from traditional savings to higher-yielding instruments driven by consumer awareness 
and preference for market-linked investments. This approach aims to improve customer retention, enhance 
portfolio resilience and support sustainable growth, by translating financial inclusion into tangible financial health 
improvements.
We hope you find this report to be insightful.Foreword by PwC
Vivek Patil
Partner, Financial Services 
PwC India
 PwC | Dvara Research | ASSOCHAM | Financial health: Transcending from access to impact   3Foreword by Dvara Research
India finds itself at an interesting crossroads in its financial inclusion journey. On the one hand, access to basic bank 
accounts and credit has rapidly expanded in the last decade, but on the other hand, this access has not necessarily 
translated into suitable use and positive financial health for Indian households – particularly low-income households 
and enterprises. This presents a relevant opportunity for us at Dvara Research, where we, in collaboration with PwC, 
hope to engage with financial service providers (FSPs) on a long-term basis. The intent of our work is to help FSPs 
think about the impact measurement of their work and create actionable insights that can improve the suitability of 
products and services for those typically underserved. 
Dvara Research is an independent, non-partisan, not-for-profit policy research institution based in India with a 
mission to ensure that every low-income household and every small enterprise has complete access to suitable 
financial services and social security through a range of channels that enable them to use these services securely 
and confidently. This has been our mission for 15 years now, and during this time, we have built a strong and 
credible reputation in research and advocacy positions relating to financial inclusion and social protection in India 
from policy, regulatory and practitioner perspectives that are anchored to its mission. Dvara Research considers 
itself to be the voice of low-income households, and we envision a world in which the financial health of low-income 
households and enterprises (our primary stakeholders) is being accorded the highest priority by policymakers 
and practitioners alike. It is in line with this vision that we have embarked on a collaboration with PwC to shift the 
narrative from financial inclusion to financial health as a goal for practitioners and policymakers.
The Financial Health Survey, co-developed by Dvara Research and PwC, is a measurement method for assessing 
the extent and impact of financial inclusion. The survey is a comprehensive diagnostic toolkit that helps in 
understanding how financial access and suitable use of a suite of products and services can lead to improved 
financial health. The survey is intended to be used by policymakers but especially by FSPs, who are much closer 
to serving the financial needs of low-income households and enterprises. We imagine the tool to be capable of (i) 
measuring how changes in the adoption and use of formal finance are changing the levels of financial health for 
households; (ii) measuring the consequence of a policy intervention or a financial sector innovation on financial 
inclusion outcomes; and (iii) identifying factors that may cause the intervention or innovation to have more or less 
consequence for some households as compared to others. Indradeep Ghosh
Executive Director,  
Dvara Research
4    PwC | Dvara Research | ASSOCHAM | Financial health: Transcending from access to impactTable of contents
1. Building a resilient future: The need for a financial health framework 6
2. Understanding financial health 7
3. Measuring and understanding financial inclusion 9
4. Financial Health Survey – a diagnostic tool 10
5. Beyond metrics – calibrating for impact 12
6. Value proposition to financial service providers 14
7. Advanced modules to enhance the Financial Health Survey 16
8. Strategic importance of the Financial Health Survey 18
 PwC | Dvara Research | ASSOCHAM | Financial health: Transcending from access to impact   51. Building a resilient future: 
The need for a financial health 
framework
Almost 65% of India’s population lives in its rural areas.1 India’s financial sector has seen unprecedented expansion, 
driven by policy initiatives, digital infrastructure and regulatory reforms. Initiatives like Pradhan Mantri Jan-Dhan 
Yojana (PMJDY), Aadhaar-linked banking, Unified Payments Interface (UPI) and digital lending have significantly 
improved access to financial services, particularly for underserved segments.
Evolution of financial inclusion in India
However, mere access does not ensure financial health and stability. Many consumers, despite being part of the 
formal system, face income volatility, low savings and inadequate risk management, limiting the true impact of 
financial inclusion. To address this, a financial health framework is essential in order to move beyond access metrics 
to assess how individuals leverage financial services for long-term financial wellbeing. Financial institutions must 
shift from transactional engagement to personalised, data-driven solutions, using behavioural insights, AI-driven 
analytics and predictive modelling. This will enhance customer retention, improve portfolio resilience and drive 
sustainable growth.
A holistic approach  – integrating technology, product innovation, and cross-sector collaboration – is key to 
ensuring financial inclusion efforts translate into tangible financial health improvements. Institutions that embrace 
this shift will be better positioned to capture market opportunities, mitigate risks and contribute to economic 
stability.Sources : UIDAI; Press Information Bureau; RBI; Women’s World Banking; DFS (MoF); PwCLaunch of 
Aadhaar
Within three 
years of launch, 
510 million 
Aadhaar IDs 
were issued.Roll out of 
PMJDY
Within one year 
of launch, 180 
million Indians 
(15% of the 
population) 
opened 
accounts.Demonetisation
Launch of UPI
Surge in use of 
digital payments
UPI-enabled 
banks and non-
banks to operate 
with each otherDigital lending
Share of NBFCs 
in digital lending: 
~6.3%
About 80% of the 
Indian population 
had an account 
with financial 
institutions.Leapfrogging 
of financial 
development
Gap in financial 
access between 
rich and poor 
narrowed
Gender gap in 
financial access 
improved. 55.4% 
of PMJDY 
account are of 
women.Release of 
National 
Strategy for 
Financial 
Inclusion
Use of 
technology and 
multi-stakeholder 
approach 
for achieving 
financial 
inclusion
Issuance of 
differentiated 
banking licences 
– small finance 
banks and 
payment banks
1 https://pib.gov.in/PressReleasePage.aspx?PRID=1894901#:~:text=The%20Survey%20notes%20that%2065,on%20rural%20develop -
ment%20is%20imperative2010 2014 2016 2017 2020 2021-22
6    PwC | Dvara Research | ASSOCHAM | Financial health: Transcending from access to impact2. Understanding financial health
The United Nations Secretary-General’s Special Advocate for Inclusive Finance Development (UNSGA) defines 
financial wellbeing as the extent to which a person or family can smoothly manage their current financial obligations 
and have confidence in their financial future.2 Financial health is increasingly being recognised as a litmus test for 
the impact of financial inclusion. It is often construed as a financial state where there is enough financial security 
to meet current needs, plan for the future and handle financial shocks with confidence. A variety of factors – such 
as income predictability, debt management, savings and investments, credit score, ability to handle unexpected 
expenses, and proclivity for setting and planning for financial goals – contribute to a person’s financial health.
Contributing factors for financial health
However, these characteristics, and by extension, the financial health of a person, are contingent upon many other 
aspects of life, like the nature of occupation, initial endowment of wealth, levels of financial inclusion, financial 
awareness and acumen. Simply put, the observed financial health of a salaried employee will vary, on average, 
from that of a smallholder farmer with seasonal income. A salaried employee from a poor household supporting 
many dependents may have a different level of financial health compared to a similar employee from a wealthier 
household with no dependents. Similarly, a tribal nano-entrepreneur is bound to have a different level of financial 
health from that of an entrepreneur from a business family. Financial
healthDebt 
management
Financial 
planning
Credit scoreInvestmentsSavingsIncome stability
2 https://www.unsgsa.org/sites/default/files/resources-files/2021-10/unsgsa%20financial%20health%20summary%20report.pdfFinancial health = Function of ( *financial awareness, *financial access, *financial product 
usage, #occupation, #wealth endowment, #household-level factors, #individual factors, 
#social capital )
# - Variables that financial service providers cannot immediately influence  
* - Variables that financial service providers can influence significantly and measurably
 PwC | Dvara Research | ASSOCHAM | Financial health: Transcending from access to impact   7It is pertinent to note that some of these factors, like occupation, wealth status or household-level characteristics 
are not open to the direct and immediate influence of financial service providers. These might, in the long run, 
interact and be influenced by formal finance. However, in the short to medium term, they are fixed. On the other 
hand, factors like financial access, usage and awareness are amenable to the direct and measurable influence 
of financial service providers. The provision of suitable financial products to the underserviced segments of the 
population by financial service providers can provide better access and enhanced awareness, which in turn can 
influence the financial health of this population. Therefore, the pathway for providers to make a positive impact 
on the financial health of their customers is primarily through access, usage and awareness – all three of which 
important facets of financial inclusion. In fact, the theory of change for financial inclusion rests crucially on the 
interdependence between financial inclusion and financial health – i.e. greater levels of financial inclusion will 
engender better financial health for those included. 
Furthermore, both individually expressed traits (like individual risk appetite and initial wealth) that are idiosyncratic 
and unevenly endowed among members within any group, and group expressed traits (like the nature of occupation 
and levels of inclusion) that are common to groups of people that are similarly placed, have a bearing on financial 
health. Therefore, the same intervention of financial inclusion for different categories of people in different 
circumstances, with varying capabilities and proclivities, could have very contrasting outcomes. Measuring financial 
inclusion outcomes, therefore, becomes crucial to policymaking. Such measurements are used to track progress, 
garner insights and tinker interventions to ensure good outcomes for the financially included population. However, 
financial health, as an outcome of financial inclusion, is hard to measure and even more complex to interpret and 
understand.
8    PwC | Dvara Research | ASSOCHAM | Financial health: Transcending from access to impact3. Measuring and understanding 
financial inclusion 
Policymakers and financial service providers often measure financial inclusion in terms of access – e.g. the 
number of bank accounts opened, new to-credit customers serviced or new enrolments in government-backed 
insurance schemes like the Pradhan Mantri Jeevan Jyoti Bima Yojana (PMJJBY). This stems partly from the ease 
of measurability of these metrics and partly from considering financial access to be an end goal, rather than a 
means to financial wellbeing. However, given that the anticipated impact is not uniformly observed among the target 
population, usage of these financial products also gets tracked alongside the access metrics – such as dormancy 
of Jan Dhan accounts, or inactive or lapsed life insurance policies. This provides insight into the quality of access 
while also measuring approximate dropout rates in financial inclusion efforts. Further, the impact of access and 
usage was later included in the measurement toolkit to track the realisation of the expected outcomes from financial 
inclusion. This has become particularly important for financial service providers who raise impact capital to provide 
financial services to the underserved segments of the population.
Year-on-year trend for PMJDY accounts
60
50
40
30
20
10
025%
20%
15%
10%
5%
0%
Total PMJDY accounts (crore) % Inoperative PMJDY accounts (crore)Aug'17 Aug'18 Aug'19 Aug'20 Aug'21 Aug'22 Dec'23 Dec'24
Sources : Press Information Bureau; Department of Financial Services, Ministry of Finance; Government of India
The three categories of metrics – access, usage and impact – are often captured through multiple surveys across 
different sectors, periods and geographies. However, no survey currently offers the capability to understand 
the financial inclusion journey of sub-sections of the population and identify gaps, if any. This diagnostic view is 
needed not just for policymakers but, more crucially, for financial service providers who are looking to enter and 
invest in what is called the ‘Bharat’ customer segment. This segment comprises potential customers who are either 
outside of or new to formal finance, non-homogenous in their needs and aspirations, and looking for relevant and 
meaningful financial products that can suitably integrate them into the formal economy. ‘Bharat’ is a unique market 
with unique traits, requirements and expectations – it is also one that cannot be ignored.
The financial inclusion measurement survey, co-developed by Dvara Research and XKDR Forum, offers a coherent 
framework for capturing all three categories of metrics in an informative, cross-referenced and consistent manner. 
Dvara Research, in partnership with PwC, has refined this framework further to make it actionable and relevant for 
financial service providers particularly.
 PwC | Dvara Research | ASSOCHAM | Financial health: Transcending from access to impact   9Input
(access)• Physical and digital infrastructure
• Access to financial assets
• Access to financial advice
Output
(usage)• Frequency of use of financial services
Outcome
(impact)• Financial wellbeing
Sources : PwC, Dvara ResearchThe Financial Health Survey follows an input, output and outcome framework where access metrics are treated as 
inputs to financial inclusion, usage metrics constitute outputs and impact is captured in a set of outcome metrics. 
According to this categorisation, inputs are easy-to-track immediate metrics, outputs denote usage metrics that 
are expected to consolidate over the medium term, and outcomes are characteristics of financial health that would 
manifest over the long term.4. Financial Health Survey –  
a diagnostic tool
10    PwC | Dvara Research | ASSOCHAM | Financial health: Transcending from access to impactThe survey’s input and output metrics include questions on the access and usage of a suite of financial products like 
savings, investment, credit and insurance. The outcome metrics of financial health are captured by asking questions 
on day-to-day money management, borrowings, resilience, planning and confidence. Furthermore, questions on 
the households’ socio-demographic features, ownership of physical assets, informal money management, and the 
general financial service infrastructure available to them capture individual and group-level traits that characterise 
the surveyed households. These three core metrics, when combined with contextual information about the 
households being surveyed, provide valuable and actionable insights.
Elements of the Financial Health Survey
 
   
 
  Financial assets
and liabilitiesFinancial
wellbeingHousehold
socio-
demographic
features
Household
cashflowPhysical asset
ownershipInformal money
managementFinancial  services
infrastructure
Sources : PwC, Dvara Research
 PwC | Dvara Research | ASSOCHAM | Financial health: Transcending from access to impact   11In the aftermath of the COVID-19 pandemic, an emerging trend in household financial behaviour has been the 
increased preference for higher-yielding financial instruments over traditional savings products. Consumers are 
becoming more risk-aware and return-seeking, leading to greater adoption of market-linked investments, insurance 
products with wealth accumulation features and alternative savings instruments.
Distribution of household gross financial savings
50%
45%
40%
35%
30%
25%
20%
15%
10%
5%
0%Deposits Pension funds Insurance Currency Small savings Equities Mutual funds
FY 2021-23 FY 2011-20Average%
Source : CRISIL
Changing customer preferences for financial products in India are significantly shaping the economy by influencing 
capital markets, banking structures, credit penetration and financial inclusion. 
Shifting customer trends
Rise in alternative 
investments and  
gold digitalisationRise in equity 
and mutual fund 
investments
Increased credit 
penetration 
and alternative 
lendingGrowing demand 
for insurance 
and pension 
products 
Shift from fixed 
deposits to 
market-linked 
instruments 5. Beyond metrics –  
calibrating for impact
12    PwC | Dvara Research | ASSOCHAM | Financial health: Transcending from access to impactRise in equity and mutual fund investments » Strengthening capital markets
The rise in retail participation in equities and mutual funds is deepening India’s capital markets, enhancing liquidity, 
reducing volatility and boosting domestic business funding, thereby decreasing reliance on foreign institutional 
investments and increasing resilience to global economic shocks.
Growing demand for insurance and pension products » Strengthening social security
Rising retail participation in equities and mutual funds, coupled with increased insurance penetration and demand 
for pension products like the National Pension System (NPS) and annuities, is enhancing financial stability, 
deepening India’s capital markets, boosting long-term capital availability and supporting infrastructure investments.
Shift from fixed deposits to market-linked instruments »  Changing banking dynamics
Retail investors are increasingly shifting from traditional bank fixed deposits to mutual funds, stocks and bonds in 
pursuit of higher returns. This trend is leading to a reduction in Current Account Savings Account (CASA) deposits 
with banks. In response, banks are enhancing their wealth management services and creating hybrid investment 
products to retain deposits and cater to the evolving preferences of their customers.
Increased credit penetration and alternative lending » Expanding consumer demand
The increased adoption of buy now pay later (BNPL), personal loans and credit cards is boosting consumer 
spending and stimulating growth in retail, e-commerce and automobile sectors. Enhanced credit access for first-
time borrowers is also driving entrepreneurship and business expansion. However, increased personal debt levels 
could risk household financial stability if not managed properly.
Rise in alternative investments and gold digitalisation »  Diversification of savings
Increasing retail participation in equities, mutual funds and alternative investment vehicles like real estate investment 
trusts (REITs), gold exchange traded funds (ETFs) and alternate investment funds (AIFs) is deepening India’s capital 
markets and diversifying savings away from traditional bank deposits and physical assets. This shift enhances 
liquidity, boosts long-term capital availability and reduces reliance on physical gold and real estate. Meanwhile, 
banks are adapting by enhancing wealth management services and creating hybrid products. Although the rise 
of BNPL, personal loans and credit cards is stimulating consumer spending, it is also increasing personal debt 
which could threaten financial stability. Enhanced insurance and pension product demand could further strengthen 
financial resilience and support infrastructure investment.
This shift necessitates that financial service providers evolve their offerings, ensuring that investment solutions, 
lending models and financial planning services are aligned with the evolving risk appetite and financial aspirations of 
consumers. Furthermore, cross-industry collaborations – i.e. among traditional banks, FinTech firms and insurance 
providers – can drive innovative financial solutions that cater to the changing customer needs while promoting long-
term financial stability.
The Financial Health Survey,* comprising access, usage and impact-related insights with customer context and 
background, provides an opportunity to create a real-time direct feedback loop from impact to access. This enables 
financial service providers to leverage this knowledge about the impact pathways of their customer base to tweak 
their service offerings and outreach for different segments of their customer base. Doing this facilitates them to 
create new products and draft processes that can enable relevant, meaningful and targeted impact for these 
customers.
The survey offers a means to monitor the market for product gaps, recognise true value additions and prune product 
misfits on a dynamic basis. This is particularly important for the Bharat segment, which is new to formal finance, 
caught between the formal and informal sides of the economy and, in some ways, cajoled into transitioning to formal 
financial products by a combination of government measures and market imperatives. Being a largely low-income 
segment, the money management practices of such customers who are new to formal financial services also tend 
to be distinctly different from those of established customers who have been integrated into the formal economy for 
years and are familiar with the workings of the financial system. Therefore, meeting the customers from the Bharat 
segment at specific points in their journey and enabling timely and accurate recognition of their needs, pain points 
and preferences, can help ease their transition to formal finance. This is expected to provide good outcomes for all 
stakeholders – optimal financial health for customers, product-market fit for financial service providers, good social 
outcomes for impact investors, and inclusive and sustained growth for the government.
* The survey takes 15–25 minutes to complete, based on whether it is done telephonically or in-person.
 PwC | Dvara Research | ASSOCHAM | Financial health: Transcending from access to impact   13Impact measurement often seems like a distant ideal for financial service providers who have many competing 
business considerations around sales, margin, profit, etc., to contend with. Therefore, impact measurement often 
gets relegated to environmental, social and governance (ESG) or annual reports, where it becomes a stock-taking 
exercise that offers little to no value to the business specifically. On the contrary, thoughtfully crafted impact 
measurement that blends market reconnaissance, product feedback and customer insights seamlessly can provide 
strategic intelligence. This can improve the utility of such surveys for the business while also anchoring to the 
welfare of customers and sustainability of the entire business ecosystem. 
Potential impact areas for the survey
Market insights
Gain  
comprehensive 
insights into 
consumer 
consumption 
patterns to 
inform strategic 
decisions.Services and 
distribution
Optimise service 
delivery channels 
to increase hyper-
personalisation.Customer 
profiling and 
segmentation
Identify distinct 
customer 
segments and 
their varied 
needs.Strategic/  
go-to-market 
(GTM) insights
Draft a 
comprehensive 
strategy and GTM 
recommendation 
to drive 
business growth 
and market 
penetration.Product 
offerings
Receive tailored 
recommenda -
tions to enhance 
product offerings.
Sources : PwC, Dvara Research
Market insights
 Services and distribution »Potential impact : Financial institutions can anticipate the shifts in demand of their customers and fine-
tune their product and investment strategies, which align with the emerging consumer preferences and 
macroeconomic conditions.
• Scenario 1:  Mutual funds: The survey revealed that the Gen-Z and millennial population show increased 
preference for thematic and ESG funds. Asset management companies (AMCs) adjusted their marketing 
strategy and recalibrated their investment portfolio to focus more on thematic and ESG investments. AMCs 
may also consider launching customised investment options to cater to the needs of the target customer 
segment.
• Scenario 2:  Insurance: Insights from the survey indicate a growing demand for hybrid insurance-cum-
investment products among the youth. Insurers develop and promote unit-linked insurance plans (ULIPs) 
that balance protection with wealth creation, thus ensuring higher adoption.
 »Potential impact : Better accessibility and high customer engagement by hyper-personalising different 
channels to meet regional, behavioural and digital preferences of the customers
• Scenario 1:  Loan products: Insights from survey revealed an increased preference for consumer loans 
for buying electronic products. Banks can collaborate with e-commerce platforms and retailers to provide 
pre-approved loan solutions or offers on payment using their channels.6. Value proposition to financial 
service providers
14    PwC | Dvara Research | ASSOCHAM | Financial health: Transcending from access to impactCustomer profiling and segmentation
Strategic/Go-to-market (GTM) insights
 Product offerings »Potential impact : Refinement of customer segmentation models, leading to hyper-personalised offerings 
and better risk assessment
• Scenario 1:  Credit products: Survey insights reveal that gig economy workers face challenges in credit 
approval due to inconsistent incomes. A bank develops a dynamic risk-based lending model incorporating 
alternative data like transaction patterns and savings behaviour to extend need-based loans.
• Scenario 2:  Insurance: Behavioural profiling from survey data shows that young professionals are hesitant 
to purchase life insurance due to complexity, lack of transparency and involvement of third-party agents. 
Insurers introduced simplified, digital-first plans with interactive guidance tools, and a tutorial covering the 
basics. All of these helped in increasing penetration in this segment.
 »Potential impact : The survey helps firms design effective market entry and product positioning strategies, 
ensuring maximum reach and adoption
• Scenario 1:  Mutual funds: The survey highlights that first-time investors are intimidated by direct equity 
investments but are open to goal-based investing and be more financially aware of investing principles. An 
AMC introduced a ‘first-time investor’ mutual fund portfolio, featuring low-risk and automated rebalancing 
options. They also introduced short, in-app based video tutorials explaining basic financial jargons.
• Scenario 2:  Financial hedging solutions: The survey insights revealed that many firms operating in the agri 
space are unaware of hedging instruments that protect against commodity price fluctuations. A financial 
institution can reach out to its customers to educate and introduce commodity-linked savings and hedging 
instruments which can be used to secure customers against price fluctuations.
 »Potential impact : The survey can support innovation by identifying gaps in existing product lines, 
ensuring financial institutions develop relevant, high-demand financial solutions to capture opportunities.
• Scenario 1:  Banking and savings: A survey revealed that customers prefer options which would 
automatically apply fixed deposits rate to the remaining capital over a limit in their savings account while 
also maintaining liquidity. Bank introduced flexi savings account, which automatically applies fixed deposit 
rates on the balance amount above the limit specified by the user.
• Scenario 2:  Credit products: Data revealed that women entrepren",2025-03-04,PWC
Towards a climate-resilient future: Strategies for the Andaman and Nicobar Islands,https://www.pwc.in/ghost-templates/towards-a-climate-resilient-future.html,"Towards a climate-resilient 
future: Strategies for the 
Andaman and Nicobar Islands 
Jointly prepared by PwC India and PwC India Foundation 
March 2025 
Towards a climate-resilient future: Strategies for the Andaman and Nicobar Islands 
March 2025 
PwC 
2
Table of contents 
1.
Setting the context ................................................................................................................................. 9 
1.1. 
About the study ......................................................................................................................... 10 
2.
Situational analysis .............................................................................................................................. 12 
2.1. 
LULC analysis in the ANI .......................................................................................................... 12 
2.2. 
Climate change impact assessment ......................................................................................... 19 
3.
Identifying solutions for addressing vulnerabilities ......................................................................... 26 
3.1. 
Prioritisation of the vulnerable sub-districts ............................................................................... 26 
3.2. 
Socio-economic and demographic profile of vulnerable sub-districts ....................................... 33 
3.3. 
Proposed measures to address vulnerabilities ......................................................................... 38 
4.
Green finance options ......................................................................................................................... 42 
4.1. 
Assessment of the feasible financing options ........................................................................... 42 
5.
Feasibility of carbon markets for pilot interventions ....................................................................... 44 
5.1. 
Assessing the applicability of carbon markets .......................................................................... 44 
5.2. 
Estimated carbon credits for the proposed solutions in the pilot site(s) .................................... 46 
5.3. 
Final measures for implementation as a pilot ............................................................................ 51 
6.
The way forward ................................................................................................................................... 56 
7.
Annexures ............................................................................................................................................. 58 
Annexure A: Scale used for evaluating green financing options ............................................................ 58 
Annexure B: Indicative costs associated with carbon markets .............................................................. 60 
Towards a climate-resilient future: Strategies for the Andaman and Nicobar Islands 
March 2025 
PwC 
3
List of tables 
Table 1: LULC analysis for 2005-06, 2010-11, 2015-16, 2022-23 ...................................................................... 16 
Table 2: Comparison of LULC changes from 2005 to 2023 in the ANI ............................................................... 17 
Table 3: Climate change impacts on nature-based sectors ................................................................................ 24 
Table 4: SEVI ...................................................................................................................................................... 27 
Table 5: BPVI ...................................................................................................................................................... 29 
Table 6: CVI ........................................................................................................................................................ 32 
Table 7: Socio-economic and demographic profiles of the selected sub-districts .............................................. 33 
Table 8: Proposed measures and their justification for selection ........................................................................ 38 
Table 9: Description of benefits from the proposed measure ............................................................................. 40 
Table 10: Evaluation of the green finance options .............................................................................................. 43 
Table 11: VCS-registered ARR projects with estimated ERs/ha/annum ............................................................ 46 
Table 12: VCS-registered clean cookstove projects with estimated ERs/IC/annum ........................................... 47 
Table 13: Indicative carbon credit revenue (USD/annum) through implementing clean cookstoves .................. 48 
Table 14: Percentage and number of HHs at the shortlisted sites by main source of lighting ............................ 48 
Table 15: Indicative carbon credits for DRE ....................................................................................................... 49 
Table 16: VCS-registered mangrove restoration projects with estimated ERs/ha/annum .................................. 49 
Table 17: Carbon market feasibility: Summary of the findings for the proposed measures ................................ 51 
Towards a climate-resilient future: Strategies for the Andaman and Nicobar Islands 
March 2025 
PwC 
4
List of figures 
Figure 1: Current land use patterns .................................................................................................................... 13 
Figure 2 (A, B, C, D): Historical land use patterns .............................................................................................. 14 
Figure 3: Mangrove loss ..................................................................................................................................... 18 
Figure 4: Climate change impacts on the small islands ...................................................................................... 19 
Figure 5: Rainfall recorded at Port Blair from 2011 to 2022 ................................................................................ 20 
Figure 6: Annual precipitation (mm) .................................................................................................................... 21 
Figure 7: Maximum temperature (°C) ................................................................................................................. 21 
Figure 8: Minimum temperature (°C) .................................................................................................................. 22 
Figure 9: Projected sea level rise under different SSP scenarios ....................................................................... 22 
Figure 10: Cyclone tracks in the last 20 years .................................................................................................... 23 
Figure 11: Map illustrating the SEVI of the ANI .................................................................................................. 28 
Figure 12: Map illustrating the BPVI of the ANI .................................................................................................. 30 
Figure 13: Comparison of SEVI and BPVI .......................................................................................................... 31 
Figure 14: Map illustrating the CVI of the ANI ..................................................................................................... 32 
Towards a climate-resilient future: Strategies for the Andaman and Nicobar Islands 
March 2025 
PwC 
5 
Foreword 
The Andaman and Nicobar Islands (ANI) stand on the frontlines of climate change, where the impact is both 
immediate and significant. This unique region faces a myriad of challenges – rising sea levels, changing 
weather patterns, increasing temperatures and biodiversity threats – affecting the environment as well as the 
lives of the people in these regions. 
Over the past few years, PwC India Foundation (PwCIF) has actively supported development efforts in the ANI, 
working closely with local communities, government bodies and think tanks to foster sustainable solutions and 
improve quality of life. In our latest study, a collaboration between PwC India and PwCIF, we have conducted 
extensive research and engaged with stakeholders to identify the socio-economic, biophysical and climate-
related challenges in these islands. Tailored to the adaptation and mitigation needs of the ANI, we have 
prepared a comprehensive climate-resilient action plan comprising viable climate solutions and financing 
options. 
We extend our gratitude to the many individuals whose invaluable insights have shaped this report. Their 
contribution has been crucial in understanding the complex dynamics at play and enabled us to curate effective 
solutions. As we move forward, our focus will be on implementing these solutions. 
We remain committed to this mission, dedicated to making a measurable impact on the ground. We hope that 
this report will serve as a guiding document for policymakers, businesses and communities in the ANI, 
catalysing meaningful change towards a sustainable future. 
Sanjeev Krishan 
Chairperson, PwC in India 
Jaivir Singh 
Vice Chairman, PwC India Foundation 
Leader of the Global Office for Humanitarian Affairs 
Towards a climate-resilient future: Strategies for the Andaman and Nicobar Islands 
March 2025 
PwC 
6 
Abbreviations 
ANI 
Andaman and Nicobar Islands 
LPG 
Liquefied petroleum gas 
AR6 
Sixth Assessment Report 
LULC 
Land use/land cover 
ARR 
Afforestation, reforestation and 
revegetation 
PDD 
Project design document 
BPVI 
Bio-Physical Vulnerability Index 
PNG 
Piped natural gas 
CDM 
Clean development mechanism 
SDG 
Sustainable Development Goal 
CRD 
Climate resilient development 
SEVI 
Socio-Economic Vulnerability Index 
CSR 
Corporate social responsibility 
SOP 
Share of proceeds 
CVI 
Composite Vulnerability Index 
SSC 
Small scale 
DRE 
Decentralised renewable energy 
SSP 
Shared socioeconomic pathway 
ER 
Emission reduction 
VCS 
Verified carbon standards 
GHG 
Greenhouse gas 
VCU 
Verified carbon units 
HH 
Household 
VCM 
Voluntary carbon market 
ICS 
Improved cookstoves 
WBG 
CCKP 
World Bank Group Climate Change 
Knowledge Portal 
IPCC 
Intergovernmental Panel on 
Climate Change 
IUCN 
International Union for Conservation 
of Nature 
Towards a climate-resilient future: Strategies for the Andaman and Nicobar Islands 
March 2025 
PwC 
7 
Executive summary 
The ANI are strategically and ecologically significant for India; however, their development has been 
constrained by their geographic isolation. Recent government initiatives have aimed to transform the ANI into 
an economic hub, focusing on infrastructure, trade, commerce and tourism. However, given the islands’ 
ecological sensitivity and vulnerability to climate change, a climate-resilient development approach is essential. 
This report, jointly developed by PwC India and the PwCIF, presents a comprehensive climate-resilient action 
plan that outlines viable climate solutions along with financing options for implementation in the most vulnerable 
regions of the ANI.  
The report is divided into six chapters, which are summarised below: 
Chapter 1: Setting the context 
This chapter establishes the context of the study against the background of ongoing and planned development 
activities in the ANI, along with the ecological, climatic and social vulnerabilities of the islands. It also introduces 
the conceptual framework used to formulate the action plan, which is the IPCC’s Climate-Resilient 
Development Framework from AR6. The action plan is derived from the identified needs in the ANI with the aim 
of fostering broader adaptation and mitigation benefits.  
Chapter 2: Situational analysis 
This chapter provides a comprehensive overview of the ANI’s geographic, ecological and socio-economic 
profile, identifying key challenges and vulnerabilities. An LULC assessment was conducted to analyse changes 
in land use land cover patterns in the ANI over the past two decades.  
The analysis indicated that the ANI has experienced an increase in agricultural activities, particularly 
plantations/orchards and annual crops, while traditional kharif cropping has declined. Evergreen and semi-
evergreen woodlands have decreased, with a corresponding increase in degraded woodlands. Moreover, there 
has been a reduction in littoral, swamp/mangroves and an increase in the minimum spread of water bodies. 
The overall landscape has shifted towards more intensive land use, with significant changes in agricultural 
practices and forest cover. In addition to the LULC assessment, a climate change impact assessment was 
conducted using geospatial analysis of climate indicators such as temperature, precipitation, sea level rise and 
extreme weather events. The results indicated that the ANI’s coastal, marine and forest ecosystems have been 
adversely affected by climate change. These impacts are manifested in various ways, such as degradation of 
soil quality, increased soil erosion, altered water availability, shifts in salinity distribution and nutrient leaching. 
These environmental changes lead to cascading physical, social and ecological repercussions that further 
degrade the ANI’s natural ecosystems. 
Chapter 3: Identifying solutions for addressing vulnerabilities 
This chapter outlines measures to enhance the resilience of local communities and mitigation measures to 
reduce and sequester carbon emissions. A CVI was developed using bio-physical, socio-economic and 
demographic factors to identify the most vulnerable regions in the ANI. Diglipur, Mayabunder and Ferrargunj 
emerged as the most vulnerable sub-districts. Subsequently, the viability of several solutions to address the 
specific vulnerabilities in these sub-districts were assessed. Agroforestry, clean cookstoves, decentralised 
renewable energy, coconut husk biochar and mangrove conservation emerged as the most viable options 
that could be developed into pilot projects for implementation. 
Towards a climate-resilient future: Strategies for the Andaman and Nicobar Islands 
March 2025 
PwC 
8 
Chapter 4: Green finance options 
This chapter examines the financial mechanisms to support the implementation of the climate solutions 
identified in the previous chapter. Green finance options, including impact investment, green bonds, green 
loans, climate finance and carbon markets, were evaluated based on key parameters such as accessibility, 
regulatory flexibility, volatility, returns and scalability. Among these options, carbon markets emerged as the 
most viable choice for financing the climate solutions in Diglipur, Mayabunder and Ferrargunj. 
Chapter 5: Feasibility of carbon markets for pilot intervention 
This chapter shortlists two to three climate solutions from those identified in Chapter 3 based on their feasibility 
for implementation through carbon market financing. The assessment considered factors such as the degree of 
alignment with existing carbon methodologies (e.g. Verra and Gold Standard), estimated emission reductions, 
indicative price/credit, and additionality through alignment with the SDGs.  
Mangrove restoration, clean cookstoves and decentralised renewable energy emerged as the most promising 
solutions, with mangrove restoration standing out due to its significant carbon sequestration potential and 
additional co-benefits. As one of the three main blue carbon ecosystems in the ANI, mangroves present an 
untapped opportunity for the region, which have largely remained unexplored. 
Chapter 6: The way forward 
This chapter summarises the key findings of the report. Mangrove restoration, clean cookstoves and 
decentralised renewable energy were identified as the measures best suited for implementing as pilots in 
Diglipur, Mayabunder and Ferrargunj, with carbon markets as the preferred financing mechanism.  
The next phase of the project will focus on implementing these measures in the identified areas. Key upcoming 
activities include developing detailed project plans for the pilots, securing funding and executing them on 
the ground. 
Towards a climate-resilient future: Strategies for the Andaman and Nicobar Islands 
March 2025 
PwC 
9 
1. Setting the context
Spread across 8,249 sq. km, with a long coastline of 1,962 km in the Bay of Bengal, the ANI represent a unique 
intersection of geopolitical importance and ecological sensitivity. Geographically closer to Southeast Asia than 
the Indian mainland, the ANI offer a significant locational advantage in the east to India. These islands are 
situated near the Malacca shipping lanes, which serve as key trade routes between Asia, Africa and the Pacific. 
To maximise this geographic advantage, the government has initiated a range of infrastructure projects aimed 
at transforming the ANI into an economic hub for trade, commerce and tourism while promoting socio-economic 
development.1,2,3 
Simultaneously, these islands are characterised by a rich biodiversity and high levels of endemism due to their 
geographic location and isolation. The islands comprise fragile terrestrial, coastal and marine ecosystems that 
provide key ecosystem services and must be preserved. However, these natural resources face increasing 
threats from anthropogenic climate change, including rising sea levels, increasing temperatures and change in 
precipitation patterns. These changes are expected to negatively impact livelihoods, health and infrastructure in 
the ANI. For instance, changes in precipitation may lead to crop loss and reduced agricultural productivity and 
availability of drinking water as residents are primarily dependent on rainwater. Meanwhile, rising average 
temperatures may affect the ANI’s key economic sectors (fisheries, agriculture and tourism) by altering fish 
habitats and spawning, reducing food production due to increased evapotranspiration, heat stress on crops, 
erratic weather and pest attacks. The tourism sector may also suffer as coral bleaching leads to the loss of 
natural attractions. Furthermore, rising sea levels may contribute to coastal erosion, increased storm surges, 
inundation of low-lying areas and saltwater intrusions, thus degrading water resources. The impacts of climate  
1
The Economic Times, 2024 will be a transformational year for the Andaman and Nicobar Islands. Economic Times, 2023, 
https://infra.economictimes.indiatimes.com/news/urban-infrastructure/2024-will-be-transformational-year-for-andaman-and-nicobar-
islands/106341740 
2
The Economic Times, Modi Government’s Rs 10,000 Crore Plan to Transform Andaman and Nicobar Islands, 2015, 
https://economictimes.indiatimes.com/news/economy/infrastructure/modi-governments-rs-10000-crore-plan-to-transform-andaman-
and-nicobar-islands/articleshow/49111067.cms?from=mdr   
3
The Hindu, Nicobar Triangle: On the ₹72,000-Crore Project on Great Nicobar Island, 2024, 
https://www.thehindu.com/opinion/editorial/%E2%80%8Bnicobar-triangle-on-the-72000-crore-project-on-great-nicobar-
island/article68327922.ece  
Towards a climate-resilient future: Strategies for the Andaman and Nicobar Islands 
March 2025 
PwC 
10 
change not only threaten the ecological balance of the islands but also undermine their economic and social 
resilience, exacerbating existing vulnerabilities and creating new risks. For instance, people in the ANI are 
increasingly vulnerable to climate change-induced diseases such as malaria and dengue, as their prevalence is 
expected to increase with rising temperatures. This risk is further increased by limited healthcare facilities on 
the islands.4 
Within this context of geopolitical and ecological significance and the growing threats posed by climate change, 
a balanced approach towards sustainable development is essential. This approach must incorporate climate-
resilient strategies that protect and preserve the fragile ecosystem while addressing the region’s economic and 
strategic needs. This study has been conducted within this framework with the aim of developing climate-
resilient solutions that support sustainable development in the ANI. 
1.1. About the study 
Objective and conceptual underpinning 
This study uses the lens of the IPCC CRD framework, with the aim of identifying solutions for the ANI that will 
build climate resilience and achieve sustainable development outcomes. CRD is defined as ‘a process of 
implementing greenhouse gas mitigation and adaptation options to support sustainable development for all in 
ways that support human and planetary health and well-being, equity and justice’.5 According to the CRD 
framework, climate action (adaptation and mitigation) and sustainable development are interlinked and cannot 
be effectively achieved in isolation. Adaptation actions enhance social, economic and ecological resilience to 
climate change, thereby supporting sustainable development outcomes. For example, climate-smart 
agricultural practices improve water management, increase water availability, and enhance livelihoods and food 
security. Simultaneously, without mitigation actions, global warming will continue to escalate, worsening climate 
impacts undermining development and limiting effective adaptation options that are available. CRD focuses on 
transforming five interconnected systems: Energy systems, industrial systems, urban and infrastructure 
systems, societal systems, and land, ocean and ecosystems. It also considers socio-economic inequities 
stemming from gender, race or ethnicity, geographic location and poverty to avoid compounding vulnerability to 
climate change and exacerbating injustice.  
4
Ministry of Health and Family Welfare, Andaman & Nicobar Islands: State Action Plan on Climate Change and Human Health. 2022-
27, https://ncdc.mohfw.gov.in/wp-content/uploads/2025/01/34_SAPCCHH_Andaman-and-Nicobar_21-10-24.pdf  
5
IPCC, Sixth Assessment Report, Climate Change 2022: Impacts, Adaptation and Vulnerability, 2022, 
https://www.ipcc.ch/report/ar6/wg2/downloads/report/IPCC_AR6_WGII_Chapter18.pdf 
 
Towards a climate-resilient future: Strategies for the Andaman and Nicobar Islands 
March 2025 
PwC 
  
11 
Methodology 
The study used a comprehensive methodology comprising desk research, data collection, stakeholder 
consultations and data analysis. A literature review was conducted, examining research studies, articles and 
government reports, followed by the collection and analysis of quantitative and qualitative data to identify trends 
and assess the ANI’s landscape. To strengthen the insights, extensive consultations were conducted with a 
range of stakeholders, including central and union-level government agencies, the private sector, development 
agencies and carbon market project developers. These consultations were conducted at different stages of the 
study to gather information and validate findings. In addition, an Advisory Committee (see Acknowledgements) 
consisting of four experts was established to provide critical reviews, direction and insights into the study’s 
findings, enhancing the findings’ robustness. 
A situational analysis was conducted to assess the impacts of climate change and LULC changes. 
Subsequently, the three most vulnerable locations were prioritised using a CVI of socio-economic and bio-
physical factors. Five feasible climate solutions were shortlisted based on two criteria: prior implementation in 
the ANI or presence in existing government policies and programmes in the ANI. Finally, several green 
financing options were assessed, with carbon markets emerging as the most feasible. The study concluded 
with an assessment of the carbon market’s applicability to finance pilot projects, with mangrove restoration, 
clean cookstoves and decentralised renewable energy emerging as the most promising options. 
 
 
 
 
Towards a climate-resilient future: Strategies for the Andaman and Nicobar Islands 
March 2025 
PwC 
  
12 
 
2. Situational analysis 
This chapter provides an in-depth analysis of the ANI’s climate trends and shifts in LULC patterns. It offers a 
comprehensive understanding of the ANI’s natural resource base, the threats to key economic sectors and 
anticipated climate risks. These findings, which form the foundation for the rest of the study, are detailed in the 
following sections. 
2.1. LULC analysis in the ANI 
LULC plays a critical role in the climate system, acting as a source and sink of GHGs.6 Changes in LULC 
patterns modulate the incidence of heatwaves, cold waves, cloud formation and rainfall patterns. Such changes 
can directly and indirectly affect surface temperatures, leading to altered rainfall patterns and thereby droughts 
or floods.7 Meanwhile, climate change, including the increasing frequency and intensity of extreme weather 
events, has negatively impacted food security and terrestrial ecosystems and contributed to land degradation 
and desertification. The land ecosystems in the ANI remain highly vulnerable to these ongoing changes and 
extreme weather events.  
 
 
 
6 
U.S. Geological Survey, How do changes in climate and land use relate to one another? https://www.usgs.gov/faqs/how-do-changes-
climate-and-land-use-relate-one-another-1?qt-news_science_products=0#qt-news_science_products 
7 
U.S. Global Change Research Program, Impacts, Risks, and Adaptation in the United States: Fourth National Climate Assessment, 
Volume II, 2018, https://nca2018.globalchange.gov/chapter/5/ 
 
Towards a climate-resilient future: Strategies for the Andaman and Nicobar Islands 
March 2025 
PwC 
  
13 
2.1.1. Current land use patterns 
The ANI have diverse LULC patterns, comprising dense tropical forests, mangroves, coastal wetlands, 
agricultural land and urban settlements. Approximately 86% of the total land area is covered by forests, which 
include tropical evergreen forests, tropical semi-evergreen forests, moist deciduous forests and mangroves.8 
The remaining land is used for agriculture, settlements and other purposes. 
Figure 1: Current land use patterns 
 
Land use land cover pattern (2022-23)
Area (L ha)
Annual crop; 0.09; 1%
Plantation and 
Builtup; 0.04; 1%
orchard; 0.16; 2%
Deciduous woodland; 
0.45; 5%
Waterbodies max 
Littoral, swap and 
spread; 0.04; 0%
mangroves; 0.63; 8%
Wasteland; 0.04; 1%
Waterbodies min 
spread; 0.09; 1%
Degraded woodland; 
Current fallow; 0.02; 
2.13; 26%
0%
Evergreen and semi-
evergreen woodland; 
4.55; 55%
Source: Bhuvan; NRSC; Government of India 
 
 
 
 
8 
Government of India, Bhuvan; NRSC, 2023 
 
Towards a climate-resilient future: Strategies for the Andaman and Nicobar Islands 
March 2025 
PwC 
  
14 
2.1.2. Historical changes in land use 
Historical changes in LULC patterns in the ANI have been shaped by natural events and human activities. The 
2004 tsunami in the Indian Ocean significantly altered the coastal landscape, submerging several islands and 
causing substantial loss of mangrove forests. Meanwhile, post-tsunami reconstruction efforts and development 
projects have contributed to increased urbanisation and deforestation in certain areas. 
Figure 2 (A, B, C, D): Historical land use patterns 
(A): LULC (2005–2006) 
 
Builtup
Annual crop
Plantation and orchard
Deciduous woodland
Littoral, swap and mangroves
Wasteland
Waterbodies min spread
Kharif crop
Current fallow
Evergreen/semi-evergreen woodland
Degraded woodland
Shifting cultivation
Waterbodies max spread
 
(B): LULC (2010–2011) 
 
Builtup
Annual crop
Plantation and orchard
Deciduous woodland
Littoral, swap and mangroves
Wasteland
Kharif crop
Current fallow
Evergreen/semi-evergreen woodland
Degraded woodland
Shifting cultivation
Waterbodies max spread
 
 
 
Towards a climate-resilient future: Strategies for the Andaman and Nicobar Islands 
March 2025 
PwC 
  
15 
(C): LULC (2015–2016) 
 
Builtup
Rabi crop
Plantation and orchard
Deciduous woodland
Littoral, swap and mangroves
Wasteland
Kharif crop
Current fallow
Evergreen/semi-evergreen woodland
Degraded woodland
Annual crop
Waterbodies max spread
 
(D): LULC (2022–2023) 
 
Builtup
Annual crop
Plantation and orchard
Deciduous woodland
Littoral, swap and mangroves
Wasteland
Waterbodies min spread
Current fallow
Evergreen/semi-evergreen woodland
Degraded woodland
Waterbodies max spread
Source: Bhuvan 
 
 
 
Towards a climate-resilient future: Strategies for the Andaman and Nicobar Islands 
March 2025 
PwC 
  
16 
The findings of the LULC analysis are presented in Table 1. 
Table 1: LULC analysis for 2005-06, 2010-11, 2015-16, 2022-23 
Year 
Description 
2005-06 
• 
The ANI were predominantly covered by forests, especially evergreen and semi-
evergreen woodlands. 
• 
Significant degraded woodland and mangrove areas were also present. 
• 
Agricultural land use was minimal and human development was limited, with very little built-
up areas and wasteland.  
• 
Water bodies that varied in size across the islands covered the landscape.  
• 
Overall, the data reflects a landscape with more natural vegetation than human development. 
2010-11 
• 
The ANI experienced minimal changes in land use and land cover.  
• 
The most notable changes include a slight decrease in kharif crops and shifting cultivation 
while a minor increase was observed in fallow land. 
• 
The maximum spread of water bodies increased.  
• 
Overall, the land cover remained mostly stable, with evergreen and semi-evergreen 
woodlands and degraded woodlands predominant. 
2015-16 
• 
The ANI experienced some notable changes in land use and land cover in 2015. 
• 
There was a significant reduction in kharif crop areas and a marked increase in annual crop 
areas by 2015.  
• 
Evergreen and semi-evergreen woodlands slightly increased, whereas degraded woodlands 
saw a marginal decrease. 
• 
The presence of rabi crops in 2015 indicates diversification in agricultural practices.  
• 
Overall, the landscape maintained a high degree of natural vegetation with minimal changes 
in built-up areas and wasteland. 
2022-23 
• 
The ANI experienced a mix of stability and changes in their land use and land cover patterns.  
• 
Built-up and plantation areas increased, showing signs of human development and 
agricultural intensification.  
• 
However, evergreen and semi-evergreen woodlands slightly decreased, suggesting some 
loss of forest cover.  
• 
Wetlands and water bodies showed notable increases, indicating positive changes in these 
ecosystems.  
• 
Overall, the islands maintained a significant amount of their natural vegetation, but there 
were signs of development and environmental changes. 
 
Towards a climate-resilient future: Strategies for the Andaman and Nicobar Islands 
March 2025 
PwC 
  
17 
Table 2: Comparison of LULC changes from 2005 to 2023 in the ANI9 
The LULC change analysis reveals several notable shifts in land use and cover across the ANI between 2005 
and 2023. Agricultural activities have increased, particularly in plantation/orchard and annual crops, whereas 
traditional kharif crops have declined. Evergreen and semi-evergreen woodlands have decreased, with a 
corresponding rise in degraded woodlands. There has also been a reduction in littoral, swamp and mangrove 
areas, along with an increase in the minimum spread of water bodies. Overall, the landscape has shifted 
towards more intensive land use, with significant changes in agricultural practices and forest cover. 
 
 
 
9 
Government of India, Bhuvan-Thematic Service, ISRO, India - https://bhuvan-app1.nrsc.gov.in/thematic/thematic/index.php 
LULC class 
Area (L ha) 
2005 
2010 
2015 
2020 
2023 
Built-up 
0.04 
0.04 
0.04 
0.05 
0.04 
Annual crops 
0.01 
0.01 
0.19 
null 
0.09 
Plantation/orchards 
0.01 
0.01 
0.01 
0.21 
0.16 
Deciduous woodland 
0.43 
0.43 
0.43 
0.48 
0.45 
Littoral/swamp/mangroves 
0.7 
0.7 
0.7 
0.75 
0.63 
Wasteland 
0.04 
0.04 
0.04 
0.01 
0.04 
Waterbodies (min. spread) 
0.01 
null 
null 
0.11 
0.09 
Kharif crops 
0.16 
0.14 
0.02 
null 
null 
Current fallow 
0.12 
0.14 
0.09 
0.15 
0.02 
Evergreen/semi-evergreen 
woodland 
5.01 
5.01 
5.05 
4.76 
4.55 
Degraded woodland 
1.62 
1.62 
1.16 
1.69 
2.13 
Shifting cultivation 
0.06 
0.05 
null 
null 
null 
Waterbodies (max. spread) 
0.05 
0.06 
0.05 
0.04 
0.04 
 
Towards a climate-resilient future: Strategies for the Andaman and Nicobar Islands 
March 2025 
PwC 
  
18 
2.1.3. Deforestation and mangrove loss 
Deforestation has been driven by logging, agricultural expansion and infrastructure development. Analysing 
satellite imagery and remote sensing data over the past few decades shows a gradual decline in forest cover, 
impacting the islands’ biodiversity and ecological balance. The presence of mangroves has also rapidly 
declined, with approximately 357 sq. km lost between 1989 and 2021, representing nearly 15% of the total loss 
during this period.10 Coastal development, aquaculture activities and natural disasters such as the 2004 
tsunami have further contributed to mangrove degradation.11,12 Significant changes in LULC patterns are 
observed in the ANI over recent decades, largely driven by natural disasters and human activities.13,14,15 The 
compounded effects of these changes include ecological consequences such as species loss and reduced 
coastal protection, highlighting the urgent need for sustainable management practices in the region 
Figure 3: Mangrove loss  
 
Source: ISFR, 2021 
The loss of these forests is linked to species loss, although quantifying the extent of this loss remains 
challenging due to data unavailability. These forests play a crucial role in coastal protection and biodiversity, 
and their degradation has significant ecological implications.  
 
 
 
10 
Forest Survey of India, State of Forest Report- Chapter 3: Mangrove Cover, 2021, https://fsi.nic.in/isfr-2021/chapter-3.pdf  
11 
Business Outlook, Is India's Mangrove Cover Shrinking? Here's All You Need To Know, 2024, 
https://www.outlookbusiness.com/planet/sustainability/is-indias-mangrove-cover-shrinking-heres-all-you-need-to-know 
12 
Down to Earth, Over half of world’s mangroves face collapse due to human actions and climate change, 2024, http://downtoearth. 
org.in/wildlife-biodiversity/over-half-of-world-s-mangroves-face-collapse-due-to-human-actions-and-climate-change-96311 
13 
Down to Earth, NASA highlights loss of mangrove cover on Katchal island in the Nicobars, 2022, 
https://www.downtoearth.org.in/environment/nasa-highlights-loss-of-mangrove-cover-on-katchal-island-in-the-nicobars-84236   
14 
FAO, Rehabilitation of agriculture in tsunami affected areas in India: one and a half years later, 2006, 
https://www.fao.org/4/ag104e/ag104e08.htm 
15 
Frontline, On the brink: 10 endangered species of the Nicobar Islands, 2025, https://frontline.thehindu.com/environment/great-nicobar-
project-endangered-species-saltwater-crocodile-species-wildlife/article69150433.ece 
1200
1000
m)
k .
q
s 
n
800
i( ts
ol r
e
600
v
o
c 
e
v
o
r
400
g
n
Ma
200
0
1989 1991 1993 1995 1997 1999 2001 2003 2005 2007 2009 2011 2013 2015 2017 2019 2021
Year
 
Towards a climate-resilient future: Strategies for the Andaman and Nicobar Islands 
March 2025 
PwC 
  
19 
2.2. Climate change impact assessment  
According to the IPCC’s AR6, small islands, including the ANI, are increasingly affected by rising temperatures, 
frequent and intense tropical cyclones, storm surges, droughts, shifting precipitation patterns, sea level rise, 
coral bleaching and invasive species.16 These climatic changes intensify impacts on natural and human 
systems. The ANI are particularly vulnerable as their population and economy rely heavily on climate-sensitive 
sectors such as agriculture, forests, fisheries, tourism and animal husbandry. The AR6 highlights several 
observed impacts and projected risks for small islands, emphasising the urgent need for adaptive measures to 
reduce climate change threats. These threats are detailed below: 
Figure 4: Climate change impacts on the small islands 
 
Source: IPCC AR6 
To assess global climate changes in the context of the ANI, a comprehensive geospatial analysis was 
conducted. The following sections outline the specific climate change impacts to the ANI. 
 
16 
IPCC 2022, Small Islands. In Climate Change 2022: Impacts, Adaptation and Vulnerability, Contribution of Working Group II to the 
Sixth Assessment Report of the Intergovernmental Panel on Climate Change, https://doi.org/10.1017/9781009325844.017 
 
Towards a climate-resilient future: Strategies for the Andaman and Nicobar Islands 
March 2025 
PwC 
  
20 
2.2.1. Climate baseline 
The ANI has a tropical climate, warm, moist and equable climate due to its location near the equatorial belt and 
the temperatures ranges from 18°C to 35°C. These islands receive both Northeast and Southwest monsoons, 
with the Southwest monsoon bringing heavy rains from July to September and the Northeast monsoon from 
October to December. The islands receive an average yearly rainfall ranging from 3,000 to 3,500 mm, with 
humidity levels varying between 66% and 85%. Cyclones, accompanied by strong winds, commonly occur 
during the monsoon seasons, particularly in May and November.17 
Figure 5: Rainfall recorded at Port Blair from 2011 to 2022  
 
Source: Directorate of Economics and Statistics, Meteorological Analysis Andaman & Nicobar Islands 2022 
The ANI receive rainfall from the south-west and north-east monsoons. Figure 5 illustrates the variability in 
annual rainfall, reflecting changes in weather patterns and monsoon intensity over the years. Typically, summer 
temperatures range from 28°C to 32°C, with variations from −1°C to +1°C. However, recent trends show that 
temperatures have consistently exceeded the normal range by more than 1°C, aligning with the IPCC 
projections of global warming for small islands. An analysis from 2011 to 2015 showed that minimum 
temperatures were notably above normal in January–February and even higher in March–April. In 2016, 
temperatures spiked sharply, reaching heat wave conditions. Since 2011, the number of very warm days has 
increased, while cold days have declined compared with historical averages. 
 
17 
Andaman and Nicobar Administration, Department of Environment and Forests, Andaman and Nicobar Islands Union Territory 
Biodiversity Strategy and Action Plan, 2005 
4500
4000
3500
3000
)
m
m
( 
2500
ni lla
f
ni
2000
Ra
1500
1000
500
0
2011
2012
2013
2014
2015
2016
2017
2018
2019
2020
2021
2022
Years
January
February
March
April
May
June
July
August
September
October
November
December
 
Towards a climate-resilient future: Strategies for the Andaman and Nicobar Islands 
March 2025 
PwC 
  
21 
2.2.2. Climate projections 
Climate models indicate that surface air temperatures will continue to rise across small island regions over the 
next three 30-year period and significant changes in the climate over the coming decades.18 The key 
projections are as follows: 
• 
Temperature: Average temperatures are expected to increase by 1.5°C–2.5°C by the end of the century, 
likely intensifying heat-related stresses on human and natural systems. 
• 
Precipitation: Annual rainfall is projected to increase, but the distribution and intensity of rainfall events 
may become more erratic. The monsoon season is expected to bring heavier downpours, whereas the dry 
season may become even drier. 
• 
Sea levels: Sea levels around the islands are projected to rise by 0.5 to 0.8 m by 2100, posing significant 
risks to coastal areas and low-lying islands. 
Figure 6: Annual precipitation (mm)  
 
2500
)
2400
m
m
( 
n
oit
a
2300
tipic
e
Pr
2200
2100
1950
1960
1970
1980
1990
2000
2010
2020
2030
2040
2050
2060
2070
2080
2090
2100
Historical
SSP2
SSP5
Source: WBG CCKP 
Figure 7: Maximum temperature (°C)  
 
Source: WBG CCKP 
 
 
 
18 
World Bank Group Climate Change Knowledge Portal. https://climateknowledgeportal.worldbank.org/ 
33
32
)
C
( 
31
mp
e
T
 
30
x
Ma
29
28
27
1950
1960
1970
1980
1990
2000
2010
2020
2030
2040
2050
2060
2070
2080
2090
2100
Historical
SSP2
SSP5
 
Towards a climate-resilient future: Strategies for the Andaman and Nicobar Islands 
March 2025 
PwC 
  
22 
Figure 8: Minimum temperature (°C)  
 
Source: WBG CCKP 
Figures 6–8 present linear graphs depicting changes in annual rainfall and maximum and minimum 
temperature in the ANI for 2024–2100 under the SSP2 and SSP5 scenarios. Projections indicate that the ANI 
will experience the most significant increase in minimum temperature by 2100 under the SSP5 scenario. 
Figure 9: Projected sea level rise under different SSP scenarios  
 
Source: NASA sea level projection tool 
The graph in Figure 9 shows an increasing trend in sea level, with a linear trend line plotted alongside. These 
trends represents the rate of sea level change over time.  
 
 
30
C)
°( 
29
e
r
u
t
a
r
e
28
mp
e
t
27
m 
mu
in
26
Mi
25
1950
1960
1970
1980
1990
2000
2010
2020
2030
2040
2050
2060
2070
2080
2090
2100
Historical
SSP2
SSP5
0.9
0.8
)
m
(
0.7
 
e
g
0.6
n
a
h
0.5
c le
0.4
v
el 
0.3
a
Se
0.2
0.1
0
2010
2020
2030
2040
2050
2060
2070
2080
2090
2100
2110
SSP2
SSP5
Linear (SSP2)
 
Towards a climate-resilient future: Strategies for the Andaman and Nicobar Islands 
March 2025 
PwC 
  
23 
2.2.3. Climate hazards 
The ANI are highly vulnerable to climate-related hazards. The frequency and intensity of tropical cyclones are 
projected to increase, heightening the risks of storm surges, flooding and wind damage. Rising sea levels, 
combined with intensified storm activity, contribute to accelerated coastal erosion, posing threats to 
infrastructure, settlements and natural habitats. Additionally, the rising sea levels can lead to saltwater intrusion 
into freshwater resources, impacting drinking water supplies and reducing agricultural productivity. 
Figure 10: Cyclone tracks in the last 20 years  
 
Source: NOAA Historical Hurricane Tracks 
The lines on the map represent the cyclone pathways for each recorded year. An assessment of historical 
cyclone tracks over the past 20 years in the ANI indicates that all the islands are highly vulnerable to 
cyclone risk. 
Coastal regions in India such as the ANI, face a risk of inundation due to rising sea levels and annual flooding. 
The National Centre for Coastal Research monitored shoreline changes along the Indian coastline from 1990 to 
2018, revealing that 33.6%, 26.9% and 39.6% of the coastline was vulnerable to erosion, experienced accretion 
and remained stable, respectively.19 The Shoreline Change Atlas indicates that between 1989-91 and 2004-06, 
740.37 km of the Andaman Islands’ shoreline experienced erosion, 944.84 km underwent accretion and 36.83 
km remained stable. The eroded area totalled 17.93 sq. km, while the accreted area covered 27.09 sq. km. As 
for the Nicobar Islands, which have a shoreline length of 777.63 km (excluding the mouths of estuaries, rivers, 
and creeks), 690.10 km experienced erosion, 68.30 km saw accretion and 19.23 km remained stable over the 
same period. The eroded area amounted to 94.72 sq. km, and the accreted area was 0.77 sq. km.20   
 
19 
Ministry of Environment, Forest and Climate Change, Government of India, 2023. Coastal Erosion.   
20 
ISRO, Shore Line Change Atlas of the Indian Coast (Vol. 6), 2014, https://vedas.sac.gov.in/static/pdf/atlas/Seashore/Vol-6-Full.pdf  
 
Towards a climate-resilient future: Strategies for the Andaman and Nicobar Islands 
March 2025 
PwC 
  
24 
2.2.4. Sectoral impacts of climate change in the ANI 
Climate change significantly impacts various nature-based sectors in the ANI. Key sectors such as biodiversity, 
agriculture, fisheries and water resources face significant threats from increased temperatures, sea level rise 
and altered precipitation patterns, affecting the ecological balance and livelihoods of local communities. 
Table 3: Climate change impacts on nature-based sectors  
Sectors 
Climate change impacts 
Forest and 
• 
Coral reefs: Rising sea temperatures and ocean acidification pose severe threats to coral 
biodiversity 
reefs, leading to coral bleaching and the loss of marine biodiversity.  
• 
Forests: Changes in temperature and precipitation patterns can alter forest composition 
and health, affecting the habitat of numerous species. 
• 
Mangroves: Mangrove ecosystems are vulnerable to rising sea levels and changes in 
sedimentation patterns, which affect their ability to protect coastlines and support 
marine life.  
Agriculture 
• 
Crop yields: Altered rainfall patterns and increased temperatures can affect crop 
productivity, with potential declines in staple crops such as rice and coconut. 
• 
Pest and disease: Warmer temperatures and changing humidity levels can lead to the 
proliferation of pests and diseases, further threatening agricultural output. 
Fisheries 
• 
Fish stocks: Climate change can affect fish breeding and migration patterns, impacting 
local fisheries due to changes in fish stocks. 
• 
Aquaculture: Increased fluctuations in salinity and temperature can affect productivity 
and health, posing challenges for local communities that are reliant on this sector. 
Water 
resources 
• 
Availability: Changes in precipitation patterns can lead to variability in water availability, 
affecting drinking water supplies and irrigation.  
• 
Quality: Saltwater intrusion and pollution can degrade water quality, posing health risks 
and affecting agricultural practices. 
The ANI are an ecologically sensitive region facing significant challenges due to land use and climate change. 
The geospatial analysis provides critical insights into current state of and historical changes in land use and 
land cover, and the potential effects of climate change. Effective management and conservation strategies are 
essential for protecting the islands’ biodiversity and supporting sustainable development. Policymakers and 
stakeholders must prioritise measures to mitigate climate change impacts, promote sustainable land use 
practices, and enhance community resilience to environmental changes. 
 
 
 
Towards a climate-resilient future: Strategies for the Andaman and Nicobar Islands 
March 2025 
PwC 
  
25 
2.2.5. Summary of the climate change impacts in the ANI 
The geospatial analysis indicates that the ANI’s coastal, marine and forest ecosystems are being adversely 
affected by climate change. The impacts include soil degradation, increased erosion, altered water availability, 
changes in salinity distribution and nutrient leaching. These environmental shifts lead to a chain of physical, 
social and ecological consequences, which further degrade natural ecosystems in the region. To address these 
challenges, a comprehensive adaptation strategy is required to strengthen community resilience, along with 
mitigation measures to reduce and sequester carbon emissions. Implementing these actions will help address 
the root causes of climate change and protect the natural habitat in the region.  
 
 
 
 
Towards a climate-resilient future: Strategies for the Andaman and Nicobar Islands 
March 2025 
PwC 
  
26 
 
3. Identifying solutions for 
addressing vulnerabilities 
Building on the situational analysis in the previous chapter regarding the changes in LULC, mangrove 
degradation and the heightened risk of climate-related hazards in the ANI, this section focuses on the 
adaptation and mitigation strategies that can be implemented in the most vulnerable areas in the islands, 
aiming to enhance their resilience. Aligned with the CRD framework, the study accounts for equity and justice 
by identifying the most vulnerable locations in the ANI based on socio-economic, demographic and bio-physical 
factors. Targeted solutions were shortlisted for these locations to address their specific challenges. 
3.1. Prioritisation of the vulnerable sub-districts 
Prioritising vulnerable locations is essential for effective climate adaptation planning, especially in an 
ecologically sensitive region such as the ANI. To systematically assess risk, the study developed the CVI, 
which integrates socio-economic and bio-physical vulnerability factors. Socio-economic vulnerability considers 
aspects such as livelihoods, population density and resource access, whereas bio-physical vulnerability 
includes environmental indicators such as LULC changes, biodiversity loss, mangrove degradation, and 
exposure to climate variability and extreme events. By combining these variables, the CVI helps identify the 
sub-districts that are most susceptible to climate impacts. Prioritising these locations is critical for the selection 
of pilot sites where climate resilience strategies can be tested and implemented, laying the groundwork for 
broader regional adaptation efforts. 
 
 
Towards a climate-resilient future: Strategies for the Andaman and Nicobar Islands 
March 2025 
PwC 
  
27 
3.1.1. Socio-Economic Vulnerability Index  
Socio-economic vulnerability is determined by factors such as economic status (wealth, income and poverty), 
education level, housing quality, tenure type, built environment, family structure, age, gender, food insecurity 
and access to insurance.21 These factors play a key role in determining vulnerability and correspond to 
sensitivity in the IPCC vulnerability framework in human systems.22 A high-resolution spatial assessment of 
social vulnerability helps identify possible impact hotspots where adaptation measures are urgently needed.23 
A detailed literature review and an assessment of secondary datasets from the Census of India and the Socio-
Economic Caste Census were conducted. Key aspects of socio-economic vulnerability – household structure, 
gender, education, occupation, socio-economic status, housing and access to basic services – were 
considered during the selection. These variables helped identify socio-economically vulnerable communities 
exposed to multiple hazards. All variables were measured at the interval level. Normalisation of data was 
performed by removing units and converting values into dimensionless units (0–1) using the Human 
Development Index formula.24 After normalisation, the indicators were averaged using simple arithmetic means 
to obtain values for major components, including socio-demographic profile, economic situation, amenities and 
assets. These components were then used to calculate the SEVI.  
Table 4: SEVI 
Cate-
Location 
Nicobar 
North and Middle Andaman 
South Andaman 
gory 
Variables 
Car 
Nancowry 
Great 
Diglipur 
Mayabunder Rangat 
Ferrargunj 
Port 
Little 
Nicobar 
Nicobar 
Blair 
Andaman 
 
e
HH size (5+) 
li
of
pr
c 
aphi
ogr
dem
-
o
i
c
So
0.71 
0.41 
0.00 
0.86 
0.64 
0.52 
1.00 
0.09 
0.06 
Female-headed HH 
0.97 
1.00 
0.71 
0.76 
0.16 
0.40 
0.18 
0.00 
0.31 
SC/ST households 
1.00 
0.73 
0.12 
0.00 
0.00 
0.00 
0.00 
0.00 
0.07 
Disability 
0.92 
0.58 
0.67 
1.00 
0.08 
0.00 
0.46 
0.42 
0.75 
Illiteracy 
0.60 
1.00 
0.61 
0.27 
0.53 
0.37 
0.17 
0.00 
0.42 
Average 
0.84 
0.74 
0.42 
0.58 
0.28 
0.26 
0.36 
0.10 
0.32 
 
Cultivation 
n
o
it
a
u
ti
s
 
c
i
m
o
n
o
Ec
1.00 
0.76 
0.04 
0.41 
0.30 
0.10 
0.00 
0.05 
0.36 
Marginal 
1.00 
0.64 
0.08 
0.24 
0.25 
0.18 
0.24 
0.00 
0.24 
Landless  
0.00 
0.39 
0.93 
0.88 
0.76 
1.00 
0.72 
0.48 
0.68 
Income<INR 5,000 
1.00 
0.91 
0.67 
0.92 
0.74 
0.42 
0.48 
0.00 
0.66 
Average 
0.75 
0.68 
0.43 
0.61 
0.51 
0.42 
0.36 
0.13 
0.49 
 
d
n
a
 
s
e
iti
n
e
Am
Kutcha house 
 
assets
0.01 
0.00 
0.13 
1.00 
0.74 
0.56 
0.18 
0.18 
0.19 
Access to drinking 
water-Away 
0.25 
1.00 
0.18 
0.50 
0.18 
0.20 
0.23 
0.00 
0.15 
No sanitation 
0.00 
0.24 
0.36 
1.00 
1.00 
0.85 
0.56 
0.08 
0.40 
 
21 
IPCC, W. Neil Adger, ‘Approaches to vulnerability to climate change’, 2001, 
https://www.ipcc.ch/apps/njlite/srex/njlite_download.php?id=6421  
22 
Adger, W. N., and Agnew, M., New indicators of vulnerability and adaptive capacity, 2004, 
https://www.ipcc.ch/apps/njlite/srex/njlite_download.php?id=5463 
23 
Das, S., Hazra, S., Haque, A., Rahman, M., Nicholls, R. J., Ghosh, A., and De Campos, R. S., 2021. Social Vulnerability to 
Environmental Hazards in the Ganges-Brahmaputra-Meghna Delta, India and Bangladesh, International Journal of Disaster Risk 
Reduction, Vol. 53, p. 101983 
24 
UNDP, Technical note 1. Human Development Index, 2022, https://hdr.undp.org/sites/default/files/2021-22_HDR/hdr2021-
22_technical_notes.pdf  
 
Towards a climate-resilient future: Strategies for the Andaman and Nicobar Islands 
March 2025 
PwC 
  
28 
Cate-
Location 
Nicobar 
North and Middle Andaman 
South Andaman 
gory 
Variables 
Car 
Nancowry 
Great 
Diglipur 
Mayabunder Rangat 
Ferrargunj 
Port 
Little 
Nicobar 
Nicobar 
Blair 
Andaman 
No assets 
0.41 
0.47 
0.43 
1.00 
0.76 
0.49 
0.24 
0.00 
0.17 
No electricity 
0.05 
0.02 
0.17 
1.00 
0.70 
0.35 
0.32 
0.00 
0.40 
Reliance on the 
fuel wood 
0.80 
0.75 
0.24 
1.00 
0.84 
0.74 
0.44 
0.00 
0.57 
Average 
0.25 
0.41 
0.25 
0.92 
0.70 
0.53 
0.33 
0.04 
0.31 
SEVI 
0.61 
0.61 
0.37 
0.70 
0.50 
0.40 
0.35 
0.09 
0.37 
Based on the SEVI, Diglipur ranks the highest in vulnerability, with a score of 0.70, followed by Nancowry (0.61) 
and Car Nicobar (0.61). These locations face significant challenges related to limited access to amenities, 
economic instability and socio-demographic pressure. Specifically, in Diglipur, the high vulnerability is driven by 
inadequate sanitation, a high proportion of kutcha25 houses and widespread economic hardship. In contrast, 
Port Blair and Ferrargunj record the lowest SEVI scores (0.09 and 0.35, respectively), indicating relatively lower 
socio-economic vulnerability due to better access to amenities, higher income levels and more stable 
household structures. However, even these sub-districts experience issues such as marginalisation and gaps in 
basic infrastructure. 
Figure 11: Map illustrating the SEVI of the ANI 
 
Source: PwC analysis 
 
25 
Government of India defines kutcha houses as ‘Houses made from mud, thatch, or other low-quality materials’- 
https://www.data.gov.in/catalog/distribution-households-pucca-and-kutcha-house 
 
Towards a climate-resilient future: Strategies for the Andaman and Nicobar Islands 
March 2025 
PwC 
  
29 
3.1.2. Bio-Physical Vulnerability Index  
Bio-physical vulnerability refers to the susceptibility of natural systems and ecosystems to the adverse impacts 
of climate change and other environmental stressors. In the ANI, this vulnerability is driven by factors such as 
LULC changes, mangrove degradation, climate variability and exposure to extreme events such as cyclones 
and rising sea levels. These islands are ecologically sensitive and geographically isolated, making their bio-
physical systems particularly vulnerable to changes in climate patterns and human activities. Assessing bio-
physical vulnerability is essential for identifying priority areas for conservation and climate adaptation 
interventions, as these factors directly affect the resilience of ecosystems, biodiversity and local livelihoods. 
To assess bio-physical vulnerability at the sub-district level, the study developed the BPVI, focusing on three 
key indicators: LULC changes, mangrove degradation and exposure to extreme events. Each indicator was 
scored on a scale of 0–1 based on secondary research and expert judgement, where 0 indicates low 
vulnerability and 1 represents high vulnerability. The scoring process was informed by secondary data from 
government reports; climate models; biodiversity assessments; and previous studies, with sources including the 
India Meteorological Department, the Indian National Centre for Ocean Information Services and peer-reviewed 
literature. A weighted average approach, with equal weights assigned to each indicator, was used to calculate 
the composite BPVI for each sub-district. This methodology enabled systematic comparisons of vulnerability 
levels across sub-districts, providing a robust, data-driven basis for identifying priority areas for climate 
resilience interventions. 
Table 5: BPVI 
District 
Sub-district 
LULC 
Mangrove 
Extreme 
BPVI 
Justification 
change 
degradation 
events 
Car Nicobar 
 r
a
b
o
c
Ni
0.80 
0.90 
0.90 
0.87 
High LULC changes due to rising sea levels; critical 
damage to biodiversity and mangroves; and severe 
exposure to extreme events such as cyclones 
and floods.26 
Nancowry 
0.80 
0.90 
0.90 
0.87 
Severe LULC changes due to disasters; critical 
damage to biodiversity and mangroves; exposure to 
extreme weather and cyclones.27 
Great Nicobar 
0.80 
0.90 
0.90 
0.87 
High LULC changes due to coastal erosion; critical 
damage to biodiversity and mangrove degradation; 
extreme exposure to cyclones and rising sea levels.28 
 
n
Diglipur 
a
m
a
d
 An
e
l
d
d
i
M
 
d
n
a
 
h
tr
No
0.50 
0.60 
0.70 
0.60 
Significant LULC changes from agriculture/tourism; 
high damage to biodiversity and mangrove 
degradation; frequent climate variability and 
extreme events. 
Mayabunder 
0.40 
0.50 
0.60 
0.50 
Moderate LULC changes; moderate biodiversity loss; 
less severe mangrove damage than the southern 
islands; moderate exposure to variability and events. 
Rangat 
0.50 
0.50 
0.60 
0.53 
Moderate LULC changes and biodiversity loss; 
mangroves under moderate pressure; exposed to 
moderate extreme events.29,30,31 
 
26 
NRDC, Sea Level Rise 101, 2024, https://www.nrdc.org/stories/sea-level-rise-101 
27 
The World Economic Forum, ‘Sea level rise: Everything you need to know’, 2024, https://www.weforum.org/stories/2024/09/rising-sea-
levels-global-threat/ 
28 
Directorate of Disaster Management, Andaman and Nicobar Administration, 2016, Andaman and Nicobar Islands Disaster 
Management Plan 2016. https://ddm.and.nic.in/Files/Disaster_Mgmt_Plan_2016_New.pdf  
29 
Ministry of Agriculture & Farmers Welfare, Land Use Statistics at a Glance: 2022-23, 
https://desagri.gov.in/wpcontent/uploads/2024/09/Final-file-of-LUS-2022-23-for-uploading.pdf  
30 
NRSC, National Land Use and Land Cover Mapping Using Multi-Temporal AWiFS Data, 2010, https://bhuvan-
app1.nrsc.gov.in/2dresources/thematic/LULC250/0809.pdf  
31 
Forest Survey of India, 11.31 Andaman and Nicobar Islands, 2019, https://fsi.nic.in/isfr19/vol2/isfr-2019-vol-ii-andaman-nicobar-
islands.pdf 
 
Towards a climate-resilient future: Strategies for the Andaman and Nicobar Islands 
March 2025 
PwC 
  
30 
District 
Sub-district 
LULC 
Mangrove 
Extreme 
BPVI 
Justification 
change 
degradation 
events 
Ferrargunj 
 
n
a
m
a
d
n
A
 
h
t
u
So
0.50 
0.60 
0.70 
0.60 
Significant LULC changes due to agriculture; moderate 
biodiversity and mangrove degradation; and moderate-
to-high climate variability and cyclone exposure.32 
Port Blair 
0.40 
0.50 
0.70 
0.53 
Moderate LULC changes due to urbanisation; 
biodiversity loss from habitat fragmentation; and 
mangroves under moderate pressure. Moderate 
climate variability and significant cyclone exposure.33 
Little Andaman 
0.70 
0.80 
0.80 
0.77 
Extensive LULC changes from tourism/logging; high 
biodiversity loss; severe mangrove damage; and 
exposure to extreme events such as cyclones.34,35 
Figure 12: Map illustrating the BPVI of the ANI 
 
Source: PwC analysis 
 
 
 
32 
Intergovernmental Oceanographic Commission of UNESCO, UK. Department for International Development, IMM (UK), 2003, A Case 
Study from South Andaman Island, Poverty and Reefs, Vol. 2, pp. 147-186. 
https://unesdoc.unesco.org/ark:/48223/pf0000131839?posInSet=1&queryId=N-EXPLORE-c8ab7cff-2118-4ff7-9ac5-7cdc79b66853 
33 
Ministry of Environment, Forest and Climate Change, Government of India, New Delhi, Biodiversity and Climate Change: An Indian 
Perspective, 2018. 
34 
NRSC, Annual Landuse and Landcover Atlas of India, 2024, 
https://www.nrsc.gov.in/sites/default/files/pdf/Announcements/LULC_Atlas_NRSC.pdf 
35 
Earth Data NASA, ‘Decadal Land Use and Land Cover Classifications across India, 1985, 1995, 2005’, 2020, 
https://daac.ornl.gov/VEGETATION/guides/Decadal_LULC_India.html 
 
Towards a climate-resilient future: Strategies for the Andaman and Nicobar Islands 
March 2025 
PwC 
  
31 
The BPVI revealed significant variability in vulnerability levels across the ANI. Sub-districts such as Car 
Nicobar, Nancowry and Great Nicobar exhibited the highest levels of bio-physical vulnerability, with composite 
scores exceeding 0.80. These areas were identified as hotspots for extreme LULC changes, severe mangrove 
degradation, and high exposure to cyclones and rising sea levels. In contrast, sub-districts such as Port Blair 
and Mayabunder demonstrated moderate vulnerability, with index scores ranging from 0.50 to 0.60. The 
findings underscore the critical need for targeted climate adaptation and ecosystem restoration efforts in highly 
vulnerable areas, particularly in the southern regions of the ANI, where biodiversity loss and extreme event 
exposure are most severe. These results offer a clear framework for policymakers in terms of prioritising pilot 
sites for climate resilience and conservation projects. 
3.1.3. Composite Vulnerability Index  
The CVI is a key tool for assessing a region’s overall vulnerability that integrates multiple dimensions, namely, 
socio-economic and bio-physical factors. It provides a comprehensive understanding of how susceptible 
specific locations are to external stressors such as climate change, natural disasters and socio-economic 
challenges. In addition, the CVI incorporates indicators related to socio-demographic profiles, economic 
conditions, infrastructure and environmental degradation, thereby offering a holistic assessment of the region’s 
vulnerability. By integrating socio-economic vulnerability and bio-physical vulnerability, the CVI enables 
targeted decision-making. This index is essential for identifying high-priority areas that require intervention, 
helping policymakers allocate resources effectively and develop sustainable development strategies for 
vulnerable regions such as the ANI. 
Figure 13: Comparison of SEVI and BPVI 
 
Source: PwC analysis 
This radar diagram illustrates the SEVI and BPVI scores for all sub-districts of the ANI. By comparing these 
indices, the diagram highlights areas where socio-economic and bio-physical vulnerabilities contribute 
significantly to the overall vulnerability. This visual representation provides a clearer understanding of regions 
that require increased attention and resources, helping prioritise targeted interventions for areas with 
particularly high SEVI and BPVI scores. 
 
 
Car Nicobar
1.00
Little Andaman
0.80
Nancowry
0.60
0.40
Port Blair
0.20
Great Nicobar
0.00
Ferrargunj
Diglipur
Rangat
Mayabunder
 
Towards a climate-resilient future: Strategies for the Andaman and Nicobar Islands 
March 2025 
PwC 
  
32 
Figure 14: Map illustrating the CVI of the ANI 
 
Source: PwC analysis 
Table 6: CVI 
District 
Sub-district 
SEVI 
BPVI 
CVI 
Rank 
 
Car Nicobar 
r
a
b
o
c
Ni
0.61 
0.87 
0.74 
2 
Nancowry 
0.61 
0.87 
0.74 
1 
Great Nicobar 
0.37 
0.87 
0.62 
4 
 
d
n
a
 
h
tr
No
 
e
l
d
d
Mi
 
n
Diglipur 
a
m
a
d
An
0.70 
0.60 
0.65 
3 
Mayabunder 
0.50 
0.50 
0.50 
6 
Rangat 
0.40 
0.53 
0.469 
8 
 
h
t
u
So
 
n
Ferrargunj 
a
m
a
d
An
0.35 
0.60 
0.475 
7 
Port Blair 
0.09 
0.53 
0.31 
9 
Little Andaman 
0.37 
0.77 
0.57 
5 
Source: PwC analysis 
 
 
 
Towards a climate-resilient future: Strategies for the Andaman and Nicobar Islands 
March 2025 
PwC 
  
33 
CVI results revealed distinct variations in vulnerability across the sub-districts of the ANI, highlighting the need 
for prioritised interventions. Nancowry and Car Nicobar, with the highest CVI score of 0.74, emerged as the 
most vulnerable sub-districts, followed by Diglipur (0.65). Nancowry and Car Nicobar exhibit a strong 
combination of socio-economic and bio-physical vulnerabilities, with high BPVI scores of 0.87, making them the 
top priority for climate adaptation and resilience-building efforts. Meanwhile, Great Nicobar shows significant 
bio-physical vulnerability but ranks fourth overall due to lower socio-economic challenges. 
While Diglipur (0.65) also shows substantial vulnerability, it should be the next priority, given its balanced 
exposure in both dimensions. Port Blair (0.31) and Ferrargunj (0.475) exhibit lower socio-economic and bio-
physical risks and may be considered low-priority regions but still require targeted interventions to address 
specific vulnerabilities.  
3.2. Socio-economic and demographic profile of vulnerable sub-
districts 
Based on the SEVI, BPVI and CVI, developed using a range of vulnerability indicators, three sub-districts were 
selected in this study, representing high, medium and low vulnerability categories. The selection process 
involved consultations with experts, along with considerations of site accessibility and the feasibility of potential 
interventions. As a result, Diglipur, Mayabunder and Ferrargunj were chosen, each corresponding to a distinct 
vulnerability category. This approach ensures a representative and balanced sample. 
Table 7: Socio-economic and demographic profiles of the selected sub-districts36 
Category 
Diglipur 
Mayabunder 
Ferrargunj 
High vulnerability 
Moderate vulnerability Low vulnerability 
About 
This sub-district 
This sub-district 
This sub-district 
consists of 72 inhabited comprises 47 inhabited 
comprises 62 inhabited 
and nine uninhabited 
and three uninhabited 
and 14 uninhabited 
villages over seven 
villages over three 
villages over two 
inhabited islands: 
islands: Middle 
islands: South 
Narcondam, East, Land Andaman Island (Part), 
Andaman (Part) and 
Fall, North Andaman, 
Aves and Interview 
Flat Bay. It also 
Smith, Curlew and 
Island. 
consists of the 
Stewart Islands. It is 
Bambooflat area, which 
located at the 
has been treated as a 
northernmost part of 
census town. 
this territory. 
 
36 
District Census Handbook, Directorate of Census Operations, Andaman and Nicobar Islands, 2011, 
https://censusindia.gov.in/nada/index.php/catalog/1434 
 
Towards a climate-resilient future: Strategies for the Andaman and Nicobar Islands 
March 2025 
PwC 
  
34 
Category 
Diglipur 
Mayabunder 
Ferrargunj 
High vulnerability 
Moderate vulnerability Low vulnerability 
Demography 
Population 
Diglipur accounts for 
nearly 10% of the total 
population of ANI. The 
population of Diglipur 
stands at 40,873 
persons (21,308 males 
and 19,565 females).  
Mayabunder accounts 
for 7% of the total 
population of ANI. The 
population of the sub-
district stands at 27,206 
persons (14,094 males 
and 13,112 females).  
Ferrargunj accounts for 
nearly 14% of the total 
population of ANI. The 
sub-district’s population 
stands at 53,565 
persons (27,908 males 
and 25,657 females). 
Illiteracy 
23.52% of the 
Illiteracy in the sub-
Illiteracy stands at 
population is illiterate, 
district was slightly 
21.81%, below the 
with illiteracy in females higher at 27.92%, with 
average of ANI. 
being close to 30% 
illiteracy being 
Illiteracy is more 
(compared with 18% in 
marginally higher in 
prevalent in females 
males). 
females than in males. 
(close to 25%) than in 
males (19%).  
Scheduled 
castes (SC)/ 
scheduled 
tribes (ST) 
population 
The sub-district has a 
low SC/ST population, 
with less than 1% of the 
households (HH) being 
SC/ST HHs. 
The sub-district has a 
low SC/ST population, 
with less than 1% of the 
HHs being SC/ST HHs. 
The sub-district has a 
low SC/ST population, 
with less than 1% of the 
HHs being SC/ST HHs. 
Socio-
Work 
The working population 
The working population 
The working population 
economic 
participation 
stands at 40.09%, of 
stands at 33.95%, of 
stands at 38.38%, of 
rate 
which nearly 20% are 
which nearly 20% are 
which nearly 20% are 
marginal workers. 
marginal workers. 
marginal workers. 
Income 
Nearly 65% of the HHs 
fall in the lower-income 
bracket, which is higher 
than the district average 
of 57%. The majority of 
the households derive 
their income from 
cultivation or manual 
casual labour. 
Nearly 57% of the 
households in the tehsil 
fall in the lower-income 
category, with a little 
over 25% of the 
households earning 
higher incomes. 41% of 
the households derive 
their income from 
cultivation or manual 
casual labour. 
4.69% of the population 
is engaged in cultivation 
as their primary source 
of income, whereas 
21.49% are engaged in 
manual casual labour.  
Household 
More than 4% of the 
Close to 13% of the 
Only 0.86% of the 
conditions 
HHs are single-room 
households are 
households are single-
HHs, whereas 14% are 
landless and derive a 
room households, and 
landless deriving a 
major part of their 
11.9% of the 
major part of their 
income from manual 
households are 
income from manual 
casual labour. 
landless households 
casual labour. 
deriving a major part of 
their income from 
manual casual labour. 
 
Towards a climate-resilient future: Strategies for the Andaman and Nicobar Islands 
March 2025 
PwC 
  
35 
Category 
Diglipur 
Mayabunder 
Ferrargunj 
High vulnerability 
Moderate vulnerability Low vulnerability 
Access to 
basic 
amenities 
Kitchen 
facility 
Most households have 
a kitchen and cook 
inside the house. 
Fuelwood is most 
widely used for cooking. 
Most households cook 
inside the house and 
have kitchens. A small 
number of households 
(including those who 
cook inside and 
outside) do not have 
kitchens. Fuelwood is 
most widely used for 
cooking. 
The vast majority of the 
households have a 
kitchen and cook inside 
the house. LPG and 
fuelwood are most 
widely used for cooking. 
Source of the Most HHs do not have a Most households have 
Most households have 
drinking 
drinking water source 
a source of drinking 
a source of drinking 
water 
within the premises; 
water either within or 
water either within or 
most have a source 
near the premises, 
near the premises, 
near the premises, and 
whereas some have to 
whereas some have to 
some have to travel 
travel long distances for travel long distances for 
long distances. 
the nearest source of 
the nearest source of 
water. 
water.  
Sanitation 
facilities 
Most HHs do not have 
toilet facilities within the 
premises. 
Most HHs do not have 
toilet facilities within the 
premises. 
Most households have 
toilet facilities within the 
premises.  
Electricity 
Most HHs have access 
Most HHs have access 
A vast majority of 
to electricity as their 
to electricity as their 
households have 
primary source of 
primary source of 
access to electricity as 
lighting. Power 
lighting. Power 
their primary source of 
generation is largely 
generation is largely 
lighting. Power 
diesel-based. Some 
diesel-based. Some 
generation is largely 
households are reliant 
households are reliant 
diesel-based. Some 
on kerosene, and a very on kerosene, and a very households are reliant 
small number do not 
small number of 
on kerosene, and a very 
have access to lighting.  households do not have small number of 
access to lighting. 
households do not have 
access to lighting. 
Fuelwood 
70.10% of the HHs rely 
on firewood to meet 
cooking needs. 10% 
use kerosene, and only 
18.18% of households 
use LPG/piped natural 
gas (PNG). 
60.40% of the HHs use 
firewood for cooking. 
Kerosene is used for 
cooking by 16.30%, and 
LPG/PNG is used 
among 22.26%. 
35.72% of the 
households use 
firewood for cooking, 
23.51% use kerosene 
and 39.11% use 
LPG/PNG. 
 
Towards a climate-resilient future: Strategies for the Andaman and Nicobar Islands 
March 2025 
PwC 
  
36 
Category 
Diglipur 
Mayabunder 
Ferrargunj 
High vulnerability 
Moderate vulnerability Low vulnerability 
Public 
Road 
Diglipur’s road network 
Mayabunder’s road 
Ferrargunj’s road 
infrastructure infrastructure is approximately 395 
network is 
network is 
km long, with a road 
approximately 199 km 
approximately 341 km 
density much higher 
long, exceeding the 
long, with high road 
than the national 
national average road 
density relative to the 
average in terms of 
density in terms of area 
national average in 
area and population.  
and population. 
terms of area and 
population. 
Schools 
Most villages have 
public primary schools, 
although a few villages 
have schools located 5–
10 km or 10 km+ away. 
Pre-primary schools are 
generally unavailable, 
whereas secondary and 
high schools are 
located 5–10 km or 
more away. 
Most villages have 
public primary schools, 
although a few villages 
have schools located 5–
10 km or 10 km+ away. 
Pre-primary schools are 
generally unavailable, 
whereas secondary and 
high schools are 
located 5–10 km or 
more away. 
Most villages have 
public primary schools, 
although a few villages 
have schools located 5–
10 km away. Pre-
primary schools are 
generally unavailable, 
whereas secondary and 
high schools are 
located 5–10 km away. 
Healthcare 
Public primary health 
Public primary health 
Public primary health 
centres are mostly 
centres are mostly 
centres are mostly 
unavailable at the 
unavailable at the 
unavailable at the 
village level, being 
village level, being 
village level, being 
available mostly 5–10 
available mostly 5–10 
available mostly 5–10 
km away from villages 
km away from villages 
km away from the 
and 10 km+ away in 
and 10 km+ away in 
village and 10 km+ 
some cases. Public 
some cases. Public 
away in some cases. 
primary health sub-
primary health sub-
Public primary health 
centres are relatively 
centres are relatively 
sub-centres are 
more available. 
more available. 
relatively more 
available. 
 
Towards a climate-resilient future: Strategies for the Andaman and Nicobar Islands 
March 2025 
PwC 
  
37 
Category 
Diglipur 
Mayabunder 
Ferrargunj 
High vulnerability 
Moderate vulnerability Low vulnerability 
Environment 
The annual average 
temperature is 26.9°C, 
with April as the 
warmest month and 
January the coldest. 
The average annual 
rainfall is 2,953 mm, 
with the highest 
precipitation (565 mm) 
occurring in June. This 
sub-district has 
undergone significant 
LULC changes due to 
agriculture and tourism, 
which have been 
accompanied by high 
levels of biodiversity 
loss and mangrove 
degradation. It is also 
frequently affected by 
climate variability and 
extreme events. 
The annual average 
temperature is 26.9°C, 
with an average annual 
rainfall of 2,953 mm. 
The highest 
precipitation of 565 mm 
occurs in June. 
Regarding bio-physical 
factors, the sub-district 
has experienced 
moderate LULC 
changes, moderate 
biodiversity loss and 
less severe mangrove 
damage compared with 
the southern islands. It 
also faces moderate 
exposure to climate 
variability and extreme 
events. 
South Andaman 
(Ferrargunj) has a 
tropical climate, with 
significant rainfall 
through most of the 
year. The annual 
average temperature is 
26.4°C, and the 
average annual rainfall 
is 3,068 mm per year. 
The sub-district has 
undergone significant 
LULC changes due to 
agriculture, along with 
moderate biodiversity 
loss and mangrove 
degradation. It faces 
moderate-to-high 
exposure to climate 
variability and cyclones. 
Based on the analysis, several adaptation and mitigation measures have been identified in the next part of the 
report to address specific vulnerabilities in Diglipur, Mayabunder and Ferrargunj. 
 
 
 
 
Towards a climate-resilient future: Strategies for the Andaman and Nicobar Islands 
March 2025 
PwC 
  
38 
3.3. Proposed measures to address vulnerabilities 
Diglipur, Mayabunder and Ferrargunj face varying degrees of vulnerability, exacerbated by socio-economic, 
environmental and climate change factors, as reflected in their CVI scores. To effectively address these 
challenges and enhance resilience within these communities, implementing targeted adaptation and mitigation 
measures is necessary. Based on a literature review and existing government policies and programmes, 
specific measures have been identified to address key challenges in each sub-district. These include 
agroforestry, clean cookstoves, decentralised renewable energy and mangrove conservation and restoration.  
The selected measures have been implemented in similar contexts, demonstrating their feasibility and 
effectiveness. Additionally, their alignment with government policies and programmes ensures they support 
broader strategic goals and national priorities. These measures aim to reduce vulnerabilities, enhance 
livelihoods and promote sustainable development in the three sub-districts. 
Table 8: Proposed measures and their justification for selection  
Summary of key 
challenges in Diglipur, 
Mayabunder and 
Ferrargunj 
The proposed measures identified and their justification 
Low household income Agroforestry37,38,39 
High climate 
Agroforestry plays a vital role in addressing LULC changes due to agriculture. 
vulnerability and 
Integrating trees into farming systems enhances biodiversity, improves soil health 
exposure to extreme 
and increases carbon sequestration, reducing climate vulnerability and exposure 
climate events 
to extreme climate events. It also provides benefits that enhance livelihoods such 
as timber, fruits and other non-timber forest products. Additionally, the presence of 
LULC changes due to 
trees acts as windbreaks, mitigating the impacts of extreme weather events. 
agriculture 
Significant biodiversity 
loss and mangrove 
degradation due to 
agriculture 
High illiteracy rates, 
particularly among 
females 
Diesel-powered 
electricity 
High percentage of 
households relying on 
fuelwood for cooking 
Clean cookstoves40 
Clean cookstoves can address the high percentage of households relying on 
fuelwood for cooking, reducing deforestation and biodiversity loss. They also 
improve indoor air quality, lowering health risks associated with smoke inhalation, 
particularly for women and children. This measure supports gender equality by 
reducing the time and effort women need to spend collecting fuelwood, providing 
more opportunities for education and other activities. 
Decentralised renewable energy (DRE)41 
DRE-based solutions can help supplement household energy needs, reducing 
dependence on diesel-generated grid electricity and kerosene. DRE solutions 
have been shown to improve quality of life and support local economic activities. 
This measure also contributes to reducing GHG emissions and aligns with 
national priorities for sustainable energy access. 
 
37 
Indian Council of Agricultural Research, 2011. A Modified Alley Cropping System of Agroforestry in South Andaman Islands: An 
Analysis of Production Potential and Economic Benefit, https://epubs.icar.org.in/index.php/IJAgS/article/view/7394 
38 
ICAR, Agroforestry Systems and prospects, 2014, 
https://krishi.icar.gov.in/jspui/bitstream/123456789/34941/1/Book%20Chapter_IFS_Agroforestry%20Systems%20and%20Prospects 
2014.pdf 
39 
ICAR, Agroforestry Systems for Coastal and Island Regions, 2020, https://epubs.icar.org.in/index.php/IJA/article/view/102724 
40 
Venkataraman, C., Sagar, A. D., Habib, G., Lam, N., and Smith, K. R., 2010. The Indian National Initiative for Advanced Biomass 
Cookstoves: The Benefits of Clean Combustion, Energy for Sustainable Development, Vol. 14, No. 2, pp. 63-72, 
https://hero.epa.gov/hero/index.cfm/reference/details/reference_id/1006571  
41 
Ministry of Power, Power for all Andaman and Nicobar, 
https://powermin.gov.in/sites/default/files/uploads/joint_initiative_of_govt_of_india_and_andman_nicobar.pdf 
 
Towards a climate-resilient future: Strategies for the Andaman and Nicobar Islands 
March 2025 
PwC 
  
39 
Summary of key 
challenges in Diglipur, 
Mayabunder and 
Ferrargunj 
The proposed measures identified and their justification 
Mangrove conservation and restoration42 
The conservation and restoration of mangroves is crucial for coastal protection, 
biodiversity conservation and carbon sequestration. Conserving and restoring 
mangroves can mitigate the impacts of extreme climate events such as storms 
and tsunamis, reducing climate vulnerability. Mangroves also support fisheries 
and other livelihoods, enhancing food security and economic stability. This 
measure aligns with efforts to combat biodiversity loss and promote sustainable 
development in coastal areas. 
Coconut husk biochar43 
Coconut husk biochar projects offer socio-economic and environmental benefits, 
including job creation in rural areas, from the collection and processing of coconut 
husks to the distribution and sale of biochar. This initiative can transform 
agricultural waste into a value-added product that generates additional income for 
farmers and producers. Biochar also serves as an alternative to firewood while 
sequestering carbon, contributing to climate change mitigation. 
 
 
 
42 
Kumar, R., Conservation and management of mangroves in India, with special reference to the State of Goa and the Middle Andaman 
Islands, https://www.fao.org/4/x8080e/x8080e07.htm  
43 
Ajien, A., Idris, J., Md Sofwan, N., Husen, R., and Seli, H., 2023. Coconut Shell and Husk Biochar: A Review of Production and 
Activation Technology, Economic, Financial Aspect, and Application, Waste Management & Research, 2023, 
https://pmc.ncbi.nlm.nih.gov/articles/PMC9925910/  
 
Towards a climate-resilient future: Strategies for the Andaman and Nicobar Islands 
March 2025 
PwC 
 
 
40 
A summary of the key challenges and expected outcomes from implementing these measures is elaborated in the table below. 
Table 9: Description of benefits from the proposed measure 
Benefits from the 
measures 
Description of the measure-wise benefits 
Agroforestry 
Clean cookstoves 
DRE 
Mangrove conservation 
and restoration 
Coconut husk biochar 
Economic 
• 
Diversified and 
• 
Savings on fuel and 
• 
Lowered energy costs 
• 
Provision of livelihood 
• 
Potential for job 
additional income 
health expenses 
as dependence on 
opportunities such as 
creation from the 
sources 
kerosene, diesel and 
fishing and tourism 
collection and 
other fuel reduce 
processing of coconut 
• 
Improved productivity 
husks to the distribution 
• 
Support for local 
and sale of biochar 
economic development 
and improvements in 
• 
Value-added products 
quality of life 
from agricultural waste, 
potentially generating 
additional income for 
farmers and producers 
Social 
• 
Improved livelihoods 
• 
Improvements in indoor 
air quality and health, 
especially for women 
and children 
• 
Reduced cooking-
related time for women 
• 
Energy security by 
provisioning reliable 
electricity access and 
reduced dependence 
on kerosene/diesel 
• 
Potential 
educational outcomes 
• 
Disaster resilience 
• 
Improved livelihoods 
• 
Reduced indoor air 
pollution compared 
with traditional 
biomass fuels 
 
Towards a climate-resilient future: Strategies for the Andaman and Nicobar Islands 
March 2025 
PwC 
 
 
41 
Benefits from the 
measures 
Description of the measure-wise benefits 
Agroforestry 
Clean cookstoves 
DRE 
Mangrove conservation 
and restoration 
Coconut husk biochar 
Biodiversity 
• 
Mitigation of LULC 
• 
Reduction in reliance 
 
• 
Carbon sequestration 
• 
Enhance soil health 
changes and 
on fuelwood, helping to 
biodiversity loss 
forest preservation 
• 
Habitat protection 
• 
Alternative to fuelwood  
• 
Provisioning of 
• 
Biochar production 
ecosystem services 
sequesters carbon, 
helping mitigate climate 
change 
Environment 
• 
Improvements in soil 
health 
• 
Protection against 
extreme climate events 
• 
Lowered GHG 
emissions 
• 
Improved air quality 
• 
Reduced GHG 
emissions 
• 
Reduced pollution 
• 
Protection against 
coastal erosion, rising 
sea levels and natural 
disasters 
• 
Biochar production 
sequesters carbon, 
helping mitigate climate 
change 
 
 
 
Towards a climate-resilient future: Strategies for the Andaman and Nicobar Islands 
March 2025 
PwC 
  
42 
 
4. Green finance options 
Green finance has emerged as a crucial mechanism for mobilising financial resources for climate action. It 
encompasses a range of financial instruments and strategies designed to support projects that deliver 
environmental benefits. These instruments facilitate the transition to a low-carbon economy while attracting 
investments aligned with the SDGs. Green financing can enhance access to environmentally friendly goods 
and services, particularly for vulnerable communities, promoting socially equitable growth. Consequently, 
increased investments in businesses through green finance helps them adopt more sustainable practices, 
leading to job creation and economic growth as well as reduced carbon emissions. 
Projects funded through green finance typically include renewable energy and energy efficiency, pollution 
prevention and control, biodiversity conservation, circular economy initiatives, and the sustainable use of 
natural resources and land.44 
4.1. Assessment of the feasible financing options 
Green finance options are diverse, with each offering distinct mechanisms to support environmentally beneficial 
projects. These instruments, which include green bonds and loans and investment and climate funds, 
collectively drive the transition towards sustainability. While each option presents unique advantages and 
challenges, all of them play vital roles in mobilising financial resources to combat climate change and promote 
sustainable development.  
 
 
 
44 
United Nations Environment Programme, n.d. Green Financing. https://www.unep.org/regions/asia-and-pacific/regional-
initiatives/supporting-resource-efficiency/green-financing  
 
Towards a climate-resilient future: Strategies for the Andaman and Nicobar Islands 
March 2025 
PwC 
  
43 
A comprehensive evaluation was conducted to assess the feasibility of available green financing measures. 
The results are presented below: 
Table 10: Evaluation of the green finance options 
Parameter 
Green finance instrument 
Impact 
investment 
Green bonds 
Green loans 
Climate finance 
Carbon markets 
Ease of 
Access 
Medium 
accessibility 
Medium 
accessibility 
Medium 
accessibility 
Low accessibility 
Medium 
accessibility 
Degree of 
flexibility due 
to regulations 
High flexibility 
due to minimal 
regulations 
Low flexibility due 
to extensive 
regulations 
Low flexibility due 
to extensive 
regulations 
Low flexibility due 
to extensive 
regulations 
Medium flexibility 
due to medium 
regulations 
Volatility 
High stability 
High stability 
High stability 
High stability 
Medium stability 
Returns/Value 
Potential for 
medium returns 
Potential for 
medium returns 
Potential for 
medium returns 
Potential for 
medium returns 
Potential for high 
returns 
Scalability 
Moderate 
capacity to 
expand in size 
and impact 
Moderate 
capacity to 
expand in size 
and impact 
Moderate 
capacity to 
expand in size 
and impact 
Moderate 
capacity to 
expand in size 
and impact 
Significant 
capacity to expand 
in size and impact 
Among the green finance mechanisms analysed, carbon markets stand out as a dynamic and scalable 
solution, offering direct financial incentives for emission reduction while fostering innovation across 
industries. Carbon markets mobilise larger volumes of capital compared with the other finance instruments. As 
the global focus on sustainability intensifies, strategically deploying green finance mechanisms will be critical in 
achieving long-term environmental and economic goals. The next chapter explores the feasibility of using 
carbon markets to finance the five measures identified for the three most vulnerable sub-districts in the ANI. 
 
 
 
 
Towards a climate-resilient future: Strategies for the Andaman and Nicobar Islands 
March 2025 
PwC 
  
44 
 
5. Feasibility of carbon markets 
for pilot interventions 
Building on the potential of carbon markets, as discussed in the previous chapter, this chapter examines their 
practical application in the ANI. It assesses the feasibility of leveraging carbon markets to finance proposed 
measures in Diglipur, Mayabunder and Ferrargunj. The analysis aims to identify the most suitable measures for 
carbon market financing and their implementation as pilot projects. 
5.1. Assessing the applicability of carbon markets 
To determine the suitability of the proposed measures for carbon markets, project activities were evaluated 
against the eligibility criteria of relevant methodologies, additionality and baseline conditions. The key findings 
from this assessment are summarised below. 
5.1.1. Agroforestry 
The proposed project activity was assessed against Verra’s VM0047 Afforestation, Reforestation and 
Revegetation45 as well as Gold Standard’s Methodology for Afforestation/Reforestation (A/R) GHG Emission 
Reduction and Sequestration,46 as these methodologies are the most relevant for agroforestry/afforestation, 
reforestation and revegetation (ARR) activities. The assessment indicates that most applicability conditions are 
expected to be met or can be ensured during the project design stage. However, as Diglipur, Mayabunder and 
Ferrargunj are coastal regions, project activities must carefully account for tidal wetlands (including 
mangroves) and organic soils in wetlands. If these conditions apply, the activities may not be eligible 
under these methodologies. 
 
45 
Verra, 2023, VM0047: Afforestation, Reforestation and Revegetation, 
https://verra.org/wpcontent/uploads/2023/09/VM0047_ARR_v1.0-1.pdf  
46 
Gold Standard for the Global Goals, 2024, Methodology for Afforestation/Reforestation 
(A/R) GHGs Emission Reduction & Sequestration, https://globalgoals.goldstandard.org/403-luf-ar-methodology-ghgs-emission-
reduction-and-sequestration-methodology/  
 
Towards a climate-resilient future: Strategies for the Andaman and Nicobar Islands 
March 2025 
PwC 
  
45 
5.1.2. Clean cookstoves 
The proposed project activity was assessed against Verra’s VM0050 Energy Efficiency and Fuel-Switch 
Measures in Cookstoves,47 as well as Gold Standard’s Methodology on Reduced Emissions from Cooking and 
Heating: Technologies and Practices to Displace Decentralized Thermal Energy Consumption (TPDDTEC)48 as 
these methodologies are the most relevant for activities involving the distribution of improved cookstoves in 
communities. The assessment indicates that applicability conditions are expected to be fulfilled or can be 
ensured during project design. No specific barriers have been identified for the three shortlisted sites at 
this stage. 
5.1.3. DRE 
The proposed project activity was assessed against the Verra-approved CDM AMS-I.L. Electrification of rural 
communities using renewable energy.49 This small-scale methodology is well-suited to activities that may 
involve the implementation of renewable energy projects such as rooftop solar photovoltaic systems in rural 
communities to reduce fossil fuel use. An assessment of the proposed measure against this methodology 
indicates that the applicability conditions are expected to be fulfilled or can be ensured during the project 
design stage.  
However, the grid-connected status of households in the baseline scenario must be carefully considered, as 
this methodology applies to cases where consumers were previously unconnected to the national or regional 
grids and are now supplied with electricity from the project activity. It also covers situations where a fraction of 
consumers previously powered by a fossil fuel mini-grid are now supplied with electricity from the project.  
5.1.4. Mangrove restoration 
The proposed project activity was assessed against Verra’s VM0033 Methodology for Tidal Wetland and 
Seagrass Restoration as well as Gold Standard’s Methodology on Sustainable Management of Mangroves as 
these methodologies50 are typically used for mangrove restoration projects. The former replaced the CDM 
methodologies AR-AM0014 (Afforestation and reforestation of degraded mangrove habitats) and AR-AMS0003 
(Afforestation and reforestation project activities implemented on wetlands) in 2022. An assessment against 
these methodologies indicated that that the applicability conditions are expected to be fulfilled or can be 
ensured during the project design stage. No specific barriers are expected for the three shortlisted sites.  
5.1.5. Coconut husk biochar 
The proposed project activity was assessed against Verra’s VM0044 Methodology for Biochar Utilization in Soil 
and Non-Soil Applications51 as well as Puro Earth’s Biochar Methodology52 as these are typically used for 
biochar projects. An assessment against the aforementioned methodologies indicated that that the applicability 
conditions are expected to be fulfilled or can be ensured during the project design stage.  
 
 
 
47 
Verra, 2024, VM0050: Energy Efficiency and Fuel-Switch Measures in Cookstoves, https://verra.org/wp-
content/uploads/2024/10/VM0050-EE-and-Fuel-Switch-Measures-in-Cookstoves-v1.0.pdf 
48 
Gold Standard for the Global Goals, 2021, Reduced Emissions from Cooking and Heating: Technologies and Practices to Displace 
Decentralized Thermal Energy Consumption (TPDDTEC), https://globalgoals.goldstandard.org/407-ee-ics-technologies-and-practices-
to-displace-decentrilized-thermal-energy-tpddtec-consumption/ 
49 
Gold Standard for the Global Goals, 2021, Reduced Emissions from Cooking and Heating: Technologies and Practices to Displace 
Decentralized Thermal Energy Consumption (TP DDTEC), https://globalgoals.goldstandard.org/407-ee-ics-technologies-and-
practices-to-displace-decentrilized-thermal-energy-tpddtec-consumption/ 
50 
Gold Standard for the Global Goals, 2024, Sustainable Management of Mangroves, 
https://globalgoals.goldstandard.org/standards/443_V1.0_BCFW_Sustainable-Management-of-Mangroves.pdf  
51 
Verra, 2023, VM0044: Methodology for Biochar Utilization in Soil and Non-Soil Applications, https://verra.org/wp-
content/uploads/2023/07/VM0044-Methodology-for-Biochar-Utilization-in-Soil-and-Non-Soil-Applications-v1.1.pdf 
52 
Puro Earth, 2022, Biochar Methodology V3, https://7518557.fs1.hubspotusercontent-
na1.net/hubfs/7518557/Supplier%20Documents/Puro.earth%20Biochar%20Methodology.pdf 
 
Towards a climate-resilient future: Strategies for the Andaman and Nicobar Islands 
March 2025 
PwC 
  
46 
However, local use of biochar for agricultural productivity may be limited, as croplands and plantations cover 
only 3% of the ANI’s total area. Additionally, the transportation of biochar over long distances may not comply 
with the applicability conditions of the two methodologies.  
5.2. Estimated carbon credits for the proposed solutions in the 
pilot site(s) 
This section presents the estimated ERs and indicative carbon credit revenue expected from each proposed 
measure. Where sub-district-level data are available, ERs and revenue calculations have been conducted for 
the shortlisted sites. 
5.2.1. Agroforestry 
An assessment of Indian agroforestry/ARR projects registered on Verra was conducted to provide an indicative 
range of ERs per hectare per year. Table 11 presents the list of projects along with their associated ERs: 
Table 11: VCS-registered ARR projects with estimated ERs/ha/annum53 
Country 
Project ID 
Estimated annual 
ERs (tCO2e) 
Project area (ha) 
Estimated ERs/ 
ha/annum 
2552 
22,051 
4,255 
5.2 
 
ia
d
In
2555 
24,074 
4,073 
5.9 
2404 
146,998 
14,969 
9.8 
994 
11,047 
672 
16.4 
689 
5,007 
282 
17.8 
2833 
10,673 
502 
21.3 
3892 
222,923 
8,860 
25.2 
This analysis yielded an average value of 16 ERs per ha per annum. Given that Verified Carbon Standard 
(VCS) ARR projects are priced at approximately USD 10.85 per credit,54 this translates to an indicative 
revenue of USD 173 per ha per annum.  
The specific area (in ha) for the project activity at the three shortlisted sites is yet to be determined using 
primary data on land and satellite imagery. Therefore, the total expected credits per site have not been 
calculated at this stage. 
 
 
 
53 
Verra, 2024, VCS Registry, https://registry.verra.org/app/search/VCS 
54 
Based on consultations with stakeholders/advisory committee 
 
Towards a climate-resilient future: Strategies for the Andaman and Nicobar Islands 
March 2025 
PwC 
  
47 
5.2.2. Clean cookstoves 
An assessment of clean cookstove projects listed on Verra was conducted to estimate an indicative range of 
ERs per ICS per year. The table below presents a list of VCS-registered clean cookstove projects along with 
their estimated ERs: 
Table 12: VCS-registered clean cookstove projects with estimated ERs/IC/annum55 
Country 
Project ID 
Estimated annual 
ERs (tCO2e) 
Proposed number 
of ICS 
Estimated 
ERs/IC/annum 
2942 
1,350,340 
1,000,000 
1.4 
 
ia
d
In
3109 
13,806 
5,839 
2.4 
2908 
44,163 
18,299 
2.4 
4980 
53,191 
20,000 
2.7 
4457 
1,310,160 
400,000 
3.3 
3007 
333,938 
75,000 
4.5 
2922 
449,956 
100,000 
4.5 
2944 
714,973 
151,154 
4.7 
4250 
94,759 
20,000 
4.7 
This analysis yielded an average value of 3.6 ERs per ICS per annum. Given that cookstove projects are 
priced at approximately USD 3.45 per credit,56 this translates to an indicative revenue of USD 12 per ICS 
per annum. 
Based on 2011 Census data,57 firewood remains a significant source of fuel for cooking across Diglipur, 
Mayabunder and Ferrargunj. Assuming the project activity involves deploying ICS across 5% of the households 
dependent on firewood, Table 13 presents the expected ERs per annum and indicative revenue may be 
expected from the shortlisted sites. 
 
 
 
55 
Verra, 2024, VCS Registry, https://registry.verra.org/app/search/VCS 
56 
Based on consultations with stakeholders/advisory committee 
57 
Office of the Registrar General & Census Commissioner, India, n.d., Census Tables: HH-10 Households (excluding institutional 
households) by availability of separate kitchen and type of fuel used for cooking, 2011 
https://censusindia.gov.in/census.website/data/census-tables  
 
Towards a climate-resilient future: Strategies for the Andaman and Nicobar Islands 
March 2025 
PwC 
  
48 
Table 13: Indicative carbon credit revenue (USD/annum) through implementing clean cookstoves58 
Site 
Use of firewood as the 
cooking fuel 
Target ICS 
deployment (~5% 
of total HHs) 
Estimated 
ERs/annum 
Indicative 
revenue 
(USD/annum) 
% of HHs 
Number of 
HHs 
Diglipur 
70% 
7,520 
380 
1,368 
4,720 
Mayabunder 
60% 
3,817 
200 
720 
2,484 
Ferrargunj 
36% 
4,550 
230 
828 
2,857 
5.2.3. DRE 
Based on the 2011 Census, grid-connected electricity and kerosene are significant energy sources for lighting 
needs across the three shortlisted sites (Table 14). While these households may be connected to the grid, 
continuity of electricity access remains a likely issue. Additionally, most grid-connected power generation in 
these areas relies on diesel, which is not a sustainable source of electricity. Therefore, DRE presents a viable 
alternative, offering a more reliable and sustainable power source. 
Table 14: Percentage and number of HHs at the shortlisted sites by main source of lighting59 
Site 
Electricity 
Kerosene 
% of HH 
Number of HH 
% of HH 
Number of HH 
Diglipur 
60% 
6,426 
38% 
4,121 
Mayabunder 
71% 
4,492 
28% 
1,761 
Ferrargunj 
85% 
10,783 
15% 
1,868 
Due to the lack of baseline data on fuel consumption, the below ER calculations were performed after replacing 
1,000 L of diesel and kerosene with DRE solutions. 
 
 
 
58 
Office of the Registrar General & Census Commissioner, India, n.d., Census Tables: HH-10 Households (excluding institutional 
households) by availability of separate kitchen and type of fuel used for cooking, 2011 
https://censusindia.gov.in/census.website/data/census-tables 
59 
Office of the Registrar General & Census Commissioner, India, n.d., Census Tables: HH-07: Households (excluding institutional 
households) by main source of lighting, 2011. https://censusindia.gov.in/census.website/data/census-tables 
 
Towards a climate-resilient future: Strategies for the Andaman and Nicobar Islands 
March 2025 
PwC 
  
49 
Table 15: Indicative carbon credits for DRE 
Fuel type 
Volume replaced 
by DRE (L) 
Emission factor 
(kg CO2/L) 
Emissions avoided 
(kg CO2) 
Carbon credits 
(mtCO2) 
Diesel 
1,000 
2.68 60 
2,680 
2.68 
Kerosene 
1,000 
2.5061 
2,500 
2.50 
5.2.4. Mangrove restoration 
Mangroves are widely known for their high carbon stocks per hectare, with these coastal ecosystems 
sequestering carbon at a rate 10 times greater than mature tropical forests.62 Mangroves globally store around 
8.5 Gt of carbon, highlighting their significance as key carbon sinks or potential sources of emissions if not 
properly conserved.63  
An assessment of mangrove restoration projects listed on Verra was conducted to estimate ERs per hectare 
per year. Given the limited number of projects registered in India, the scope was expanded to include global 
projects. Table 16 presents the list of projects along with their estimated ERs. 
Table 16: VCS-registered mangrove restoration projects with estimated ERs/ha/annum 
Project ID 
Country 
Estimated annual 
ERs (tCO2e) 
Project area (ha) 
Estimated 
ERs/ha/annum 
1318 
Senegal 
48,598 
10,415 
4.7 
2343 
China 
2,554 
380 
6.7 
1463 
India 
51,249 
4,403 
11.6 
1493 
Indonesia 
124,706 
5,000 
24.9 
3155 
Nigeria 
23,851 
600 
39.8 
2088 
Myanmar 
353,871 
5,174 
68.4 
2792 
Myanmar 
70,285 
1,003 
70.1 
1764 
Myanmar 
184,006 
2,146 
85.7 
 
60 
Ministry of New Zealand, 2024. Measuring Emissions: A Guide for Organizations   
61 
United for Efficiency Initiatives, 2017. Establishing the Foundations of a Partnership to Accelerate the Global Market Transformation 
for Efficient Appliances and Equipment. Reducing Black Carbon Emissions by Transitioning to Clean and Sustainable Lightning 
(Nigeria). 
https://www.ccacoalition.org/sites/default/files/resources//2017_Country%2C%20Risk%20and%20Regulatory%20Framework%20Asse
sment%20Summary.pdf 
62 
National Ocean Service, National Oceanic and Atmospheric Administration. n.d. What is Blue Carbon. 
https://oceanservice.noaa.gov/facts/bluecarbon.html  
63 
World Bank, 2024. The Changing Wealth of Nations - Estimating Global Carbon Storage of Mangrove Ecosystems. Washington, D.C.: 
World Bank Group. https://thedocs.worldbank.org/en/doc/6ddb5b7d3adb1684b84a388a2784bcd9-0320052024/original/WorldBank-
CWON-MangroveCarbonStocks-14Nov2024-Final.pdf 
 
Towards a climate-resilient future: Strategies for the Andaman and Nicobar Islands 
March 2025 
PwC 
  
50 
This yielded an average value of 39 ERs per ha per annum. Given that mangrove restoration projects are 
priced at an average of USD 24 per credit,64 this translates to an indicative revenue of USD 936 per ha per 
annum. Notably, the specific project area (in ha) at the three shortlisted sites is currently unavailable through 
secondary research; therefore, the total expected credits per site have not been calculated. The variation in 
estimates between the projects may be due to differences in species and geographic conditions. Based on the 
above-registered projects in India, mangrove restoration activities may generate an indicative revenue of USD 
278 per ha per annum. 
5.2.5. Coconut husk biochar 
The use of biochar can generate carbon credits in the range of 1.5–3 tCO2e per tonne of biochar depending 
on feedstock type.65 Other influencing factors include biochar composition (carbon percentage, bulk density and 
dry weight) and fossil fuel consumption during biomass processing or biochar production.66 Based on this 
range, indicative revenues fall between USD 245–495 per tonne, according to Puro Earth’s Biochar Price 
Index, which estimated a result of EUR 158 per tonne as of November 2024 (approximately USD 165).67 
 
 
 
64 
Based on consultations with stakeholders/advisory committee 
65 
Based on consultations with stakeholders/advisory committee 
66 
Based on consultations with stakeholders/advisory committee 
67 
Puro Earth, n.d. CORC Carbon Removal Price Indexes. https://puro.earth/corc-carbon-removal-indexes  
 
Towards a climate-resilient future: Strategies for the Andaman and Nicobar Islands 
March 2025 
PwC 
 
 
51 
5.3. Final measures for implementation as a pilot 
The assessment of the proposed activities, namely, agroforestry, clean cookstoves, DRE, mangrove restoration and coconut husk biochar, against relevant 
methodologies, indicated that applicability conditions are expected to be fulfilled or can be ensured during the project design stage. Therefore, from a methodological 
point of view, no major feasibility challenges are anticipated across these five measures.  
An indicative carbon credit assessment was conducted for each proposed measure; however, site-specific data were only available for the clean cookstove project. As 
part of the pilot projects, the collection of primary data is necessary to accurately determine the carbon market potential of the proposed activities. 
As summarised in Table 17, mangrove restoration, clean cookstoves and DRE emerge as particularly promising options among the five proposed measures, 
considering credit price and SDG alignment. Mangroves in India have declined by almost 15% between 1989 and 2021.68 Carbon financing can play a key role in 
reversing this trend by providing funding and incentives for large-scale mangrove restoration projects, supporting carbon sequestration, coastal resilience and biodiversity. 
Additionally, the ANI’s dependence on the mainland for energy security, along with its reliance on diesel-based power, highlights the need for sustainable energy 
solutions. DRE systems could reduce this dependence, providing more stable, sustainable and secure energy for the shortlisted sites. Finally, the reliance on firewood for 
cooking means that clean cookstoves can be a viable solution in the shortlisted sites, and their inclusion in India’s Article 6.2 whitelist of 14 technologies offers an 
additional advantage in attracting international finance to enhance climate mitigation efforts in India. 
Table 17: Carbon market feasibility: Summary of the findings for the proposed measures 
Proposed 
measure 
Methodology 
alignment 
Estimated ERs 
Indicative price/credit Additionality (SDG alignment) 
Additional observations 
Agroforestry 
• 
Generally aligned 
16 tCO2e/ha/annum 
USD 10.85 
• 
SDG 1: No poverty: By 
Pros: 
with applicability 
enhancing agricultural 
conditions.  
productivity and income 
• 
Tested methodology 
through integrated tree and 
• 
However, the 
crop farming 
• 
High credit-generation 
presence of tidal 
capacity 
wetland and 
• 
SDG 2: Zero hunger: By 
organic soils must 
improving food security and 
 
be checked in the 
nutrition through diversified 
 
project area. 
farming systems 
 
 
68 
Forest Survey of India, State of Forest Report - Chapter 3: Mangrove Cover, 2021, https://fsi.nic.in/isfr-2021/chapter-3.pdf  
 
Towards a climate-resilient future: Strategies for the Andaman and Nicobar Islands 
March 2025 
PwC 
 
 
52 
Proposed 
measure 
Methodology 
alignment 
Estimated ERs 
Indicative price/credit Additionality (SDG alignment) 
Additional observations 
• 
SDG 13: Climate action: By 
Cons: 
sequestering carbon and 
mitigating climate change 
• 
Agroforestry may not be 
applicable in the ANI due to 
• 
SDG 15: Life on land: By 
the predominance of 
promoting sustainable use of 
monocropping compared with 
terrestrial ecosystems and 
mixed farming practices.69 
preventing deforestation 
Clean cookstoves 
• 
Generally aligned 
with applicability 
conditions. 
3.6 tCO2e/ICS/annum 
• 
Estimated 
ERs/annum for the 
project sites: 
Diglipur: 1,368 
Mayabunder: 720 
Ferrargunj: 828 
USD 3.45 
• 
SDG 3: Good health and 
wellbeing: By reducing indoor 
air pollution and associated 
health risks 
• 
SDG 7: Affordable and clean 
energy: By providing access 
to clean and efficient energy 
for cooking 
• 
SDG 13: Climate action: By 
reducing emissions from 
traditional cooking methods 
• 
SDG 5: Gender equality: By 
decreasing the time women 
and girls spend collecting 
firewood, empowering them 
with more time for education 
and other activities 
Pros: 
• 
Tested methodology 
• 
Inclusion in India’s A6.2 
whitelist  
Cons: 
• 
Elements like baselining and 
additionality would have to be 
carefully considered.  
 
69 
Ministry of Statistics and Programme Implementation, n.d. Methods of Estimating Area under Mixed Crops   
 
Towards a climate-resilient future: Strategies for the Andaman and Nicobar Islands 
March 2025 
PwC 
 
 
53 
Proposed 
measure 
Methodology 
alignment 
Estimated ERs 
Indicative price/credit Additionality (SDG alignment) 
Additional observations 
DRE 
• 
Generally aligned 
• 
Diesel: 2.68 tCO2 
Prices for RE projects 
• 
SDG 7: Affordable and clean 
Pros: 
with applicability 
per 1,000 L 
range from USD 
energy: By increasing access 
conditions  
1.8/credit to 
to renewable and sustainable High potential to address the 
• 
Kerosene: 2.50 
2.8/credit.70 However, 
energy sources 
ANI’s fossil fuel dependency and 
• 
However, the grid-
tCO2 per 1,000 L 
community-based RE 
energy security issues 
connectedness of 
projects may fetch 
• 
SDG 1: No poverty: By 
the HHs must be 
higher prices, 
reducing energy costs and 
Cons: 
confirmed to check 
averaging around USD 
fostering economic 
if the baseline 
5/credit. 
development 
The level of grid-connectedness 
scenario is suitable. 
of HHs in the shortlisted sites 
• 
SDG 13: Climate action: By 
must be confirmed before 
reducing reliance on fossil 
determining alignment with the 
fuels and lowering GHG 
methodology. 
emissions 
• 
SDG 9: Industry, Innovation 
and Infrastructure: By 
promoting resilient 
infrastructure and fostering 
innovation 
 
70 
Based on consultations with stakeholders and advisory committee 
 
Towards a climate-resilient future: Strategies for the Andaman and Nicobar Islands 
March 2025 
PwC 
 
 
54 
Proposed 
measure 
Methodology 
alignment 
Estimated ERs 
Indicative price/credit Additionality (SDG alignment) 
Additional observations 
Mangrove 
restoration 
• 
Generally aligned 
with applicability 
conditions 
39 tCO2e/ha/annum 
USD 24 
• 
SDG 13: Climate action: By 
sequestering carbon and 
protecting coastal areas from 
storm surges 
• 
SDG 14: Life below water: By 
preserving marine 
ecosystems and biodiversity 
• 
SDG 15: Life on land: By 
promoting the conservation 
and restoration of terrestrial 
ecosystems 
• 
SDG 6: Clean water and 
sanitation: By improving 
water quality and preventing 
soil erosion 
Pros: 
• 
Potential to fetch premium 
prices in the VCM 
• 
Strong linkage with 
economic, social and 
biodiversity-related benefits 
Cons: 
• 
Potential challenges with 
community engagement due 
to trade-offs with higher 
market-value activities such 
as aquaculture 
Coconut husk 
• 
Generally aligned 
1.5–3 tCO2e per tonne 
USD 245–495 per 
• 
SDG 13: Climate action: By 
Pros: 
biochar 
with applicability 
tonne 
sequestering carbon and 
conditions 
enhancing soil resilience to 
• 
Coconuts are the 
climate impacts 
predominant plantation crops 
in the ANI, with coconut 
• 
SDG 12: Responsible 
husks having high potential 
consumption and production: 
for use as biochar 
By utilising agricultural waste 
feedstock.71 
efficiently, reducing waste 
and promoting sustainable 
• 
Potential to fetch premium 
practices 
prices in the VCM 
 
71 
Coconut Development Board, 2022. ICJ Report on Coconut-Based Products. https://coconutboard.gov.in/docs/icj/icj-2022-01.pdf  
 
Towards a climate-resilient future: Strategies for the Andaman and Nicobar Islands 
March 2025 
PwC 
 
 
55 
Proposed 
measure 
Methodology 
alignment 
Estimated ERs 
Indicative price/credit Additionality (SDG alignment) 
Additional observations 
• 
SDG 15: Life on land: By 
• 
Strong linkages with 
enhancing soil health and 
economic, social and 
promoting sustainable land 
environmental benefits 
use, contributing to 
ecosystem conservation 
Cons: 
and restoration 
• 
The local use of biochar to 
boost agricultural productivity 
may be restricted because 
croplands and plantations 
occupy approximately 3% of 
the ANI’s total area.  
• 
There is a risk that the 
transportation of biochar over 
long distances may not 
comply with the applicability 
conditions of Verra and 
Puro Earth.  
• 
Some businesses in the ANI 
currently purchase and 
supply coconut husk to the 
coir industry. Consequently, 
project developers may need 
to offer farmers higher prices 
to compensate for their 
income from selling the 
coconut husk to these 
enterprises to allocate the 
husk for biochar 
production instead. 
 
 
Towards a climate-resilient future: Strategies for the Andaman and Nicobar Islands 
March 2025 
PwC 
  
56 
 
6. The way forward 
This study presents a climate-resilient development model for the ANI, integrating adaptation and mitigation 
actions. The broad aim is to foster socio-economic development while addressing the pressing challenges 
posed by climate change. Based on the regions that faced the most significant socio-economic, climatic and 
biodiversity-related challenges, we identified the most vulnerable locations in the ANI and finalised three 
measures – mangrove restoration, clean cookstoves and DRE – for pilot project development. Finally, we 
narrowed down on carbon markets as a key financing mechanism for implementing the proposed measures. 
Among these solutions, mangrove restoration stands out due to its high carbon sequestration potential and 
additional co-benefits. As one of the three main blue carbon ecosystems in the ANI, mangroves offer largely 
unexplored opportunities in the region. In this regard, carbon markets can serve as a key financing tool, 
leveraging the high sequestration potential of mangroves while addressing the high costs associated with such 
a restoration project.  
Our interactions with experts led to the emergence of several key points, clarifying the criticality of financing 
measures for implementing carbon market projects. Indian corporates have shown interest in investing in 
carbon market-related projects, particularly in mangrove conservation and restoration due to their niche credit 
nature. However, concerns about credit quality have made them hesitant to invest heavily. While CSR funding 
is a potential avenue for funding, it is often limited and insufficient for high-cost initiatives such as mangrove 
restoration and agroforestry. Additionally, companies in India prefer directing CSR funds towards geographies 
where they have an operational presence or footprint, unlike international companies, which are investing 
significantly in carbon- and nature-based solutions. 
 
 
 
Towards a climate-resilient future: Strategies for the Andaman and Nicobar Islands 
March 2025 
PwC 
  
57 
To attract investors, it is essential to develop a strong business case that clearly defines the project scope, 
funding schemes and revenue projections to provide a clear understanding of the project and the timeline for 
returns on investment. Baseline condition assessments are crucial for determining the projects’ economic 
viability. Clear implementation structures, such as involving non-governmental and farmer producer 
organisations in addressing on-ground challenges, along with digital monitoring systems to maintain carbon 
credit quality and value, are necessary. Large-scale implementation is critical for maximising carbon credits and 
ensuring the projects’ viability. Challenges such as land ownership, particularly in mangrove restoration and 
agroforestry, require site-based, micro-level assessments as a key next step. 
In the next phase, this study’s findings will guide the implementation of pilot initiatives in vulnerable locations in 
the ANI and the development of a carbon market project covering mitigation and adaptation. It will also explore 
private and public funding sources. It will involve two strategic components: Implementing measures through 
pilot projects and developing the carbon market project. Key activities in the implementation phase of the pilot 
projects will include identifying implementation partners, selecting sites, engaging with communities and other 
stakeholders, conducting site-specific assessments and exploring the feasibility of technical and financial 
assistance from development agencies. Likewise, for the carbon market project, the next steps will include 
developing a comprehensive PDD, securing third-party validation of the PDD to ensure compliance with carbon 
standards, registering the project and issuing carbon credits. 
 
 
 
Towards a climate-resilient future: Strategies for the Andaman and Nicobar Islands 
March 2025 
PwC 
 
 
58 
7. Annexures 
Annexure A: Scale used for evaluating green financing options 
Parameter and description 
Scoring and interpretation 
Low 
Medium 
High 
Ease of access 
How easily investors and stakeholders can access each type 
of green finance instrument. It considers factors such as 
market availability, entry barriers and the complexity of the 
investment process. 
Limited accessibility with 
significant entry barriers and/or 
specialised expertise needed. 
Accessible with some entry 
barriers or specialised knowledge 
required. 
Widely accessible with low entry 
barriers and established market 
presence. 
Degree of flexibility due to regulations 
The extent to which entities face policies and institutional 
frameworks regulating each type of green finance instrument. 
This parameter considers level of oversight and compliance 
requirements. 
Low flexibility due to extensive 
regulations with detailed 
compliance obligations and 
stringent regulatory 
requirements. 
Medium flexibility due to 
moderate regulations allowing 
entities some freedom to operate 
while adhering to necessary 
regulatory requirements. 
High flexibility due to minimal 
regulation, allowing entities to 
enjoy significant degree of 
freedom in their operations and 
decision-making processes. 
Volatility 
The stability and predictability of returns associated with each 
type of green finance instrument. This parameter considers 
potential price fluctuations and market instability. 
Low stability with significant 
potential for price fluctuations 
and market volatility. 
Moderate stability with some 
potential for price fluctuations 
and market variability. 
High stability with predictable 
returns and minimal price 
fluctuations. 
 
Towards a climate-resilient future: Strategies for the Andaman and Nicobar Islands 
March 2025 
PwC 
 
 
59 
Parameter and description 
Scoring and interpretation 
Low 
Medium 
High 
Returns/value 
The financial returns and overall value generated by each 
type of green finance instrument. This parameter considers 
monetary returns and nonfinancial benefits such as social and 
environmental impact. 
Limited potential for financial 
returns and/or minimal social or 
environmental impact. 
Potential for moderate financial 
returns with notable social or 
environmental impact. 
Potential for significant financial 
returns along with substantial 
social or environmental impact. 
Scalability 
The financial instrument’s ability to grow and expand in scope, 
size and impact without compromising on performance or 
efficiency. 
Investments are limited in their 
capacity to grow in size and 
impact, and expansion may lead 
to decreased performance or 
efficiency. 
Investments can moderately 
expand in size and impact but 
may encounter limitations or 
diminishing returns. 
Investments can significantly 
increase in size and impact, 
accommodating large volumes or 
an extensive geographic spread. 
 
 
 
Towards a climate-resilient future: Strategies for the Andaman and Nicobar Islands 
March 2025 
PwC 
 
 
60 
Annexure B: Indicative costs associated with carbon markets 
Verra 
Table B1: Costs applicable during the VCS project cycle 
Fee 
Rate 
Validation fee (one-time fee levied by validation and verification bodies or 
designated operational entity) 
USD 17,000–40,000 (depending on project type and size) 
Verification fee (recurring cost during each verification) 
USD 14,000–30,000 (depending on project type) 
Consultancy fee (for PDD preparation, other documentation and advisory services 
during the project cycle) 
USD 11,000–35,000 (depending on services provided) 
Table B2: Fees payable as per VCS schedule 
Fee 
Rate 
Account opening fee 
USD 500 for each account opened with the Verra Registry, payable in full at 
account approval 
Account maintenance fee 
USD 500 per year for each account, payable in full at account approval and 
subsequently in January of each year 
Pipeline listing request fee 
USD 1,000 for each pipeline listing request, payable at the time of the request 
Project registration request review fee 
USD 2,500 for each project registration request, payable at the time of the request 
 
Towards a climate-resilient future: Strategies for the Andaman and Nicobar Islands 
March 2025 
PwC 
 
 
61 
Fee 
Rate 
VCU issuance levy, including conversion of GHG credits from approved 
GHG programmes 
USD 0.20 per VCU, payable at the time of the issuance request. 
Gold Standard  
Table B3: Fees payable as per the Gold Standard schedule 
Certification 
stage 
Preliminary 
review fee 
Project 
design 
review 
Performance 
review 
Issuance (first year, 
i.e. 365 days) 
Subsequent 
issuance (second 
year onwards) 
Crediting 
period 
renewal 
Issuance (first year 
after CP renewal, i.e. 
365 days) 
Subsequent issuance 
(sixth year onwards) 
CASH 
SOP* 
CASH 
SOP 
CASH 
SOP* 
CASH 
SOP* 
GS voluntary 
emission 
reduction 
Charged by 
third-party 
certification 
body 
(currently, 
SustainCERT) 
USD 0.15 
per credit 
(ex-ante 
estimation 
for the first 
year) minus 
USD 900 
credited 
from the 
preliminary 
review fee 
Charged by 
third-party 
certification 
body 
(currently, 
SustainCERT) 
USD 0.15 per 
credit (ex-post 
requested) 
minus USD 
1,000 credited 
from the 
performance 
review fee 
USD 0.30 per 
credit (ex-post 
requested) 
minus USD 
1,000 credited 
from the 
performance 
review fee 
USD 0.10 per 
credit + 2% 
credits (ex-
post 
requested) 
minus USD 
1,000 credited 
from the 
performance 
review fee 
USD 0.15 
per credit 
(ex-ante 
estimation 
for the first 
year of the 
subsequent 
crediting 
period) 
USD 0.15 per 
credit (ex-post 
requested) 
minus USD 
1,000 credited 
from the 
performance 
review fee 
USD 0.30 per 
credit (ex-post 
requested) 
minus USD 
1,000 credited 
from the 
performance 
review fee 
USD 0.10 per 
credit + 2% 
credits (ex-
post 
requested) 
minus USD 
1,000 credited 
from the 
performance 
review fee 
Land use 
and forestry 
carbon 
USD 0.30 per 
credit 
USD 0.30 per 
credit 
N/A 
Charged by 
third-party 
certification 
body 
USD 0.30 per 
credit 
USD 0.30 per 
credit 
N/A 
*SOP- Share of Proceed 
 
Towards a climate-resilient future: Strategies for the Andaman and Nicobar Islands 
March 2025 
PwC 
  
62 
Acknowledgements 
This white paper was jointly developed by PwC India and the PwC India Foundation, drawing upon inputs 
from a diverse range of stakeholders including businesses, government entities, multilateral agencies and 
INGOs/NGOs. We thank our stakeholders for participating in the consultations and sharing their 
valuable insights. 
Advisory committee 
• 
Ankit Todi, CSO, Mahindra Group 
• 
Dr Nilanjan Ghosh, Vice President – Development Studies and Senior Director- Kolkata Centre, ORF 
• 
Sandeep Roy Choudhury, Director, Value Network Ventures Advisory Services Pvt. Ltd. 
• 
Somya Bhatt, Project Specialist, UNDP India 
 
 
 
Towards a climate-resilient future: Strategies for the Andaman and Nicobar Islands 
March 2025 
PwC 
  
63 
About PwC 
At PwC, our purpose is to build trust in society and solve important problems. We’re a network of firms in 151 
countries with over 360,000 people who are committed to delivering quality in assurance, advisory and tax 
services. Find out more and tell us what matters to you by visiting us at www.pwc.com. 
PwC refers to the PwC network and/or one or more of its member firms, each of which is a separate legal 
entity. Please see www.pwc.com/structure for further details. 
© 2025 PwC. All rights reserved. 
 
Contributors 
PwC India 
PwC India Foundation 
Madhura Mitra, Managing Director, 
One Consulting – Climate and Energy 
Syed A A Farhan, Associate Director, 
One Consulting – Climate and Energy 
Dr Anjan Katna, Associate Director, 
One Consulting – Climate and Energy 
Dr Shouvik Das, Manager, 
One Consulting – Climate and Energy 
Kaveri Gogoi, Senior Associate, 
One Consulting – Climate and Energy 
Ritika Sowda, Associate, 
One Consulting – Climate and Energy 
Shiv Bhatia, Specialist, 
One Consulting – Climate and Energy 
Jaivir Singh, Vice Chairman, 
PwC India Foundation, and Leader of the Global 
Office for Humanitarian Affairs 
Punyasil Yonzon, Senior Associate, 
PwC India Foundation 
Abhiir Bhalla, Specialist, 
PwC India Foundation 
Editorial support 
Design support 
Rashi Gupta 
G Gnanaraj 
 
Download the report using the QR code below: 
 
 
 
 
 
Data Classification: DC0 (Public) 
In this document, PwC refers to PricewaterhouseCoopers Private Limited (a limited liability company in India having CorporateIdentity 
Number or CIN : U74140WB1983PTC036093), which is a member firm of PricewaterhouseCoopers International Limited (PwCIL), each 
member firm of which is a separate legal entity. 
This document does not constitute professional advice. The information in this document has been obtained or derived from sources 
believed by PricewaterhouseCoopers Private Limited (PwCPL) to be reliable but PwCPLdoes not represent that this information is accurate 
or complete. Any opinions or estimates contained in this document represent the judgment of PwCPLat this time and are subject to change 
without notice. Readers of this publication are advised to seek their own professional advice before takingany course of action or decision, 
for which they are entirely responsible, based on the contents of this publication. PwCPLneither accepts or assumes any responsibility or 
liability to any reader of this publication in respect of the information contained within it or for any decisions readers may take or decide not 
to or fail to take. 
© 2025 PricewaterhouseCoopers Private Limited. All rights reserved. 
GG/March 2025  – M&C 44207",2025-03-04,PWC
